2026-07-28T10:01:38.764634841Z Cluster: Node N3 - Election timeout elapsed. starting election.
2026-07-28T10:01:38.765929256Z Cluster: Candidate N3 Broadcasting message to all nodes: {"term":1,"candidateId":"N3","lastLogIndex":-1,"lastLogTerm":0,"level":"Cluster","type":"RequestVote","version":0}
2026-07-28T10:01:38.770976525Z Cluster: follower N2 received: {"term":1,"candidateId":"N3","lastLogIndex":-1,"lastLogTerm":0,"level":"Cluster","type":"RequestVote","version":0}
2026-07-28T10:01:38.771160866Z Cluster: Follower N2 received: {"term":1,"candidateId":"N3","lastLogIndex":-1,"lastLogTerm":0,"level":"Cluster","type":"RequestVote","version":0}
2026-07-28T10:01:38.771527686Z Sending message to node N3: {"term":1,"senderId":"N2","voteGranted":true,"level":"Cluster","type":"RequestVoteReply","version":0}
2026-07-28T10:01:38.773381661Z Cluster: candidate N3 received: {"term":1,"senderId":"N2","voteGranted":true,"level":"Cluster","type":"RequestVoteReply","version":0}
2026-07-28T10:01:38.773627043Z Cluster: Node N3 - Leader sending heartbeats.
2026-07-28T10:01:38.773948391Z Cluster: leader node: N3 broadcasting append entries message
2026-07-28T10:01:38.776572066Z Sending message to node N2: {"term":1,"leaderId":"N3","prevLogIndex":-1,"prevLogTerm":0,"leaderCommit":-1,"level":"Cluster","type":"AppendEntries","version":0}
2026-07-28T10:01:38.777073526Z Sending message to node N1: {"term":1,"leaderId":"N3","prevLogIndex":-1,"prevLogTerm":0,"leaderCommit":-1,"level":"Cluster","type":"AppendEntries","version":0}
2026-07-28T10:01:38.779874071Z Cluster: follower N2 received: {"term":1,"leaderId":"N3","prevLogIndex":-1,"prevLogTerm":0,"leaderCommit":-1,"level":"Cluster","type":"AppendEntries","version":0}
2026-07-28T10:01:38.782701512Z Node N2 Cluster: commiting upto index -1
2026-07-28T10:01:38.784018299Z Sending message to node N3: {"term":1,"senderId":"N2","success":true,"matchIndex":-1,"level":"Cluster","type":"AppendEntriesReply","version":0}
2026-07-28T10:01:38.785093309Z Cluster: follower N1 received: {"term":1,"candidateId":"N3","lastLogIndex":-1,"lastLogTerm":0,"level":"Cluster","type":"RequestVote","version":0}
2026-07-28T10:01:38.785477435Z Cluster: Follower N1 received: {"term":1,"candidateId":"N3","lastLogIndex":-1,"lastLogTerm":0,"level":"Cluster","type":"RequestVote","version":0}
2026-07-28T10:01:38.785653988Z Cluster: leader N3 received: {"term":1,"senderId":"N2","success":true,"matchIndex":-1,"level":"Cluster","type":"AppendEntriesReply","version":0}
2026-07-28T10:01:38.785995816Z Sending message to node N3: {"term":1,"senderId":"N1","voteGranted":true,"level":"Cluster","type":"RequestVoteReply","version":0}
2026-07-28T10:01:38.786614359Z Cluster: leader N3 received: {"term":1,"senderId":"N1","voteGranted":true,"level":"Cluster","type":"RequestVoteReply","version":0}
2026-07-28T10:01:38.787637889Z Cluster: follower N1 received: {"term":1,"leaderId":"N3","prevLogIndex":-1,"prevLogTerm":0,"leaderCommit":-1,"level":"Cluster","type":"AppendEntries","version":0}
2026-07-28T10:01:38.791381341Z Node N1 Cluster: commiting upto index -1
2026-07-28T10:01:38.792169867Z Sending message to node N3: {"term":1,"senderId":"N1","success":true,"matchIndex":-1,"level":"Cluster","type":"AppendEntriesReply","version":0}
2026-07-28T10:01:38.793243680Z Cluster: leader N3 received: {"term":1,"senderId":"N1","success":true,"matchIndex":-1,"level":"Cluster","type":"AppendEntriesReply","version":0}
2026-07-28T10:01:39.794316917Z Cluster: Node N3 - Leader sending heartbeats.
2026-07-28T10:01:39.795197233Z Cluster: leader node: N3 broadcasting append entries message
2026-07-28T10:01:39.795965632Z Sending message to node N2: {"term":1,"leaderId":"N3","prevLogIndex":-1,"prevLogTerm":0,"leaderCommit":-1,"level":"Cluster","type":"AppendEntries","version":0}
2026-07-28T10:01:39.797473260Z Sending message to node N1: {"term":1,"leaderId":"N3","prevLogIndex":-1,"prevLogTerm":0,"leaderCommit":-1,"level":"Cluster","type":"AppendEntries","version":0}
2026-07-28T10:01:39.799497514Z Cluster: follower N2 received: {"term":1,"leaderId":"N3","prevLogIndex":-1,"prevLogTerm":0,"leaderCommit":-1,"level":"Cluster","type":"AppendEntries","version":0}
2026-07-28T10:01:39.799969368Z Cluster: follower N1 received: {"term":1,"leaderId":"N3","prevLogIndex":-1,"prevLogTerm":0,"leaderCommit":-1,"level":"Cluster","type":"AppendEntries","version":0}
2026-07-28T10:01:39.799923680Z Node N2 Cluster: commiting upto index -1
2026-07-28T10:01:39.800373341Z Node N1 Cluster: commiting upto index -1
2026-07-28T10:01:39.801156770Z Sending message to node N3: {"term":1,"senderId":"N1","success":true,"matchIndex":-1,"level":"Cluster","type":"AppendEntriesReply","version":0}
2026-07-28T10:01:39.800598785Z Sending message to node N3: {"term":1,"senderId":"N2","success":true,"matchIndex":-1,"level":"Cluster","type":"AppendEntriesReply","version":0}
2026-07-28T10:01:39.803072912Z Cluster: leader N3 received: {"term":1,"senderId":"N1","success":true,"matchIndex":-1,"level":"Cluster","type":"AppendEntriesReply","version":0}
2026-07-28T10:01:39.804354277Z Cluster: leader N3 received: {"term":1,"senderId":"N2","success":true,"matchIndex":-1,"level":"Cluster","type":"AppendEntriesReply","version":0}
2026-07-28T10:01:40.805489673Z Cluster: Node N3 - Leader sending heartbeats.
2026-07-28T10:01:40.806155428Z Cluster: leader node: N3 broadcasting append entries message
2026-07-28T10:01:40.807049915Z Sending message to node N2: {"term":1,"leaderId":"N3","prevLogIndex":-1,"prevLogTerm":0,"leaderCommit":-1,"level":"Cluster","type":"AppendEntries","version":0}
2026-07-28T10:01:40.808309236Z Sending message to node N1: {"term":1,"leaderId":"N3","prevLogIndex":-1,"prevLogTerm":0,"leaderCommit":-1,"level":"Cluster","type":"AppendEntries","version":0}
2026-07-28T10:01:40.812766591Z Cluster: follower N2 received: {"term":1,"leaderId":"N3","prevLogIndex":-1,"prevLogTerm":0,"leaderCommit":-1,"level":"Cluster","type":"AppendEntries","version":0}
2026-07-28T10:01:40.813130875Z Node N2 Cluster: commiting upto index -1
2026-07-28T10:01:40.813445662Z Sending message to node N3: {"term":1,"senderId":"N2","success":true,"matchIndex":-1,"level":"Cluster","type":"AppendEntriesReply","version":0}
2026-07-28T10:01:40.815806647Z Cluster: follower N1 received: {"term":1,"leaderId":"N3","prevLogIndex":-1,"prevLogTerm":0,"leaderCommit":-1,"level":"Cluster","type":"AppendEntries","version":0}
2026-07-28T10:01:40.816026445Z Cluster: leader N3 received: {"term":1,"senderId":"N2","success":true,"matchIndex":-1,"level":"Cluster","type":"AppendEntriesReply","version":0}
2026-07-28T10:01:40.816222484Z Node N1 Cluster: commiting upto index -1
2026-07-28T10:01:40.816720455Z Sending message to node N3: {"term":1,"senderId":"N1","success":true,"matchIndex":-1,"level":"Cluster","type":"AppendEntriesReply","version":0}
2026-07-28T10:01:40.818458221Z Cluster: leader N3 received: {"term":1,"senderId":"N1","success":true,"matchIndex":-1,"level":"Cluster","type":"AppendEntriesReply","version":0}
2026-07-28T10:01:41.819651808Z Cluster: Node N3 - Leader sending heartbeats.
2026-07-28T10:01:41.820248133Z Cluster: leader node: N3 broadcasting append entries message
2026-07-28T10:01:41.821066338Z Sending message to node N2: {"term":1,"leaderId":"N3","prevLogIndex":-1,"prevLogTerm":0,"leaderCommit":-1,"level":"Cluster","type":"AppendEntries","version":0}
2026-07-28T10:01:41.822209062Z Sending message to node N1: {"term":1,"leaderId":"N3","prevLogIndex":-1,"prevLogTerm":0,"leaderCommit":-1,"level":"Cluster","type":"AppendEntries","version":0}
2026-07-28T10:01:41.825304091Z Cluster: follower N1 received: {"term":1,"leaderId":"N3","prevLogIndex":-1,"prevLogTerm":0,"leaderCommit":-1,"level":"Cluster","type":"AppendEntries","version":0}
2026-07-28T10:01:41.825445846Z Cluster: follower N2 received: {"term":1,"leaderId":"N3","prevLogIndex":-1,"prevLogTerm":0,"leaderCommit":-1,"level":"Cluster","type":"AppendEntries","version":0}
2026-07-28T10:01:41.825844605Z Node N1 Cluster: commiting upto index -1
2026-07-28T10:01:41.826041694Z Node N2 Cluster: commiting upto index -1
2026-07-28T10:01:41.826242512Z Sending message to node N3: {"term":1,"senderId":"N1","success":true,"matchIndex":-1,"level":"Cluster","type":"AppendEntriesReply","version":0}
2026-07-28T10:01:41.826461391Z Sending message to node N3: {"term":1,"senderId":"N2","success":true,"matchIndex":-1,"level":"Cluster","type":"AppendEntriesReply","version":0}
2026-07-28T10:01:41.827491622Z Cluster: leader N3 received: {"term":1,"senderId":"N1","success":true,"matchIndex":-1,"level":"Cluster","type":"AppendEntriesReply","version":0}
2026-07-28T10:01:41.827875410Z Cluster: leader N3 received: {"term":1,"senderId":"N2","success":true,"matchIndex":-1,"level":"Cluster","type":"AppendEntriesReply","version":0}
2026-07-28T10:01:42.828273299Z Cluster: Node N3 - Leader sending heartbeats.
2026-07-28T10:01:42.828826421Z Cluster: leader node: N3 broadcasting append entries message
2026-07-28T10:01:42.829221607Z Sending message to node N2: {"term":1,"leaderId":"N3","prevLogIndex":-1,"prevLogTerm":0,"leaderCommit":-1,"level":"Cluster","type":"AppendEntries","version":0}
2026-07-28T10:01:42.829964220Z Sending message to node N1: {"term":1,"leaderId":"N3","prevLogIndex":-1,"prevLogTerm":0,"leaderCommit":-1,"level":"Cluster","type":"AppendEntries","version":0}
2026-07-28T10:01:42.833146166Z Cluster: follower N1 received: {"term":1,"leaderId":"N3","prevLogIndex":-1,"prevLogTerm":0,"leaderCommit":-1,"level":"Cluster","type":"AppendEntries","version":0}
2026-07-28T10:01:42.833237174Z Cluster: follower N2 received: {"term":1,"leaderId":"N3","prevLogIndex":-1,"prevLogTerm":0,"leaderCommit":-1,"level":"Cluster","type":"AppendEntries","version":0}
2026-07-28T10:01:42.833372808Z Node N1 Cluster: commiting upto index -1
2026-07-28T10:01:42.833481360Z Node N2 Cluster: commiting upto index -1
2026-07-28T10:01:42.833845522Z Sending message to node N3: {"term":1,"senderId":"N2","success":true,"matchIndex":-1,"level":"Cluster","type":"AppendEntriesReply","version":0}
2026-07-28T10:01:42.833706962Z Sending message to node N3: {"term":1,"senderId":"N1","success":true,"matchIndex":-1,"level":"Cluster","type":"AppendEntriesReply","version":0}
2026-07-28T10:01:42.837349532Z Cluster: leader N3 received: {"term":1,"senderId":"N2","success":true,"matchIndex":-1,"level":"Cluster","type":"AppendEntriesReply","version":0}
2026-07-28T10:01:42.840667889Z Cluster: leader N3 received: {"term":1,"senderId":"N1","success":true,"matchIndex":-1,"level":"Cluster","type":"AppendEntriesReply","version":0}
2026-07-28T10:01:43.842798943Z Cluster: Node N3 - Leader sending heartbeats.
2026-07-28T10:01:43.843022901Z Cluster: leader node: N3 broadcasting append entries message
2026-07-28T10:01:43.843248330Z Sending message to node N2: {"term":1,"leaderId":"N3","prevLogIndex":-1,"prevLogTerm":0,"leaderCommit":-1,"level":"Cluster","type":"AppendEntries","version":0}
2026-07-28T10:01:43.843671112Z Sending message to node N1: {"term":1,"leaderId":"N3","prevLogIndex":-1,"prevLogTerm":0,"leaderCommit":-1,"level":"Cluster","type":"AppendEntries","version":0}
2026-07-28T10:01:43.844758186Z Cluster: follower N1 received: {"term":1,"leaderId":"N3","prevLogIndex":-1,"prevLogTerm":0,"leaderCommit":-1,"level":"Cluster","type":"AppendEntries","version":0}
2026-07-28T10:01:43.844968623Z Node N1 Cluster: commiting upto index -1
2026-07-28T10:01:43.845034434Z Cluster: follower N2 received: {"term":1,"leaderId":"N3","prevLogIndex":-1,"prevLogTerm":0,"leaderCommit":-1,"level":"Cluster","type":"AppendEntries","version":0}
2026-07-28T10:01:43.845172796Z Sending message to node N3: {"term":1,"senderId":"N1","success":true,"matchIndex":-1,"level":"Cluster","type":"AppendEntriesReply","version":0}
2026-07-28T10:01:43.845290011Z Node N2 Cluster: commiting upto index -1
2026-07-28T10:01:43.845779174Z Sending message to node N3: {"term":1,"senderId":"N2","success":true,"matchIndex":-1,"level":"Cluster","type":"AppendEntriesReply","version":0}
2026-07-28T10:01:43.846186052Z Cluster: leader N3 received: {"term":1,"senderId":"N1","success":true,"matchIndex":-1,"level":"Cluster","type":"AppendEntriesReply","version":0}
2026-07-28T10:01:43.846881397Z Cluster: leader N3 received: {"term":1,"senderId":"N2","success":true,"matchIndex":-1,"level":"Cluster","type":"AppendEntriesReply","version":0}
2026-07-28T10:01:44.847249330Z Cluster: Node N3 - Leader sending heartbeats.
2026-07-28T10:01:44.847387677Z Cluster: leader node: N3 broadcasting append entries message
2026-07-28T10:01:44.847777159Z Sending message to node N2: {"term":1,"leaderId":"N3","prevLogIndex":-1,"prevLogTerm":0,"leaderCommit":-1,"level":"Cluster","type":"AppendEntries","version":0}
2026-07-28T10:01:44.849026327Z Sending message to node N1: {"term":1,"leaderId":"N3","prevLogIndex":-1,"prevLogTerm":0,"leaderCommit":-1,"level":"Cluster","type":"AppendEntries","version":0}
2026-07-28T10:01:44.849320543Z Cluster: follower N2 received: {"term":1,"leaderId":"N3","prevLogIndex":-1,"prevLogTerm":0,"leaderCommit":-1,"level":"Cluster","type":"AppendEntries","version":0}
2026-07-28T10:01:44.849553335Z Node N2 Cluster: commiting upto index -1
2026-07-28T10:01:44.849836528Z Cluster: follower N1 received: {"term":1,"leaderId":"N3","prevLogIndex":-1,"prevLogTerm":0,"leaderCommit":-1,"level":"Cluster","type":"AppendEntries","version":0}
2026-07-28T10:01:44.849895539Z Sending message to node N3: {"term":1,"senderId":"N2","success":true,"matchIndex":-1,"level":"Cluster","type":"AppendEntriesReply","version":0}
2026-07-28T10:01:44.849965604Z Node N1 Cluster: commiting upto index -1
2026-07-28T10:01:44.850071110Z Sending message to node N3: {"term":1,"senderId":"N1","success":true,"matchIndex":-1,"level":"Cluster","type":"AppendEntriesReply","version":0}
2026-07-28T10:01:44.850981569Z Cluster: leader N3 received: {"term":1,"senderId":"N2","success":true,"matchIndex":-1,"level":"Cluster","type":"AppendEntriesReply","version":0}
2026-07-28T10:01:44.851206639Z Cluster: leader N3 received: {"term":1,"senderId":"N1","success":true,"matchIndex":-1,"level":"Cluster","type":"AppendEntriesReply","version":0}
2026-07-28T10:01:45.851843695Z Cluster: Node N3 - Leader sending heartbeats.
2026-07-28T10:01:45.851989020Z Cluster: leader node: N3 broadcasting append entries message
2026-07-28T10:01:45.852118812Z Sending message to node N2: {"term":1,"leaderId":"N3","prevLogIndex":-1,"prevLogTerm":0,"leaderCommit":-1,"level":"Cluster","type":"AppendEntries","version":0}
2026-07-28T10:01:45.852491402Z Sending message to node N1: {"term":1,"leaderId":"N3","prevLogIndex":-1,"prevLogTerm":0,"leaderCommit":-1,"level":"Cluster","type":"AppendEntries","version":0}
2026-07-28T10:01:45.853598011Z Cluster: follower N1 received: {"term":1,"leaderId":"N3","prevLogIndex":-1,"prevLogTerm":0,"leaderCommit":-1,"level":"Cluster","type":"AppendEntries","version":0}
2026-07-28T10:01:45.853611247Z Cluster: follower N2 received: {"term":1,"leaderId":"N3","prevLogIndex":-1,"prevLogTerm":0,"leaderCommit":-1,"level":"Cluster","type":"AppendEntries","version":0}
2026-07-28T10:01:45.853708407Z Node N1 Cluster: commiting upto index -1
2026-07-28T10:01:45.853792373Z Sending message to node N3: {"term":1,"senderId":"N1","success":true,"matchIndex":-1,"level":"Cluster","type":"AppendEntriesReply","version":0}
2026-07-28T10:01:45.853807634Z Node N2 Cluster: commiting upto index -1
2026-07-28T10:01:45.853995912Z Sending message to node N3: {"term":1,"senderId":"N2","success":true,"matchIndex":-1,"level":"Cluster","type":"AppendEntriesReply","version":0}
2026-07-28T10:01:45.854805888Z Cluster: leader N3 received: {"term":1,"senderId":"N1","success":true,"matchIndex":-1,"level":"Cluster","type":"AppendEntriesReply","version":0}
2026-07-28T10:01:45.855330234Z Cluster: leader N3 received: {"term":1,"senderId":"N2","success":true,"matchIndex":-1,"level":"Cluster","type":"AppendEntriesReply","version":0}
2026-07-28T10:01:46.858995892Z Cluster: Node N3 - Leader sending heartbeats.
2026-07-28T10:01:46.859578732Z Cluster: leader node: N3 broadcasting append entries message
2026-07-28T10:01:46.859934903Z Sending message to node N2: {"term":1,"leaderId":"N3","prevLogIndex":-1,"prevLogTerm":0,"leaderCommit":-1,"level":"Cluster","type":"AppendEntries","version":0}
2026-07-28T10:01:46.860810818Z Sending message to node N1: {"term":1,"leaderId":"N3","prevLogIndex":-1,"prevLogTerm":0,"leaderCommit":-1,"level":"Cluster","type":"AppendEntries","version":0}
2026-07-28T10:01:46.863694781Z Cluster: follower N2 received: {"term":1,"leaderId":"N3","prevLogIndex":-1,"prevLogTerm":0,"leaderCommit":-1,"level":"Cluster","type":"AppendEntries","version":0}
2026-07-28T10:01:46.863987922Z Cluster: follower N1 received: {"term":1,"leaderId":"N3","prevLogIndex":-1,"prevLogTerm":0,"leaderCommit":-1,"level":"Cluster","type":"AppendEntries","version":0}
2026-07-28T10:01:46.864130046Z Node N2 Cluster: commiting upto index -1
2026-07-28T10:01:46.864250250Z Node N1 Cluster: commiting upto index -1
2026-07-28T10:01:46.864347324Z Sending message to node N3: {"term":1,"senderId":"N1","success":true,"matchIndex":-1,"level":"Cluster","type":"AppendEntriesReply","version":0}
2026-07-28T10:01:46.864387822Z Sending message to node N3: {"term":1,"senderId":"N2","success":true,"matchIndex":-1,"level":"Cluster","type":"AppendEntriesReply","version":0}
2026-07-28T10:01:46.864841664Z Cluster: leader N3 received: {"term":1,"senderId":"N1","success":true,"matchIndex":-1,"level":"Cluster","type":"AppendEntriesReply","version":0}
2026-07-28T10:01:46.864968428Z Cluster: leader N3 received: {"term":1,"senderId":"N2","success":true,"matchIndex":-1,"level":"Cluster","type":"AppendEntriesReply","version":0}
2026-07-28T10:01:47.865210425Z Cluster: Node N3 - Leader sending heartbeats.
2026-07-28T10:01:47.865350180Z Cluster: leader node: N3 broadcasting append entries message
2026-07-28T10:01:47.865471404Z Sending message to node N2: {"term":1,"leaderId":"N3","prevLogIndex":-1,"prevLogTerm":0,"leaderCommit":-1,"level":"Cluster","type":"AppendEntries","version":0}
2026-07-28T10:01:47.865727948Z Sending message to node N1: {"term":1,"leaderId":"N3","prevLogIndex":-1,"prevLogTerm":0,"leaderCommit":-1,"level":"Cluster","type":"AppendEntries","version":0}
2026-07-28T10:01:47.866733373Z Cluster: follower N1 received: {"term":1,"leaderId":"N3","prevLogIndex":-1,"prevLogTerm":0,"leaderCommit":-1,"level":"Cluster","type":"AppendEntries","version":0}
2026-07-28T10:01:47.866840644Z Node N1 Cluster: commiting upto index -1
2026-07-28T10:01:47.866958846Z Sending message to node N3: {"term":1,"senderId":"N1","success":true,"matchIndex":-1,"level":"Cluster","type":"AppendEntriesReply","version":0}
2026-07-28T10:01:47.866958831Z Cluster: follower N2 received: {"term":1,"leaderId":"N3","prevLogIndex":-1,"prevLogTerm":0,"leaderCommit":-1,"level":"Cluster","type":"AppendEntries","version":0}
2026-07-28T10:01:47.867148082Z Node N2 Cluster: commiting upto index -1
2026-07-28T10:01:47.867429008Z Sending message to node N3: {"term":1,"senderId":"N2","success":true,"matchIndex":-1,"level":"Cluster","type":"AppendEntriesReply","version":0}
2026-07-28T10:01:47.867638478Z Cluster: leader N3 received: {"term":1,"senderId":"N1","success":true,"matchIndex":-1,"level":"Cluster","type":"AppendEntriesReply","version":0}
2026-07-28T10:01:47.868287001Z Cluster: leader N3 received: {"term":1,"senderId":"N2","success":true,"matchIndex":-1,"level":"Cluster","type":"AppendEntriesReply","version":0}
2026-07-28T10:01:48.868956625Z Cluster: Node N3 - Leader sending heartbeats.
2026-07-28T10:01:48.869359821Z Cluster: leader node: N3 broadcasting append entries message
2026-07-28T10:01:48.870014898Z Sending message to node N2: {"term":1,"leaderId":"N3","prevLogIndex":-1,"prevLogTerm":0,"leaderCommit":-1,"level":"Cluster","type":"AppendEntries","version":0}
2026-07-28T10:01:48.870390840Z Sending message to node N1: {"term":1,"leaderId":"N3","prevLogIndex":-1,"prevLogTerm":0,"leaderCommit":-1,"level":"Cluster","type":"AppendEntries","version":0}
2026-07-28T10:01:48.871110671Z Cluster: follower N2 received: {"term":1,"leaderId":"N3","prevLogIndex":-1,"prevLogTerm":0,"leaderCommit":-1,"level":"Cluster","type":"AppendEntries","version":0}
2026-07-28T10:01:48.871250164Z Node N2 Cluster: commiting upto index -1
2026-07-28T10:01:48.871377972Z Sending message to node N3: {"term":1,"senderId":"N2","success":true,"matchIndex":-1,"level":"Cluster","type":"AppendEntriesReply","version":0}
2026-07-28T10:01:48.872861965Z Cluster: leader N3 received: {"term":1,"senderId":"N2","success":true,"matchIndex":-1,"level":"Cluster","type":"AppendEntriesReply","version":0}
2026-07-28T10:01:48.873494345Z Cluster: follower N1 received: {"term":1,"leaderId":"N3","prevLogIndex":-1,"prevLogTerm":0,"leaderCommit":-1,"level":"Cluster","type":"AppendEntries","version":0}
2026-07-28T10:01:48.873586704Z Node N1 Cluster: commiting upto index -1
2026-07-28T10:01:48.873667282Z Sending message to node N3: {"term":1,"senderId":"N1","success":true,"matchIndex":-1,"level":"Cluster","type":"AppendEntriesReply","version":0}
2026-07-28T10:01:48.874343583Z Cluster: leader N3 received: {"term":1,"senderId":"N1","success":true,"matchIndex":-1,"level":"Cluster","type":"AppendEntriesReply","version":0}
2026-07-28T10:01:49.874725760Z Cluster: Node N3 - Leader sending heartbeats.
2026-07-28T10:01:49.875013889Z Cluster: leader node: N3 broadcasting append entries message
2026-07-28T10:01:49.875268922Z Sending message to node N2: {"term":1,"leaderId":"N3","prevLogIndex":-1,"prevLogTerm":0,"leaderCommit":-1,"level":"Cluster","type":"AppendEntries","version":0}
2026-07-28T10:01:49.875822692Z Sending message to node N1: {"term":1,"leaderId":"N3","prevLogIndex":-1,"prevLogTerm":0,"leaderCommit":-1,"level":"Cluster","type":"AppendEntries","version":0}
2026-07-28T10:01:49.876388592Z Cluster: follower N2 received: {"term":1,"leaderId":"N3","prevLogIndex":-1,"prevLogTerm":0,"leaderCommit":-1,"level":"Cluster","type":"AppendEntries","version":0}
2026-07-28T10:01:49.876706922Z Cluster: follower N1 received: {"term":1,"leaderId":"N3","prevLogIndex":-1,"prevLogTerm":0,"leaderCommit":-1,"level":"Cluster","type":"AppendEntries","version":0}
2026-07-28T10:01:49.876823428Z Node N1 Cluster: commiting upto index -1
2026-07-28T10:01:49.876881789Z Node N2 Cluster: commiting upto index -1
2026-07-28T10:01:49.876912756Z Sending message to node N3: {"term":1,"senderId":"N1","success":true,"matchIndex":-1,"level":"Cluster","type":"AppendEntriesReply","version":0}
2026-07-28T10:01:49.877307063Z Sending message to node N3: {"term":1,"senderId":"N2","success":true,"matchIndex":-1,"level":"Cluster","type":"AppendEntriesReply","version":0}
2026-07-28T10:01:49.877723777Z Cluster: leader N3 received: {"term":1,"senderId":"N1","success":true,"matchIndex":-1,"level":"Cluster","type":"AppendEntriesReply","version":0}
2026-07-28T10:01:49.878071467Z Cluster: leader N3 received: {"term":1,"senderId":"N2","success":true,"matchIndex":-1,"level":"Cluster","type":"AppendEntriesReply","version":0}
2026-07-28T10:01:50.878556536Z Cluster: Node N3 - Leader sending heartbeats.
2026-07-28T10:01:50.878776985Z Cluster: leader node: N3 broadcasting append entries message
2026-07-28T10:01:50.878951985Z Sending message to node N2: {"term":1,"leaderId":"N3","prevLogIndex":-1,"prevLogTerm":0,"leaderCommit":-1,"level":"Cluster","type":"AppendEntries","version":0}
2026-07-28T10:01:50.879771520Z Sending message to node N1: {"term":1,"leaderId":"N3","prevLogIndex":-1,"prevLogTerm":0,"leaderCommit":-1,"level":"Cluster","type":"AppendEntries","version":0}
2026-07-28T10:01:50.881035042Z Cluster: follower N1 received: {"term":1,"leaderId":"N3","prevLogIndex":-1,"prevLogTerm":0,"leaderCommit":-1,"level":"Cluster","type":"AppendEntries","version":0}
2026-07-28T10:01:50.881142493Z Node N1 Cluster: commiting upto index -1
2026-07-28T10:01:50.881272435Z Sending message to node N3: {"term":1,"senderId":"N1","success":true,"matchIndex":-1,"level":"Cluster","type":"AppendEntriesReply","version":0}
2026-07-28T10:01:50.881535114Z Cluster: follower N2 received: {"term":1,"leaderId":"N3","prevLogIndex":-1,"prevLogTerm":0,"leaderCommit":-1,"level":"Cluster","type":"AppendEntries","version":0}
2026-07-28T10:01:50.881700768Z Node N2 Cluster: commiting upto index -1
2026-07-28T10:01:50.881793902Z Sending message to node N3: {"term":1,"senderId":"N2","success":true,"matchIndex":-1,"level":"Cluster","type":"AppendEntriesReply","version":0}
2026-07-28T10:01:50.882415615Z Cluster: leader N3 received: {"term":1,"senderId":"N1","success":true,"matchIndex":-1,"level":"Cluster","type":"AppendEntriesReply","version":0}
2026-07-28T10:01:50.882548231Z Cluster: leader N3 received: {"term":1,"senderId":"N2","success":true,"matchIndex":-1,"level":"Cluster","type":"AppendEntriesReply","version":0}
2026-07-28T10:01:51.882834554Z Cluster: Node N3 - Leader sending heartbeats.
2026-07-28T10:01:51.883108310Z Cluster: leader node: N3 broadcasting append entries message
2026-07-28T10:01:51.883318345Z Sending message to node N2: {"term":1,"leaderId":"N3","prevLogIndex":-1,"prevLogTerm":0,"leaderCommit":-1,"level":"Cluster","type":"AppendEntries","version":0}
2026-07-28T10:01:51.884404723Z Cluster: follower N2 received: {"term":1,"leaderId":"N3","prevLogIndex":-1,"prevLogTerm":0,"leaderCommit":-1,"level":"Cluster","type":"AppendEntries","version":0}
2026-07-28T10:01:51.884601624Z Node N2 Cluster: commiting upto index -1
2026-07-28T10:01:51.884777708Z Sending message to node N3: {"term":1,"senderId":"N2","success":true,"matchIndex":-1,"level":"Cluster","type":"AppendEntriesReply","version":0}
2026-07-28T10:01:51.883858989Z Sending message to node N1: {"term":1,"leaderId":"N3","prevLogIndex":-1,"prevLogTerm":0,"leaderCommit":-1,"level":"Cluster","type":"AppendEntries","version":0}
2026-07-28T10:01:51.888193234Z Cluster: leader N3 received: {"term":1,"senderId":"N2","success":true,"matchIndex":-1,"level":"Cluster","type":"AppendEntriesReply","version":0}
2026-07-28T10:01:51.888914792Z Cluster: follower N1 received: {"term":1,"leaderId":"N3","prevLogIndex":-1,"prevLogTerm":0,"leaderCommit":-1,"level":"Cluster","type":"AppendEntries","version":0}
2026-07-28T10:01:51.889027357Z Node N1 Cluster: commiting upto index -1
2026-07-28T10:01:51.889122013Z Sending message to node N3: {"term":1,"senderId":"N1","success":true,"matchIndex":-1,"level":"Cluster","type":"AppendEntriesReply","version":0}
2026-07-28T10:01:51.889668518Z Cluster: leader N3 received: {"term":1,"senderId":"N1","success":true,"matchIndex":-1,"level":"Cluster","type":"AppendEntriesReply","version":0}
2026-07-28T10:01:52.892819643Z Cluster: Node N3 - Leader sending heartbeats.
2026-07-28T10:01:52.893095337Z Cluster: leader node: N3 broadcasting append entries message
2026-07-28T10:01:52.893350936Z Sending message to node N2: {"term":1,"leaderId":"N3","prevLogIndex":-1,"prevLogTerm":0,"leaderCommit":-1,"level":"Cluster","type":"AppendEntries","version":0}
2026-07-28T10:01:52.893932223Z Sending message to node N1: {"term":1,"leaderId":"N3","prevLogIndex":-1,"prevLogTerm":0,"leaderCommit":-1,"level":"Cluster","type":"AppendEntries","version":0}
2026-07-28T10:01:52.895312112Z Cluster: follower N2 received: {"term":1,"leaderId":"N3","prevLogIndex":-1,"prevLogTerm":0,"leaderCommit":-1,"level":"Cluster","type":"AppendEntries","version":0}
2026-07-28T10:01:52.895522523Z Node N2 Cluster: commiting upto index -1
2026-07-28T10:01:52.895720028Z Sending message to node N3: {"term":1,"senderId":"N2","success":true,"matchIndex":-1,"level":"Cluster","type":"AppendEntriesReply","version":0}
2026-07-28T10:01:52.895850830Z Cluster: follower N1 received: {"term":1,"leaderId":"N3","prevLogIndex":-1,"prevLogTerm":0,"leaderCommit":-1,"level":"Cluster","type":"AppendEntries","version":0}
2026-07-28T10:01:52.896076689Z Node N1 Cluster: commiting upto index -1
2026-07-28T10:01:52.896295453Z Sending message to node N3: {"term":1,"senderId":"N1","success":true,"matchIndex":-1,"level":"Cluster","type":"AppendEntriesReply","version":0}
2026-07-28T10:01:52.896997580Z Cluster: leader N3 received: {"term":1,"senderId":"N2","success":true,"matchIndex":-1,"level":"Cluster","type":"AppendEntriesReply","version":0}
2026-07-28T10:01:52.897349536Z Cluster: leader N3 received: {"term":1,"senderId":"N1","success":true,"matchIndex":-1,"level":"Cluster","type":"AppendEntriesReply","version":0}
2026-07-28T10:01:53.897705907Z Cluster: Node N3 - Leader sending heartbeats.
2026-07-28T10:01:53.898126428Z Cluster: leader node: N3 broadcasting append entries message
2026-07-28T10:01:53.898502891Z Sending message to node N2: {"term":1,"leaderId":"N3","prevLogIndex":-1,"prevLogTerm":0,"leaderCommit":-1,"level":"Cluster","type":"AppendEntries","version":0}
2026-07-28T10:01:53.901058292Z Sending message to node N1: {"term":1,"leaderId":"N3","prevLogIndex":-1,"prevLogTerm":0,"leaderCommit":-1,"level":"Cluster","type":"AppendEntries","version":0}
2026-07-28T10:01:53.901990936Z Cluster: follower N2 received: {"term":1,"leaderId":"N3","prevLogIndex":-1,"prevLogTerm":0,"leaderCommit":-1,"level":"Cluster","type":"AppendEntries","version":0}
2026-07-28T10:01:53.902859086Z Node N2 Cluster: commiting upto index -1
2026-07-28T10:01:53.903197279Z Cluster: follower N1 received: {"term":1,"leaderId":"N3","prevLogIndex":-1,"prevLogTerm":0,"leaderCommit":-1,"level":"Cluster","type":"AppendEntries","version":0}
2026-07-28T10:01:53.903462654Z Node N1 Cluster: commiting upto index -1
2026-07-28T10:01:53.903367496Z Sending message to node N3: {"term":1,"senderId":"N2","success":true,"matchIndex":-1,"level":"Cluster","type":"AppendEntriesReply","version":0}
2026-07-28T10:01:53.903827850Z Sending message to node N3: {"term":1,"senderId":"N1","success":true,"matchIndex":-1,"level":"Cluster","type":"AppendEntriesReply","version":0}
2026-07-28T10:01:53.904828874Z Cluster: leader N3 received: {"term":1,"senderId":"N2","success":true,"matchIndex":-1,"level":"Cluster","type":"AppendEntriesReply","version":0}
2026-07-28T10:01:53.905061996Z Cluster: leader N3 received: {"term":1,"senderId":"N1","success":true,"matchIndex":-1,"level":"Cluster","type":"AppendEntriesReply","version":0}
2026-07-28T10:01:54.905651394Z Cluster: Node N3 - Leader sending heartbeats.
2026-07-28T10:01:54.906079394Z Cluster: leader node: N3 broadcasting append entries message
2026-07-28T10:01:54.906456211Z Sending message to node N2: {"term":1,"leaderId":"N3","prevLogIndex":-1,"prevLogTerm":0,"leaderCommit":-1,"level":"Cluster","type":"AppendEntries","version":0}
2026-07-28T10:01:54.909712178Z Sending message to node N1: {"term":1,"leaderId":"N3","prevLogIndex":-1,"prevLogTerm":0,"leaderCommit":-1,"level":"Cluster","type":"AppendEntries","version":0}
2026-07-28T10:01:54.911027790Z Cluster: follower N2 received: {"term":1,"leaderId":"N3","prevLogIndex":-1,"prevLogTerm":0,"leaderCommit":-1,"level":"Cluster","type":"AppendEntries","version":0}
2026-07-28T10:01:54.911405071Z Node N2 Cluster: commiting upto index -1
2026-07-28T10:01:54.911620723Z Sending message to node N3: {"term":1,"senderId":"N2","success":true,"matchIndex":-1,"level":"Cluster","type":"AppendEntriesReply","version":0}
2026-07-28T10:01:54.913141857Z Cluster: leader N3 received: {"term":1,"senderId":"N2","success":true,"matchIndex":-1,"level":"Cluster","type":"AppendEntriesReply","version":0}
2026-07-28T10:01:54.913422657Z Cluster: follower N1 received: {"term":1,"leaderId":"N3","prevLogIndex":-1,"prevLogTerm":0,"leaderCommit":-1,"level":"Cluster","type":"AppendEntries","version":0}
2026-07-28T10:01:54.913762733Z Node N1 Cluster: commiting upto index -1
2026-07-28T10:01:54.914062551Z Sending message to node N3: {"term":1,"senderId":"N1","success":true,"matchIndex":-1,"level":"Cluster","type":"AppendEntriesReply","version":0}
2026-07-28T10:01:54.925609784Z Cluster: leader N3 received: {"term":1,"senderId":"N1","success":true,"matchIndex":-1,"level":"Cluster","type":"AppendEntriesReply","version":0}
2026-07-28T10:01:55.926449033Z Cluster: Node N3 - Leader sending heartbeats.
2026-07-28T10:01:55.927143833Z Cluster: leader node: N3 broadcasting append entries message
2026-07-28T10:01:55.927622032Z Sending message to node N2: {"term":1,"leaderId":"N3","prevLogIndex":-1,"prevLogTerm":0,"leaderCommit":-1,"level":"Cluster","type":"AppendEntries","version":0}
2026-07-28T10:01:55.929189820Z Sending message to node N1: {"term":1,"leaderId":"N3","prevLogIndex":-1,"prevLogTerm":0,"leaderCommit":-1,"level":"Cluster","type":"AppendEntries","version":0}
2026-07-28T10:01:55.930294257Z Cluster: follower N2 received: {"term":1,"leaderId":"N3","prevLogIndex":-1,"prevLogTerm":0,"leaderCommit":-1,"level":"Cluster","type":"AppendEntries","version":0}
2026-07-28T10:01:55.930766104Z Node N2 Cluster: commiting upto index -1
2026-07-28T10:01:55.931191676Z Sending message to node N3: {"term":1,"senderId":"N2","success":true,"matchIndex":-1,"level":"Cluster","type":"AppendEntriesReply","version":0}
2026-07-28T10:01:55.931136189Z Cluster: follower N1 received: {"term":1,"leaderId":"N3","prevLogIndex":-1,"prevLogTerm":0,"leaderCommit":-1,"level":"Cluster","type":"AppendEntries","version":0}
2026-07-28T10:01:55.931455637Z Node N1 Cluster: commiting upto index -1
2026-07-28T10:01:55.931798460Z Sending message to node N3: {"term":1,"senderId":"N1","success":true,"matchIndex":-1,"level":"Cluster","type":"AppendEntriesReply","version":0}
2026-07-28T10:01:55.932613040Z Cluster: leader N3 received: {"term":1,"senderId":"N2","success":true,"matchIndex":-1,"level":"Cluster","type":"AppendEntriesReply","version":0}
2026-07-28T10:01:55.932967525Z Cluster: leader N3 received: {"term":1,"senderId":"N1","success":true,"matchIndex":-1,"level":"Cluster","type":"AppendEntriesReply","version":0}
2026-07-28T10:01:56.933562609Z Cluster: Node N3 - Leader sending heartbeats.
2026-07-28T10:01:56.934339206Z Cluster: leader node: N3 broadcasting append entries message
2026-07-28T10:01:56.934792028Z Sending message to node N2: {"term":1,"leaderId":"N3","prevLogIndex":-1,"prevLogTerm":0,"leaderCommit":-1,"level":"Cluster","type":"AppendEntries","version":0}
2026-07-28T10:01:56.936013017Z Sending message to node N1: {"term":1,"leaderId":"N3","prevLogIndex":-1,"prevLogTerm":0,"leaderCommit":-1,"level":"Cluster","type":"AppendEntries","version":0}
2026-07-28T10:01:56.939599287Z Cluster: follower N1 received: {"term":1,"leaderId":"N3","prevLogIndex":-1,"prevLogTerm":0,"leaderCommit":-1,"level":"Cluster","type":"AppendEntries","version":0}
2026-07-28T10:01:56.939407095Z Cluster: follower N2 received: {"term":1,"leaderId":"N3","prevLogIndex":-1,"prevLogTerm":0,"leaderCommit":-1,"level":"Cluster","type":"AppendEntries","version":0}
2026-07-28T10:01:56.939912586Z Node N1 Cluster: commiting upto index -1
2026-07-28T10:01:56.940022509Z Node N2 Cluster: commiting upto index -1
2026-07-28T10:01:56.940604820Z Sending message to node N3: {"term":1,"senderId":"N2","success":true,"matchIndex":-1,"level":"Cluster","type":"AppendEntriesReply","version":0}
2026-07-28T10:01:56.941827703Z Sending message to node N3: {"term":1,"senderId":"N1","success":true,"matchIndex":-1,"level":"Cluster","type":"AppendEntriesReply","version":0}
2026-07-28T10:01:56.942117815Z Cluster: leader N3 received: {"term":1,"senderId":"N2","success":true,"matchIndex":-1,"level":"Cluster","type":"AppendEntriesReply","version":0}
2026-07-28T10:01:56.942928024Z Cluster: leader N3 received: {"term":1,"senderId":"N1","success":true,"matchIndex":-1,"level":"Cluster","type":"AppendEntriesReply","version":0}
2026-07-28T10:01:57.944050650Z Cluster: Node N3 - Leader sending heartbeats.
2026-07-28T10:01:57.944229163Z Cluster: leader node: N3 broadcasting append entries message
2026-07-28T10:01:57.944556077Z Sending message to node N2: {"term":1,"leaderId":"N3","prevLogIndex":-1,"prevLogTerm":0,"leaderCommit":-1,"level":"Cluster","type":"AppendEntries","version":0}
2026-07-28T10:01:57.945995189Z Cluster: follower N2 received: {"term":1,"leaderId":"N3","prevLogIndex":-1,"prevLogTerm":0,"leaderCommit":-1,"level":"Cluster","type":"AppendEntries","version":0}
2026-07-28T10:01:57.946152187Z Node N2 Cluster: commiting upto index -1
2026-07-28T10:01:57.946271141Z Sending message to node N3: {"term":1,"senderId":"N2","success":true,"matchIndex":-1,"level":"Cluster","type":"AppendEntriesReply","version":0}
2026-07-28T10:01:57.947234006Z Sending message to node N1: {"term":1,"leaderId":"N3","prevLogIndex":-1,"prevLogTerm":0,"leaderCommit":-1,"level":"Cluster","type":"AppendEntries","version":0}
2026-07-28T10:01:57.947650034Z Cluster: leader N3 received: {"term":1,"senderId":"N2","success":true,"matchIndex":-1,"level":"Cluster","type":"AppendEntriesReply","version":0}
2026-07-28T10:01:57.947982260Z Cluster: follower N1 received: {"term":1,"leaderId":"N3","prevLogIndex":-1,"prevLogTerm":0,"leaderCommit":-1,"level":"Cluster","type":"AppendEntries","version":0}
2026-07-28T10:01:57.948627472Z Node N1 Cluster: commiting upto index -1
2026-07-28T10:01:57.948788055Z Sending message to node N3: {"term":1,"senderId":"N1","success":true,"matchIndex":-1,"level":"Cluster","type":"AppendEntriesReply","version":0}
2026-07-28T10:01:57.949584746Z Cluster: leader N3 received: {"term":1,"senderId":"N1","success":true,"matchIndex":-1,"level":"Cluster","type":"AppendEntriesReply","version":0}
2026-07-28T10:01:58.950151413Z Cluster: Node N3 - Leader sending heartbeats.
2026-07-28T10:01:58.950847491Z Cluster: leader node: N3 broadcasting append entries message
2026-07-28T10:01:58.951331601Z Sending message to node N2: {"term":1,"leaderId":"N3","prevLogIndex":-1,"prevLogTerm":0,"leaderCommit":-1,"level":"Cluster","type":"AppendEntries","version":0}
2026-07-28T10:01:58.952786943Z Sending message to node N1: {"term":1,"leaderId":"N3","prevLogIndex":-1,"prevLogTerm":0,"leaderCommit":-1,"level":"Cluster","type":"AppendEntries","version":0}
2026-07-28T10:01:58.955009438Z Cluster: follower N2 received: {"term":1,"leaderId":"N3","prevLogIndex":-1,"prevLogTerm":0,"leaderCommit":-1,"level":"Cluster","type":"AppendEntries","version":0}
2026-07-28T10:01:58.955378649Z Node N2 Cluster: commiting upto index -1
2026-07-28T10:01:58.955718537Z Sending message to node N3: {"term":1,"senderId":"N2","success":true,"matchIndex":-1,"level":"Cluster","type":"AppendEntriesReply","version":0}
2026-07-28T10:01:58.957640957Z Cluster: leader N3 received: {"term":1,"senderId":"N2","success":true,"matchIndex":-1,"level":"Cluster","type":"AppendEntriesReply","version":0}
2026-07-28T10:01:58.958162233Z Cluster: follower N1 received: {"term":1,"leaderId":"N3","prevLogIndex":-1,"prevLogTerm":0,"leaderCommit":-1,"level":"Cluster","type":"AppendEntries","version":0}
2026-07-28T10:01:58.958444243Z Node N1 Cluster: commiting upto index -1
2026-07-28T10:01:58.958638213Z Sending message to node N3: {"term":1,"senderId":"N1","success":true,"matchIndex":-1,"level":"Cluster","type":"AppendEntriesReply","version":0}
2026-07-28T10:01:58.959945809Z Cluster: leader N3 received: {"term":1,"senderId":"N1","success":true,"matchIndex":-1,"level":"Cluster","type":"AppendEntriesReply","version":0}
2026-07-28T10:01:59.960883258Z Cluster: Node N3 - Leader sending heartbeats.
2026-07-28T10:01:59.961346481Z Cluster: leader node: N3 broadcasting append entries message
2026-07-28T10:01:59.961693895Z Sending message to node N2: {"term":1,"leaderId":"N3","prevLogIndex":-1,"prevLogTerm":0,"leaderCommit":-1,"level":"Cluster","type":"AppendEntries","version":0}
2026-07-28T10:01:59.962638930Z Sending message to node N1: {"term":1,"leaderId":"N3","prevLogIndex":-1,"prevLogTerm":0,"leaderCommit":-1,"level":"Cluster","type":"AppendEntries","version":0}
2026-07-28T10:01:59.963659870Z Cluster: follower N2 received: {"term":1,"leaderId":"N3","prevLogIndex":-1,"prevLogTerm":0,"leaderCommit":-1,"level":"Cluster","type":"AppendEntries","version":0}
2026-07-28T10:01:59.964064618Z Node N2 Cluster: commiting upto index -1
2026-07-28T10:01:59.964367994Z Sending message to node N3: {"term":1,"senderId":"N2","success":true,"matchIndex":-1,"level":"Cluster","type":"AppendEntriesReply","version":0}
2026-07-28T10:01:59.965196512Z Cluster: follower N1 received: {"term":1,"leaderId":"N3","prevLogIndex":-1,"prevLogTerm":0,"leaderCommit":-1,"level":"Cluster","type":"AppendEntries","version":0}
2026-07-28T10:01:59.965595870Z Node N1 Cluster: commiting upto index -1
2026-07-28T10:01:59.965890819Z Sending message to node N3: {"term":1,"senderId":"N1","success":true,"matchIndex":-1,"level":"Cluster","type":"AppendEntriesReply","version":0}
2026-07-28T10:01:59.966484535Z Cluster: leader N3 received: {"term":1,"senderId":"N2","success":true,"matchIndex":-1,"level":"Cluster","type":"AppendEntriesReply","version":0}
2026-07-28T10:01:59.966988226Z Cluster: leader N3 received: {"term":1,"senderId":"N1","success":true,"matchIndex":-1,"level":"Cluster","type":"AppendEntriesReply","version":0}
2026-07-28T10:02:00.967561093Z Cluster: Node N3 - Leader sending heartbeats.
2026-07-28T10:02:00.968176743Z Cluster: leader node: N3 broadcasting append entries message
2026-07-28T10:02:00.968575622Z Sending message to node N2: {"term":1,"leaderId":"N3","prevLogIndex":-1,"prevLogTerm":0,"leaderCommit":-1,"level":"Cluster","type":"AppendEntries","version":0}
2026-07-28T10:02:00.969370975Z Sending message to node N1: {"term":1,"leaderId":"N3","prevLogIndex":-1,"prevLogTerm":0,"leaderCommit":-1,"level":"Cluster","type":"AppendEntries","version":0}
2026-07-28T10:02:00.970442342Z Cluster: follower N2 received: {"term":1,"leaderId":"N3","prevLogIndex":-1,"prevLogTerm":0,"leaderCommit":-1,"level":"Cluster","type":"AppendEntries","version":0}
2026-07-28T10:02:00.970795443Z Node N2 Cluster: commiting upto index -1
2026-07-28T10:02:00.971015977Z Cluster: follower N1 received: {"term":1,"leaderId":"N3","prevLogIndex":-1,"prevLogTerm":0,"leaderCommit":-1,"level":"Cluster","type":"AppendEntries","version":0}
2026-07-28T10:02:00.971088822Z Sending message to node N3: {"term":1,"senderId":"N2","success":true,"matchIndex":-1,"level":"Cluster","type":"AppendEntriesReply","version":0}
2026-07-28T10:02:00.971250538Z Node N1 Cluster: commiting upto index -1
2026-07-28T10:02:00.971468786Z Sending message to node N3: {"term":1,"senderId":"N1","success":true,"matchIndex":-1,"level":"Cluster","type":"AppendEntriesReply","version":0}
2026-07-28T10:02:00.973097255Z Cluster: leader N3 received: {"term":1,"senderId":"N2","success":true,"matchIndex":-1,"level":"Cluster","type":"AppendEntriesReply","version":0}
2026-07-28T10:02:00.973443818Z Cluster: leader N3 received: {"term":1,"senderId":"N1","success":true,"matchIndex":-1,"level":"Cluster","type":"AppendEntriesReply","version":0}
2026-07-28T10:02:04.436179885Z Cluster: Node N3 - Leader sending heartbeats.
2026-07-28T10:02:04.436524712Z Cluster: leader node: N3 broadcasting append entries message
2026-07-28T10:02:04.436863519Z Sending message to node N2: {"term":1,"leaderId":"N3","prevLogIndex":-1,"prevLogTerm":0,"leaderCommit":-1,"level":"Cluster","type":"AppendEntries","version":0}
2026-07-28T10:02:04.437571983Z Sending message to node N1: {"term":1,"leaderId":"N3","prevLogIndex":-1,"prevLogTerm":0,"leaderCommit":-1,"level":"Cluster","type":"AppendEntries","version":0}
2026-07-28T10:02:04.438589822Z Cluster: follower N2 received: {"term":1,"leaderId":"N3","prevLogIndex":-1,"prevLogTerm":0,"leaderCommit":-1,"level":"Cluster","type":"AppendEntries","version":0}
2026-07-28T10:02:04.438908051Z Node N2 Cluster: commiting upto index -1
2026-07-28T10:02:04.439114168Z Sending message to node N3: {"term":1,"senderId":"N2","success":true,"matchIndex":-1,"level":"Cluster","type":"AppendEntriesReply","version":0}
2026-07-28T10:02:04.439230547Z Cluster: follower N1 received: {"term":1,"leaderId":"N3","prevLogIndex":-1,"prevLogTerm":0,"leaderCommit":-1,"level":"Cluster","type":"AppendEntries","version":0}
2026-07-28T10:02:04.439543347Z Node N1 Cluster: commiting upto index -1
2026-07-28T10:02:04.439704012Z Sending message to node N3: {"term":1,"senderId":"N1","success":true,"matchIndex":-1,"level":"Cluster","type":"AppendEntriesReply","version":0}
2026-07-28T10:02:04.440266856Z Cluster: leader N3 received: {"term":1,"senderId":"N2","success":true,"matchIndex":-1,"level":"Cluster","type":"AppendEntriesReply","version":0}
2026-07-28T10:02:04.440493260Z Cluster: leader N3 received: {"term":1,"senderId":"N1","success":true,"matchIndex":-1,"level":"Cluster","type":"AppendEntriesReply","version":0}
2026-07-28T10:02:05.441374148Z Cluster: Node N3 - Leader sending heartbeats.
2026-07-28T10:02:05.442048018Z Cluster: leader node: N3 broadcasting append entries message
2026-07-28T10:02:05.442692622Z Sending message to node N2: {"term":1,"leaderId":"N3","prevLogIndex":-1,"prevLogTerm":0,"leaderCommit":-1,"level":"Cluster","type":"AppendEntries","version":0}
2026-07-28T10:02:05.444262823Z Sending message to node N1: {"term":1,"leaderId":"N3","prevLogIndex":-1,"prevLogTerm":0,"leaderCommit":-1,"level":"Cluster","type":"AppendEntries","version":0}
2026-07-28T10:02:05.447947783Z Cluster: follower N2 received: {"term":1,"leaderId":"N3","prevLogIndex":-1,"prevLogTerm":0,"leaderCommit":-1,"level":"Cluster","type":"AppendEntries","version":0}
2026-07-28T10:02:05.447959705Z Cluster: follower N1 received: {"term":1,"leaderId":"N3","prevLogIndex":-1,"prevLogTerm":0,"leaderCommit":-1,"level":"Cluster","type":"AppendEntries","version":0}
2026-07-28T10:02:05.448309873Z Node N1 Cluster: commiting upto index -1
2026-07-28T10:02:05.448332417Z Node N2 Cluster: commiting upto index -1
2026-07-28T10:02:05.448547017Z Sending message to node N3: {"term":1,"senderId":"N1","success":true,"matchIndex":-1,"level":"Cluster","type":"AppendEntriesReply","version":0}
2026-07-28T10:02:05.448562599Z Sending message to node N3: {"term":1,"senderId":"N2","success":true,"matchIndex":-1,"level":"Cluster","type":"AppendEntriesReply","version":0}
2026-07-28T10:02:05.449815103Z Cluster: leader N3 received: {"term":1,"senderId":"N1","success":true,"matchIndex":-1,"level":"Cluster","type":"AppendEntriesReply","version":0}
2026-07-28T10:02:05.450190894Z Cluster: leader N3 received: {"term":1,"senderId":"N2","success":true,"matchIndex":-1,"level":"Cluster","type":"AppendEntriesReply","version":0}
2026-07-28T10:02:06.451337217Z Cluster: Node N3 - Leader sending heartbeats.
2026-07-28T10:02:06.452134960Z Cluster: leader node: N3 broadcasting append entries message
2026-07-28T10:02:06.452795345Z Sending message to node N2: {"term":1,"leaderId":"N3","prevLogIndex":-1,"prevLogTerm":0,"leaderCommit":-1,"level":"Cluster","type":"AppendEntries","version":0}
2026-07-28T10:02:06.454241766Z Sending message to node N1: {"term":1,"leaderId":"N3","prevLogIndex":-1,"prevLogTerm":0,"leaderCommit":-1,"level":"Cluster","type":"AppendEntries","version":0}
2026-07-28T10:02:06.455136179Z Cluster: follower N2 received: {"term":1,"leaderId":"N3","prevLogIndex":-1,"prevLogTerm":0,"leaderCommit":-1,"level":"Cluster","type":"AppendEntries","version":0}
2026-07-28T10:02:06.455643943Z Node N2 Cluster: commiting upto index -1
2026-07-28T10:02:06.455968059Z Sending message to node N3: {"term":1,"senderId":"N2","success":true,"matchIndex":-1,"level":"Cluster","type":"AppendEntriesReply","version":0}
2026-07-28T10:02:06.456545359Z Cluster: follower N1 received: {"term":1,"leaderId":"N3","prevLogIndex":-1,"prevLogTerm":0,"leaderCommit":-1,"level":"Cluster","type":"AppendEntries","version":0}
2026-07-28T10:02:06.457049040Z Node N1 Cluster: commiting upto index -1
2026-07-28T10:02:06.457807581Z Sending message to node N3: {"term":1,"senderId":"N1","success":true,"matchIndex":-1,"level":"Cluster","type":"AppendEntriesReply","version":0}
2026-07-28T10:02:06.458022160Z Cluster: leader N3 received: {"term":1,"senderId":"N2","success":true,"matchIndex":-1,"level":"Cluster","type":"AppendEntriesReply","version":0}
2026-07-28T10:02:06.460207280Z Cluster: leader N3 received: {"term":1,"senderId":"N1","success":true,"matchIndex":-1,"level":"Cluster","type":"AppendEntriesReply","version":0}
2026-07-28T10:02:07.461070064Z Cluster: Node N3 - Leader sending heartbeats.
2026-07-28T10:02:07.462129388Z Cluster: leader node: N3 broadcasting append entries message
2026-07-28T10:02:07.462904592Z Sending message to node N2: {"term":1,"leaderId":"N3","prevLogIndex":-1,"prevLogTerm":0,"leaderCommit":-1,"level":"Cluster","type":"AppendEntries","version":0}
2026-07-28T10:02:07.467432247Z Sending message to node N1: {"term":1,"leaderId":"N3","prevLogIndex":-1,"prevLogTerm":0,"leaderCommit":-1,"level":"Cluster","type":"AppendEntries","version":0}
2026-07-28T10:02:07.471063131Z Cluster: follower N2 received: {"term":1,"leaderId":"N3","prevLogIndex":-1,"prevLogTerm":0,"leaderCommit":-1,"level":"Cluster","type":"AppendEntries","version":0}
2026-07-28T10:02:07.471379529Z Node N2 Cluster: commiting upto index -1
2026-07-28T10:02:07.471285277Z Cluster: follower N1 received: {"term":1,"leaderId":"N3","prevLogIndex":-1,"prevLogTerm":0,"leaderCommit":-1,"level":"Cluster","type":"AppendEntries","version":0}
2026-07-28T10:02:07.471661360Z Node N1 Cluster: commiting upto index -1
2026-07-28T10:02:07.471695883Z Sending message to node N3: {"term":1,"senderId":"N2","success":true,"matchIndex":-1,"level":"Cluster","type":"AppendEntriesReply","version":0}
2026-07-28T10:02:07.471951658Z Sending message to node N3: {"term":1,"senderId":"N1","success":true,"matchIndex":-1,"level":"Cluster","type":"AppendEntriesReply","version":0}
2026-07-28T10:02:07.473471381Z Cluster: leader N3 received: {"term":1,"senderId":"N2","success":true,"matchIndex":-1,"level":"Cluster","type":"AppendEntriesReply","version":0}
2026-07-28T10:02:07.473823989Z Cluster: leader N3 received: {"term":1,"senderId":"N1","success":true,"matchIndex":-1,"level":"Cluster","type":"AppendEntriesReply","version":0}
2026-07-28T10:02:08.474373903Z Cluster: Node N3 - Leader sending heartbeats.
2026-07-28T10:02:08.474666962Z Cluster: leader node: N3 broadcasting append entries message
2026-07-28T10:02:08.474940346Z Sending message to node N2: {"term":1,"leaderId":"N3","prevLogIndex":-1,"prevLogTerm":0,"leaderCommit":-1,"level":"Cluster","type":"AppendEntries","version":0}
2026-07-28T10:02:08.475705414Z Sending message to node N1: {"term":1,"leaderId":"N3","prevLogIndex":-1,"prevLogTerm":0,"leaderCommit":-1,"level":"Cluster","type":"AppendEntries","version":0}
2026-07-28T10:02:08.476547253Z Cluster: follower N1 received: {"term":1,"leaderId":"N3","prevLogIndex":-1,"prevLogTerm":0,"leaderCommit":-1,"level":"Cluster","type":"AppendEntries","version":0}
2026-07-28T10:02:08.476737721Z Node N1 Cluster: commiting upto index -1
2026-07-28T10:02:08.476958809Z Sending message to node N3: {"term":1,"senderId":"N1","success":true,"matchIndex":-1,"level":"Cluster","type":"AppendEntriesReply","version":0}
2026-07-28T10:02:08.477033670Z Cluster: follower N2 received: {"term":1,"leaderId":"N3","prevLogIndex":-1,"prevLogTerm":0,"leaderCommit":-1,"level":"Cluster","type":"AppendEntries","version":0}
2026-07-28T10:02:08.477168666Z Node N2 Cluster: commiting upto index -1
2026-07-28T10:02:08.477253173Z Sending message to node N3: {"term":1,"senderId":"N2","success":true,"matchIndex":-1,"level":"Cluster","type":"AppendEntriesReply","version":0}
2026-07-28T10:02:08.477705263Z Cluster: leader N3 received: {"term":1,"senderId":"N1","success":true,"matchIndex":-1,"level":"Cluster","type":"AppendEntriesReply","version":0}
2026-07-28T10:02:08.477838827Z Cluster: leader N3 received: {"term":1,"senderId":"N2","success":true,"matchIndex":-1,"level":"Cluster","type":"AppendEntriesReply","version":0}
2026-07-28T10:02:09.478512499Z Cluster: Node N3 - Leader sending heartbeats.
2026-07-28T10:02:09.479322169Z Cluster: leader node: N3 broadcasting append entries message
2026-07-28T10:02:09.479915443Z Sending message to node N2: {"term":1,"leaderId":"N3","prevLogIndex":-1,"prevLogTerm":0,"leaderCommit":-1,"level":"Cluster","type":"AppendEntries","version":0}
2026-07-28T10:02:09.482060225Z Sending message to node N1: {"term":1,"leaderId":"N3","prevLogIndex":-1,"prevLogTerm":0,"leaderCommit":-1,"level":"Cluster","type":"AppendEntries","version":0}
2026-07-28T10:02:09.484167149Z Cluster: follower N2 received: {"term":1,"leaderId":"N3","prevLogIndex":-1,"prevLogTerm":0,"leaderCommit":-1,"level":"Cluster","type":"AppendEntries","version":0}
2026-07-28T10:02:09.484588334Z Node N2 Cluster: commiting upto index -1
2026-07-28T10:02:09.484858174Z Sending message to node N3: {"term":1,"senderId":"N2","success":true,"matchIndex":-1,"level":"Cluster","type":"AppendEntriesReply","version":0}
2026-07-28T10:02:09.487751330Z Cluster: leader N3 received: {"term":1,"senderId":"N2","success":true,"matchIndex":-1,"level":"Cluster","type":"AppendEntriesReply","version":0}
2026-07-28T10:02:09.488249405Z Cluster: follower N1 received: {"term":1,"leaderId":"N3","prevLogIndex":-1,"prevLogTerm":0,"leaderCommit":-1,"level":"Cluster","type":"AppendEntries","version":0}
2026-07-28T10:02:09.488575639Z Node N1 Cluster: commiting upto index -1
2026-07-28T10:02:09.488768998Z Sending message to node N3: {"term":1,"senderId":"N1","success":true,"matchIndex":-1,"level":"Cluster","type":"AppendEntriesReply","version":0}
2026-07-28T10:02:09.490010863Z Cluster: leader N3 received: {"term":1,"senderId":"N1","success":true,"matchIndex":-1,"level":"Cluster","type":"AppendEntriesReply","version":0}
2026-07-28T10:02:10.490855615Z Cluster: Node N3 - Leader sending heartbeats.
2026-07-28T10:02:10.491259193Z Cluster: leader node: N3 broadcasting append entries message
2026-07-28T10:02:10.491702800Z Sending message to node N2: {"term":1,"leaderId":"N3","prevLogIndex":-1,"prevLogTerm":0,"leaderCommit":-1,"level":"Cluster","type":"AppendEntries","version":0}
2026-07-28T10:02:10.492570912Z Sending message to node N1: {"term":1,"leaderId":"N3","prevLogIndex":-1,"prevLogTerm":0,"leaderCommit":-1,"level":"Cluster","type":"AppendEntries","version":0}
2026-07-28T10:02:10.493522419Z Cluster: follower N2 received: {"term":1,"leaderId":"N3","prevLogIndex":-1,"prevLogTerm":0,"leaderCommit":-1,"level":"Cluster","type":"AppendEntries","version":0}
2026-07-28T10:02:10.493877382Z Node N2 Cluster: commiting upto index -1
2026-07-28T10:02:10.494653290Z Cluster: follower N1 received: {"term":1,"leaderId":"N3","prevLogIndex":-1,"prevLogTerm":0,"leaderCommit":-1,"level":"Cluster","type":"AppendEntries","version":0}
2026-07-28T10:02:10.495028701Z Node N1 Cluster: commiting upto index -1
2026-07-28T10:02:10.495279692Z Sending message to node N3: {"term":1,"senderId":"N1","success":true,"matchIndex":-1,"level":"Cluster","type":"AppendEntriesReply","version":0}
2026-07-28T10:02:10.495422687Z Sending message to node N3: {"term":1,"senderId":"N2","success":true,"matchIndex":-1,"level":"Cluster","type":"AppendEntriesReply","version":0}
2026-07-28T10:02:10.496985063Z Cluster: leader N3 received: {"term":1,"senderId":"N1","success":true,"matchIndex":-1,"level":"Cluster","type":"AppendEntriesReply","version":0}
2026-07-28T10:02:10.497377209Z Cluster: leader N3 received: {"term":1,"senderId":"N2","success":true,"matchIndex":-1,"level":"Cluster","type":"AppendEntriesReply","version":0}
2026-07-28T10:02:11.307836884Z Cluster: follower N1 received: {"action":"Add","node":{"id":"N9","ip":"localhost","port":4590},"type":"NodeMsg","version":0}
2026-07-28T10:02:11.308114992Z Sending message to node N3: {"action":"Add","node":{"id":"N9","ip":"localhost","port":4590},"type":"NodeMsg","version":0}
2026-07-28T10:02:11.310620842Z Cluster: leader N3 received: {"action":"Add","node":{"id":"N9","ip":"localhost","port":4590},"type":"NodeMsg","version":0}
2026-07-28T10:02:11.310891655Z Cluster: Leader N3 appending log entry
2026-07-28T10:02:11.310987636Z Cluster: leader node: N3 broadcasting append entries message
2026-07-28T10:02:11.311106465Z Sending message to node N2: {"term":1,"leaderId":"N3","prevLogIndex":-1,"prevLogTerm":0,"leaderCommit":-1,"entries":[{"msg":{"action":"Add","node":{"id":"N9","ip":"localhost","port":4590},"type":"NodeMsg","version":0},"term":1,"index":0}],"level":"Cluster","type":"AppendEntries","version":0}
2026-07-28T10:02:11.311550155Z Sending message to node N1: {"term":1,"leaderId":"N3","prevLogIndex":-1,"prevLogTerm":0,"leaderCommit":-1,"entries":[{"msg":{"action":"Add","node":{"id":"N9","ip":"localhost","port":4590},"type":"NodeMsg","version":0},"term":1,"index":0}],"level":"Cluster","type":"AppendEntries","version":0}
2026-07-28T10:02:11.312561696Z Cluster: follower N1 received: {"term":1,"leaderId":"N3","prevLogIndex":-1,"prevLogTerm":0,"leaderCommit":-1,"entries":[{"msg":{"action":"Add","node":{"id":"N9","ip":"localhost","port":4590},"type":"NodeMsg","version":0},"term":1,"index":0}],"level":"Cluster","type":"AppendEntries","version":0}
2026-07-28T10:02:11.312729211Z Node N1 Cluster: commiting upto index -1
2026-07-28T10:02:11.312700363Z Cluster: follower N2 received: {"term":1,"leaderId":"N3","prevLogIndex":-1,"prevLogTerm":0,"leaderCommit":-1,"entries":[{"msg":{"action":"Add","node":{"id":"N9","ip":"localhost","port":4590},"type":"NodeMsg","version":0},"term":1,"index":0}],"level":"Cluster","type":"AppendEntries","version":0}
2026-07-28T10:02:11.312834919Z Sending message to node N3: {"term":1,"senderId":"N1","success":true,"matchIndex":0,"level":"Cluster","type":"AppendEntriesReply","version":0}
2026-07-28T10:02:11.312886032Z Node N2 Cluster: commiting upto index -1
2026-07-28T10:02:11.312998775Z Sending message to node N3: {"term":1,"senderId":"N2","success":true,"matchIndex":0,"level":"Cluster","type":"AppendEntriesReply","version":0}
2026-07-28T10:02:11.313282577Z Cluster: leader N3 received: {"term":1,"senderId":"N1","success":true,"matchIndex":0,"level":"Cluster","type":"AppendEntriesReply","version":0}
2026-07-28T10:02:11.313419621Z Node N3 Cluster: commiting upto index 0
2026-07-28T10:02:11.313533625Z Cluster: leader node: N3 broadcasting append entries message
2026-07-28T10:02:11.313629496Z Sending message to node N2: {"term":1,"leaderId":"N3","prevLogIndex":-1,"prevLogTerm":0,"leaderCommit":0,"entries":[{"msg":{"action":"Add","node":{"id":"N9","ip":"localhost","port":4590},"type":"NodeMsg","version":0},"term":1,"index":0}],"level":"Cluster","type":"AppendEntries","version":0}
2026-07-28T10:02:11.313905173Z Sending message to node N1: {"term":1,"leaderId":"N3","prevLogIndex":0,"prevLogTerm":1,"leaderCommit":0,"level":"Cluster","type":"AppendEntries","version":0}
2026-07-28T10:02:11.314143008Z Cluster: leader N3 received: {"term":1,"senderId":"N2","success":true,"matchIndex":0,"level":"Cluster","type":"AppendEntriesReply","version":0}
2026-07-28T10:02:11.314151968Z Cluster: follower N2 received: {"term":1,"leaderId":"N3","prevLogIndex":-1,"prevLogTerm":0,"leaderCommit":0,"entries":[{"msg":{"action":"Add","node":{"id":"N9","ip":"localhost","port":4590},"type":"NodeMsg","version":0},"term":1,"index":0}],"level":"Cluster","type":"AppendEntries","version":0}
2026-07-28T10:02:11.314249625Z Node N2 Cluster: commiting upto index 0
2026-07-28T10:02:11.314338608Z Cluster: follower N1 received: {"term":1,"leaderId":"N3","prevLogIndex":0,"prevLogTerm":1,"leaderCommit":0,"level":"Cluster","type":"AppendEntries","version":0}
2026-07-28T10:02:11.314364918Z Sending message to node N3: {"term":1,"senderId":"N2","success":true,"matchIndex":0,"level":"Cluster","type":"AppendEntriesReply","version":0}
2026-07-28T10:02:11.314452258Z Node N1 Cluster: commiting upto index 0
2026-07-28T10:02:11.314599732Z Sending message to node N3: {"term":1,"senderId":"N1","success":true,"matchIndex":0,"level":"Cluster","type":"AppendEntriesReply","version":0}
2026-07-28T10:02:11.315628910Z Cluster: leader N3 received: {"nodes":{"N1":{"id":"N1","ip":"localhost","port":4567},"N2":{"id":"N2","ip":"localhost","port":4568},"N3":{"id":"N3","ip":"localhost","port":4569},"N9":{"id":"N9","ip":"localhost","port":4590}},"action":"Update","type":"Update","version":1}
2026-07-28T10:02:11.315932771Z Node N3 Cluster level raft recieved config update request
2026-07-28T10:02:11.316173617Z Cluster: leader N3 received: {"term":1,"senderId":"N2","success":true,"matchIndex":0,"level":"Cluster","type":"AppendEntriesReply","version":0}
2026-07-28T10:02:11.316351146Z Cluster: leader N3 received: {"term":1,"senderId":"N1","success":true,"matchIndex":0,"level":"Cluster","type":"AppendEntriesReply","version":0}
2026-07-28T10:02:11.316856161Z Cluster: follower N2 received: {"nodes":{"N1":{"id":"N1","ip":"localhost","port":4567},"N2":{"id":"N2","ip":"localhost","port":4568},"N3":{"id":"N3","ip":"localhost","port":4569},"N9":{"id":"N9","ip":"localhost","port":4590}},"action":"Update","type":"Update","version":1}
2026-07-28T10:02:11.317200373Z Node N2 Cluster level raft recieved config update request
2026-07-28T10:02:11.320754831Z Cluster: follower N1 received: {"nodes":{"N1":{"id":"N1","ip":"localhost","port":4567},"N2":{"id":"N2","ip":"localhost","port":4568},"N3":{"id":"N3","ip":"localhost","port":4569},"N9":{"id":"N9","ip":"localhost","port":4590}},"action":"Update","type":"Update","version":1}
2026-07-28T10:02:11.321139890Z Node N1 Cluster level raft recieved config update request
2026-07-28T10:02:12.316727833Z Cluster: Node N3 - Leader sending heartbeats.
2026-07-28T10:02:12.316853899Z Cluster: leader node: N3 broadcasting append entries message
2026-07-28T10:02:12.316955976Z Sending message to node N1: {"term":1,"leaderId":"N3","prevLogIndex":0,"prevLogTerm":1,"leaderCommit":0,"level":"Cluster","type":"AppendEntries","version":0}
2026-07-28T10:02:12.317596617Z Sending message to node N9: {"term":1,"leaderId":"N3","prevLogIndex":-1,"prevLogTerm":0,"leaderCommit":0,"entries":[{"msg":{"action":"Add","node":{"id":"N9","ip":"localhost","port":4590},"type":"NodeMsg","version":0},"term":1,"index":0}],"level":"Cluster","type":"AppendEntries","version":0}
2026-07-28T10:02:12.319177627Z Cluster: follower N1 received: {"term":1,"leaderId":"N3","prevLogIndex":0,"prevLogTerm":1,"leaderCommit":0,"level":"Cluster","type":"AppendEntries","version":0}
2026-07-28T10:02:12.319303652Z Node N1 Cluster: commiting upto index 0
2026-07-28T10:02:12.319370377Z Sending message to node N3: {"term":1,"senderId":"N1","success":true,"matchIndex":0,"level":"Cluster","type":"AppendEntriesReply","version":0}
2026-07-28T10:02:12.320069861Z Sending message to node N2: {"term":1,"leaderId":"N3","prevLogIndex":0,"prevLogTerm":1,"leaderCommit":0,"level":"Cluster","type":"AppendEntries","version":0}
2026-07-28T10:02:12.320325541Z Cluster: leader N3 received: {"term":1,"senderId":"N1","success":true,"matchIndex":0,"level":"Cluster","type":"AppendEntriesReply","version":0}
2026-07-28T10:02:12.321257198Z Cluster: follower N2 received: {"term":1,"leaderId":"N3","prevLogIndex":0,"prevLogTerm":1,"leaderCommit":0,"level":"Cluster","type":"AppendEntries","version":0}
2026-07-28T10:02:12.321439888Z Node N2 Cluster: commiting upto index 0
2026-07-28T10:02:12.321532235Z Sending message to node N3: {"term":1,"senderId":"N2","success":true,"matchIndex":0,"level":"Cluster","type":"AppendEntriesReply","version":0}
2026-07-28T10:02:12.322619133Z Cluster: leader N3 received: {"term":1,"senderId":"N2","success":true,"matchIndex":0,"level":"Cluster","type":"AppendEntriesReply","version":0}
2026-07-28T10:02:12.349920771Z Cluster: learner N9 received: {"term":1,"leaderId":"N3","prevLogIndex":-1,"prevLogTerm":0,"leaderCommit":0,"entries":[{"msg":{"action":"Add","node":{"id":"N9","ip":"localhost","port":4590},"type":"NodeMsg","version":0},"term":1,"index":0}],"level":"Cluster","type":"AppendEntries","version":0}
2026-07-28T10:02:12.357010380Z Node N9 Cluster: commiting upto index 0
2026-07-28T10:02:12.358328327Z Sending message to node N3: {"term":1,"senderId":"N9","success":true,"matchIndex":0,"level":"Cluster","type":"AppendEntriesReply","version":0}
2026-07-28T10:02:12.363186776Z Cluster: leader N3 received: {"term":1,"senderId":"N9","success":true,"matchIndex":0,"level":"Cluster","type":"AppendEntriesReply","version":0}
2026-07-28T10:02:12.363374520Z Cluster: leader node: N3 broadcasting append entries message
2026-07-28T10:02:12.363944444Z Sending message to node N1: {"term":1,"leaderId":"N3","prevLogIndex":0,"prevLogTerm":1,"leaderCommit":0,"entries":[{"msg":{"nodes":{"N1":{"id":"N1","ip":"localhost","port":4567},"N2":{"id":"N2","ip":"localhost","port":4568},"N3":{"id":"N3","ip":"localhost","port":4569},"N9":{"id":"N9","ip":"localhost","port":4590}},"oldNodes":{"N2":{"id":"N2","ip":"localhost","port":4568},"N3":{"id":"N3","ip":"localhost","port":4569},"N1":{"id":"N1","ip":"localhost","port":4567}},"jointConfig":true,"targetVersion":1,"type":"RaftConfig","version":1},"term":1,"index":1}],"level":"Cluster","type":"AppendEntries","version":0}
2026-07-28T10:02:12.364346711Z Sending message to node N9: {"term":1,"leaderId":"N3","prevLogIndex":0,"prevLogTerm":1,"leaderCommit":0,"entries":[{"msg":{"nodes":{"N1":{"id":"N1","ip":"localhost","port":4567},"N2":{"id":"N2","ip":"localhost","port":4568},"N3":{"id":"N3","ip":"localhost","port":4569},"N9":{"id":"N9","ip":"localhost","port":4590}},"oldNodes":{"N2":{"id":"N2","ip":"localhost","port":4568},"N3":{"id":"N3","ip":"localhost","port":4569},"N1":{"id":"N1","ip":"localhost","port":4567}},"jointConfig":true,"targetVersion":1,"type":"RaftConfig","version":1},"term":1,"index":1}],"level":"Cluster","type":"AppendEntries","version":0}
2026-07-28T10:02:12.364934966Z Cluster: learner N9 received: {"nodes":{"N1":{"id":"N1","ip":"localhost","port":4567},"N2":{"id":"N2","ip":"localhost","port":4568},"N3":{"id":"N3","ip":"localhost","port":4569},"N9":{"id":"N9","ip":"localhost","port":4590}},"action":"Update","type":"Update","version":1}
2026-07-28T10:02:12.365233206Z Node N9 Cluster level raft recieved config update request
2026-07-28T10:02:12.365275354Z Sending message to node N2: {"term":1,"leaderId":"N3","prevLogIndex":0,"prevLogTerm":1,"leaderCommit":0,"entries":[{"msg":{"nodes":{"N1":{"id":"N1","ip":"localhost","port":4567},"N2":{"id":"N2","ip":"localhost","port":4568},"N3":{"id":"N3","ip":"localhost","port":4569},"N9":{"id":"N9","ip":"localhost","port":4590}},"oldNodes":{"N2":{"id":"N2","ip":"localhost","port":4568},"N3":{"id":"N3","ip":"localhost","port":4569},"N1":{"id":"N1","ip":"localhost","port":4567}},"jointConfig":true,"targetVersion":1,"type":"RaftConfig","version":1},"term":1,"index":1}],"level":"Cluster","type":"AppendEntries","version":0}
2026-07-28T10:02:12.366488687Z Cluster: learner N9 received: {"term":1,"leaderId":"N3","prevLogIndex":0,"prevLogTerm":1,"leaderCommit":0,"entries":[{"msg":{"nodes":{"N1":{"id":"N1","ip":"localhost","port":4567},"N2":{"id":"N2","ip":"localhost","port":4568},"N3":{"id":"N3","ip":"localhost","port":4569},"N9":{"id":"N9","ip":"localhost","port":4590}},"oldNodes":{"N2":{"id":"N2","ip":"localhost","port":4568},"N3":{"id":"N3","ip":"localhost","port":4569},"N1":{"id":"N1","ip":"localhost","port":4567}},"jointConfig":true,"targetVersion":1,"type":"RaftConfig","version":1},"term":1,"index":1}],"level":"Cluster","type":"AppendEntries","version":0}
2026-07-28T10:02:12.366495989Z Cluster: follower N1 received: {"term":1,"leaderId":"N3","prevLogIndex":0,"prevLogTerm":1,"leaderCommit":0,"entries":[{"msg":{"nodes":{"N1":{"id":"N1","ip":"localhost","port":4567},"N2":{"id":"N2","ip":"localhost","port":4568},"N3":{"id":"N3","ip":"localhost","port":4569},"N9":{"id":"N9","ip":"localhost","port":4590}},"oldNodes":{"N2":{"id":"N2","ip":"localhost","port":4568},"N3":{"id":"N3","ip":"localhost","port":4569},"N1":{"id":"N1","ip":"localhost","port":4567}},"jointConfig":true,"targetVersion":1,"type":"RaftConfig","version":1},"term":1,"index":1}],"level":"Cluster","type":"AppendEntries","version":0}
2026-07-28T10:02:12.366633843Z Node N1 Cluster: commiting upto index 0
2026-07-28T10:02:12.366635787Z Node N9 Cluster: commiting upto index 0
2026-07-28T10:02:12.366703749Z Sending message to node N3: {"term":1,"senderId":"N1","success":true,"matchIndex":1,"level":"Cluster","type":"AppendEntriesReply","version":0}
2026-07-28T10:02:12.366774927Z Sending message to node N3: {"term":1,"senderId":"N9","success":true,"matchIndex":1,"level":"Cluster","type":"AppendEntriesReply","version":0}
2026-07-28T10:02:12.367355380Z Cluster: leader N3 received: {"term":1,"senderId":"N1","success":true,"matchIndex":1,"level":"Cluster","type":"AppendEntriesReply","version":0}
2026-07-28T10:02:12.367584685Z Cluster: leader N3 received: {"term":1,"senderId":"N9","success":true,"matchIndex":1,"level":"Cluster","type":"AppendEntriesReply","version":0}
2026-07-28T10:02:12.368046157Z Cluster: follower N2 received: {"term":1,"leaderId":"N3","prevLogIndex":0,"prevLogTerm":1,"leaderCommit":0,"entries":[{"msg":{"nodes":{"N1":{"id":"N1","ip":"localhost","port":4567},"N2":{"id":"N2","ip":"localhost","port":4568},"N3":{"id":"N3","ip":"localhost","port":4569},"N9":{"id":"N9","ip":"localhost","port":4590}},"oldNodes":{"N2":{"id":"N2","ip":"localhost","port":4568},"N3":{"id":"N3","ip":"localhost","port":4569},"N1":{"id":"N1","ip":"localhost","port":4567}},"jointConfig":true,"targetVersion":1,"type":"RaftConfig","version":1},"term":1,"index":1}],"level":"Cluster","type":"AppendEntries","version":0}
2026-07-28T10:02:12.368218789Z Node N2 Cluster: commiting upto index 0
2026-07-28T10:02:12.368330405Z Sending message to node N3: {"term":1,"senderId":"N2","success":true,"matchIndex":1,"level":"Cluster","type":"AppendEntriesReply","version":0}
2026-07-28T10:02:12.368737377Z Cluster: leader N3 received: {"term":1,"senderId":"N2","success":true,"matchIndex":1,"level":"Cluster","type":"AppendEntriesReply","version":0}
2026-07-28T10:02:12.368837838Z Node N3 Cluster: commiting upto index 1
2026-07-28T10:02:12.368965962Z Cluster: leader node: N3 broadcasting append entries message
2026-07-28T10:02:12.369287017Z Sending message to node N1: {"term":1,"leaderId":"N3","prevLogIndex":1,"prevLogTerm":1,"leaderCommit":1,"entries":[{"msg":{"nodes":{"N1":{"id":"N1","ip":"localhost","port":4567},"N2":{"id":"N2","ip":"localhost","port":4568},"N3":{"id":"N3","ip":"localhost","port":4569},"N9":{"id":"N9","ip":"localhost","port":4590}},"jointConfig":false,"targetVersion":1,"type":"RaftConfig","version":1},"term":1,"index":2}],"level":"Cluster","type":"AppendEntries","version":0}
2026-07-28T10:02:12.369563006Z Sending message to node N9: {"term":1,"leaderId":"N3","prevLogIndex":1,"prevLogTerm":1,"leaderCommit":1,"entries":[{"msg":{"nodes":{"N1":{"id":"N1","ip":"localhost","port":4567},"N2":{"id":"N2","ip":"localhost","port":4568},"N3":{"id":"N3","ip":"localhost","port":4569},"N9":{"id":"N9","ip":"localhost","port":4590}},"jointConfig":false,"targetVersion":1,"type":"RaftConfig","version":1},"term":1,"index":2}],"level":"Cluster","type":"AppendEntries","version":0}
2026-07-28T10:02:12.369810784Z Sending message to node N2: {"term":1,"leaderId":"N3","prevLogIndex":1,"prevLogTerm":1,"leaderCommit":1,"entries":[{"msg":{"nodes":{"N1":{"id":"N1","ip":"localhost","port":4567},"N2":{"id":"N2","ip":"localhost","port":4568},"N3":{"id":"N3","ip":"localhost","port":4569},"N9":{"id":"N9","ip":"localhost","port":4590}},"jointConfig":false,"targetVersion":1,"type":"RaftConfig","version":1},"term":1,"index":2}],"level":"Cluster","type":"AppendEntries","version":0}
2026-07-28T10:02:12.370358660Z Cluster: follower N2 received: {"term":1,"leaderId":"N3","prevLogIndex":1,"prevLogTerm":1,"leaderCommit":1,"entries":[{"msg":{"nodes":{"N1":{"id":"N1","ip":"localhost","port":4567},"N2":{"id":"N2","ip":"localhost","port":4568},"N3":{"id":"N3","ip":"localhost","port":4569},"N9":{"id":"N9","ip":"localhost","port":4590}},"jointConfig":false,"targetVersion":1,"type":"RaftConfig","version":1},"term":1,"index":2}],"level":"Cluster","type":"AppendEntries","version":0}
2026-07-28T10:02:12.370453405Z Node N2 Cluster: commiting upto index 1
2026-07-28T10:02:12.370600624Z Sending message to node N3: {"term":1,"senderId":"N2","success":true,"matchIndex":2,"level":"Cluster","type":"AppendEntriesReply","version":0}
2026-07-28T10:02:12.371166933Z Cluster: leader N3 received: {"term":1,"senderId":"N2","success":true,"matchIndex":2,"level":"Cluster","type":"AppendEntriesReply","version":0}
2026-07-28T10:02:12.371288587Z Cluster: follower N1 received: {"term":1,"leaderId":"N3","prevLogIndex":1,"prevLogTerm":1,"leaderCommit":1,"entries":[{"msg":{"nodes":{"N1":{"id":"N1","ip":"localhost","port":4567},"N2":{"id":"N2","ip":"localhost","port":4568},"N3":{"id":"N3","ip":"localhost","port":4569},"N9":{"id":"N9","ip":"localhost","port":4590}},"jointConfig":false,"targetVersion":1,"type":"RaftConfig","version":1},"term":1,"index":2}],"level":"Cluster","type":"AppendEntries","version":0}
2026-07-28T10:02:12.371391404Z Node N1 Cluster: commiting upto index 1
2026-07-28T10:02:12.371587130Z Sending message to node N3: {"term":1,"senderId":"N1","success":true,"matchIndex":2,"level":"Cluster","type":"AppendEntriesReply","version":0}
2026-07-28T10:02:12.371956730Z Cluster: leader N3 received: {"term":1,"senderId":"N1","success":true,"matchIndex":2,"level":"Cluster","type":"AppendEntriesReply","version":0}
2026-07-28T10:02:12.372624506Z Cluster: learner N9 received: {"term":1,"leaderId":"N3","prevLogIndex":1,"prevLogTerm":1,"leaderCommit":1,"entries":[{"msg":{"nodes":{"N1":{"id":"N1","ip":"localhost","port":4567},"N2":{"id":"N2","ip":"localhost","port":4568},"N3":{"id":"N3","ip":"localhost","port":4569},"N9":{"id":"N9","ip":"localhost","port":4590}},"jointConfig":false,"targetVersion":1,"type":"RaftConfig","version":1},"term":1,"index":2}],"level":"Cluster","type":"AppendEntries","version":0}
2026-07-28T10:02:12.372938134Z Node N9 Cluster: commiting upto index 1
2026-07-28T10:02:12.373185706Z Sending message to node N3: {"term":1,"senderId":"N9","success":true,"matchIndex":2,"level":"Cluster","type":"AppendEntriesReply","version":0}
2026-07-28T10:02:12.374091178Z Cluster: leader N3 received: {"term":1,"senderId":"N9","success":true,"matchIndex":2,"level":"Cluster","type":"AppendEntriesReply","version":0}
2026-07-28T10:02:12.374196257Z Node N3 Cluster: commiting upto index 2
2026-07-28T10:02:12.374324052Z Cluster: leader node: N3 broadcasting append entries message
2026-07-28T10:02:12.374387094Z Sending message to node N1: {"term":1,"leaderId":"N3","prevLogIndex":2,"prevLogTerm":1,"leaderCommit":2,"level":"Cluster","type":"AppendEntries","version":1}
2026-07-28T10:02:12.374623901Z Sending message to node N9: {"term":1,"leaderId":"N3","prevLogIndex":2,"prevLogTerm":1,"leaderCommit":2,"level":"Cluster","type":"AppendEntries","version":1}
2026-07-28T10:02:12.374815206Z Sending message to node N2: {"term":1,"leaderId":"N3","prevLogIndex":2,"prevLogTerm":1,"leaderCommit":2,"level":"Cluster","type":"AppendEntries","version":1}
2026-07-28T10:02:12.375022167Z Cluster: follower N1 received: {"term":1,"leaderId":"N3","prevLogIndex":2,"prevLogTerm":1,"leaderCommit":2,"level":"Cluster","type":"AppendEntries","version":1}
2026-07-28T10:02:12.375166516Z Node N1 Cluster: commiting upto index 2
2026-07-28T10:02:12.375327665Z Sending message to node N3: {"term":1,"senderId":"N1","success":true,"matchIndex":2,"level":"Cluster","type":"AppendEntriesReply","version":1}
2026-07-28T10:02:12.375335121Z Cluster: follower N2 received: {"term":1,"leaderId":"N3","prevLogIndex":2,"prevLogTerm":1,"leaderCommit":2,"level":"Cluster","type":"AppendEntries","version":1}
2026-07-28T10:02:12.375420134Z Node N2 Cluster: commiting upto index 2
2026-07-28T10:02:12.375528474Z Sending message to node N3: {"term":1,"senderId":"N2","success":true,"matchIndex":2,"level":"Cluster","type":"AppendEntriesReply","version":1}
2026-07-28T10:02:12.375578501Z Cluster: learner N9 received: {"term":1,"leaderId":"N3","prevLogIndex":2,"prevLogTerm":1,"leaderCommit":2,"level":"Cluster","type":"AppendEntries","version":1}
2026-07-28T10:02:12.375678143Z Node N9 Cluster: commiting upto index 2
2026-07-28T10:02:12.375816365Z Sending message to node N3: {"term":1,"senderId":"N9","success":true,"matchIndex":2,"level":"Cluster","type":"AppendEntriesReply","version":1}
2026-07-28T10:02:12.375832004Z Cluster: leader N3 received: {"term":1,"senderId":"N1","success":true,"matchIndex":2,"level":"Cluster","type":"AppendEntriesReply","version":1}
2026-07-28T10:02:12.375948994Z Cluster: leader N3 received: {"term":1,"senderId":"N2","success":true,"matchIndex":2,"level":"Cluster","type":"AppendEntriesReply","version":1}
2026-07-28T10:02:12.376227458Z Cluster: leader N3 received: {"term":1,"senderId":"N9","success":true,"matchIndex":2,"level":"Cluster","type":"AppendEntriesReply","version":1}
2026-07-28T10:02:13.376841867Z Cluster: Node N3 - Leader sending heartbeats.
2026-07-28T10:02:13.377036912Z Cluster: leader node: N3 broadcasting append entries message
2026-07-28T10:02:13.377316217Z Sending message to node N1: {"term":1,"leaderId":"N3","prevLogIndex":2,"prevLogTerm":1,"leaderCommit":2,"level":"Cluster","type":"AppendEntries","version":1}
2026-07-28T10:02:13.377666579Z Sending message to node N9: {"term":1,"leaderId":"N3","prevLogIndex":2,"prevLogTerm":1,"leaderCommit":2,"level":"Cluster","type":"AppendEntries","version":1}
2026-07-28T10:02:13.377898722Z Sending message to node N2: {"term":1,"leaderId":"N3","prevLogIndex":2,"prevLogTerm":1,"leaderCommit":2,"level":"Cluster","type":"AppendEntries","version":1}
2026-07-28T10:02:13.378649110Z Cluster: follower N1 received: {"term":1,"leaderId":"N3","prevLogIndex":2,"prevLogTerm":1,"leaderCommit":2,"level":"Cluster","type":"AppendEntries","version":1}
2026-07-28T10:02:13.378794437Z Node N1 Cluster: commiting upto index 2
2026-07-28T10:02:13.378882939Z Sending message to node N3: {"term":1,"senderId":"N1","success":true,"matchIndex":2,"level":"Cluster","type":"AppendEntriesReply","version":1}
2026-07-28T10:02:13.378945022Z Cluster: follower N2 received: {"term":1,"leaderId":"N3","prevLogIndex":2,"prevLogTerm":1,"leaderCommit":2,"level":"Cluster","type":"AppendEntries","version":1}
2026-07-28T10:02:13.379041635Z Node N2 Cluster: commiting upto index 2
2026-07-28T10:02:13.379111986Z Sending message to node N3: {"term":1,"senderId":"N2","success":true,"matchIndex":2,"level":"Cluster","type":"AppendEntriesReply","version":1}
2026-07-28T10:02:13.379350941Z Cluster: leader N3 received: {"term":1,"senderId":"N1","success":true,"matchIndex":2,"level":"Cluster","type":"AppendEntriesReply","version":1}
2026-07-28T10:02:13.379598275Z Cluster: leader N3 received: {"term":1,"senderId":"N2","success":true,"matchIndex":2,"level":"Cluster","type":"AppendEntriesReply","version":1}
2026-07-28T10:02:13.379605962Z Cluster: follower N9 received: {"term":1,"leaderId":"N3","prevLogIndex":2,"prevLogTerm":1,"leaderCommit":2,"level":"Cluster","type":"AppendEntries","version":1}
2026-07-28T10:02:13.379743810Z Node N9 Cluster: commiting upto index 2
2026-07-28T10:02:13.381045474Z Sending message to node N3: {"term":1,"senderId":"N9","success":true,"matchIndex":2,"level":"Cluster","type":"AppendEntriesReply","version":1}
2026-07-28T10:02:13.382457931Z Cluster: leader N3 received: {"term":1,"senderId":"N9","success":true,"matchIndex":2,"level":"Cluster","type":"AppendEntriesReply","version":1}
2026-07-28T10:02:14.387504843Z Cluster: Node N3 - Leader sending heartbeats.
2026-07-28T10:02:14.388083827Z Cluster: leader node: N3 broadcasting append entries message
2026-07-28T10:02:14.388638623Z Sending message to node N1: {"term":1,"leaderId":"N3","prevLogIndex":2,"prevLogTerm":1,"leaderCommit":2,"level":"Cluster","type":"AppendEntries","version":1}
2026-07-28T10:02:14.389933081Z Sending message to node N9: {"term":1,"leaderId":"N3","prevLogIndex":2,"prevLogTerm":1,"leaderCommit":2,"level":"Cluster","type":"AppendEntries","version":1}
2026-07-28T10:02:14.391010762Z Sending message to node N2: {"term":1,"leaderId":"N3","prevLogIndex":2,"prevLogTerm":1,"leaderCommit":2,"level":"Cluster","type":"AppendEntries","version":1}
2026-07-28T10:02:14.390947732Z Cluster: follower N1 received: {"term":1,"leaderId":"N3","prevLogIndex":2,"prevLogTerm":1,"leaderCommit":2,"level":"Cluster","type":"AppendEntries","version":1}
2026-07-28T10:02:14.391344127Z Node N1 Cluster: commiting upto index 2
2026-07-28T10:02:14.391575254Z Sending message to node N3: {"term":1,"senderId":"N1","success":true,"matchIndex":2,"level":"Cluster","type":"AppendEntriesReply","version":1}
2026-07-28T10:02:14.393120194Z Cluster: follower N2 received: {"term":1,"leaderId":"N3","prevLogIndex":2,"prevLogTerm":1,"leaderCommit":2,"level":"Cluster","type":"AppendEntries","version":1}
2026-07-28T10:02:14.393219753Z Cluster: follower N9 received: {"term":1,"leaderId":"N3","prevLogIndex":2,"prevLogTerm":1,"leaderCommit":2,"level":"Cluster","type":"AppendEntries","version":1}
2026-07-28T10:02:14.393506044Z Node N2 Cluster: commiting upto index 2
2026-07-28T10:02:14.393543298Z Node N9 Cluster: commiting upto index 2
2026-07-28T10:02:14.393724522Z Sending message to node N3: {"term":1,"senderId":"N2","success":true,"matchIndex":2,"level":"Cluster","type":"AppendEntriesReply","version":1}
2026-07-28T10:02:14.393793765Z Sending message to node N3: {"term":1,"senderId":"N9","success":true,"matchIndex":2,"level":"Cluster","type":"AppendEntriesReply","version":1}
2026-07-28T10:02:14.396196611Z Cluster: leader N3 received: {"term":1,"senderId":"N1","success":true,"matchIndex":2,"level":"Cluster","type":"AppendEntriesReply","version":1}
2026-07-28T10:02:14.396527204Z Cluster: leader N3 received: {"term":1,"senderId":"N2","success":true,"matchIndex":2,"level":"Cluster","type":"AppendEntriesReply","version":1}
2026-07-28T10:02:14.397313691Z Cluster: leader N3 received: {"term":1,"senderId":"N9","success":true,"matchIndex":2,"level":"Cluster","type":"AppendEntriesReply","version":1}
2026-07-28T10:02:15.397989292Z Cluster: Node N3 - Leader sending heartbeats.
2026-07-28T10:02:15.398859798Z Cluster: leader node: N3 broadcasting append entries message
2026-07-28T10:02:15.399825465Z Sending message to node N1: {"term":1,"leaderId":"N3","prevLogIndex":2,"prevLogTerm":1,"leaderCommit":2,"level":"Cluster","type":"AppendEntries","version":1}
2026-07-28T10:02:15.401946216Z Sending message to node N9: {"term":1,"leaderId":"N3","prevLogIndex":2,"prevLogTerm":1,"leaderCommit":2,"level":"Cluster","type":"AppendEntries","version":1}
2026-07-28T10:02:15.403074868Z Sending message to node N2: {"term":1,"leaderId":"N3","prevLogIndex":2,"prevLogTerm":1,"leaderCommit":2,"level":"Cluster","type":"AppendEntries","version":1}
2026-07-28T10:02:15.404980511Z Cluster: follower N2 received: {"term":1,"leaderId":"N3","prevLogIndex":2,"prevLogTerm":1,"leaderCommit":2,"level":"Cluster","type":"AppendEntries","version":1}
2026-07-28T10:02:15.405359436Z Node N2 Cluster: commiting upto index 2
2026-07-28T10:02:15.405664965Z Sending message to node N3: {"term":1,"senderId":"N2","success":true,"matchIndex":2,"level":"Cluster","type":"AppendEntriesReply","version":1}
2026-07-28T10:02:15.405738629Z Cluster: follower N1 received: {"term":1,"leaderId":"N3","prevLogIndex":2,"prevLogTerm":1,"leaderCommit":2,"level":"Cluster","type":"AppendEntries","version":1}
2026-07-28T10:02:15.405963401Z Node N1 Cluster: commiting upto index 2
2026-07-28T10:02:15.406116464Z Sending message to node N3: {"term":1,"senderId":"N1","success":true,"matchIndex":2,"level":"Cluster","type":"AppendEntriesReply","version":1}
2026-07-28T10:02:15.407261966Z Cluster: follower N9 received: {"term":1,"leaderId":"N3","prevLogIndex":2,"prevLogTerm":1,"leaderCommit":2,"level":"Cluster","type":"AppendEntries","version":1}
2026-07-28T10:02:15.407586027Z Node N9 Cluster: commiting upto index 2
2026-07-28T10:02:15.407800033Z Cluster: leader N3 received: {"term":1,"senderId":"N2","success":true,"matchIndex":2,"level":"Cluster","type":"AppendEntriesReply","version":1}
2026-07-28T10:02:15.407916294Z Sending message to node N3: {"term":1,"senderId":"N9","success":true,"matchIndex":2,"level":"Cluster","type":"AppendEntriesReply","version":1}
2026-07-28T10:02:15.408164517Z Cluster: leader N3 received: {"term":1,"senderId":"N1","success":true,"matchIndex":2,"level":"Cluster","type":"AppendEntriesReply","version":1}
2026-07-28T10:02:15.409187925Z Cluster: leader N3 received: {"term":1,"senderId":"N9","success":true,"matchIndex":2,"level":"Cluster","type":"AppendEntriesReply","version":1}
2026-07-28T10:02:16.412709796Z Cluster: Node N3 - Leader sending heartbeats.
2026-07-28T10:02:16.417044608Z Cluster: leader node: N3 broadcasting append entries message
2026-07-28T10:02:16.417592656Z Sending message to node N1: {"term":1,"leaderId":"N3","prevLogIndex":2,"prevLogTerm":1,"leaderCommit":2,"level":"Cluster","type":"AppendEntries","version":1}
2026-07-28T10:02:16.418140910Z Sending message to node N9: {"term":1,"leaderId":"N3","prevLogIndex":2,"prevLogTerm":1,"leaderCommit":2,"level":"Cluster","type":"AppendEntries","version":1}
2026-07-28T10:02:16.418389181Z Sending message to node N2: {"term":1,"leaderId":"N3","prevLogIndex":2,"prevLogTerm":1,"leaderCommit":2,"level":"Cluster","type":"AppendEntries","version":1}
2026-07-28T10:02:16.419096851Z Cluster: follower N1 received: {"term":1,"leaderId":"N3","prevLogIndex":2,"prevLogTerm":1,"leaderCommit":2,"level":"Cluster","type":"AppendEntries","version":1}
2026-07-28T10:02:16.419490603Z Node N1 Cluster: commiting upto index 2
2026-07-28T10:02:16.419522250Z Cluster: follower N2 received: {"term":1,"leaderId":"N3","prevLogIndex":2,"prevLogTerm":1,"leaderCommit":2,"level":"Cluster","type":"AppendEntries","version":1}
2026-07-28T10:02:16.419723662Z Sending message to node N3: {"term":1,"senderId":"N1","success":true,"matchIndex":2,"level":"Cluster","type":"AppendEntriesReply","version":1}
2026-07-28T10:02:16.419189158Z Cluster: follower N9 received: {"term":1,"leaderId":"N3","prevLogIndex":2,"prevLogTerm":1,"leaderCommit":2,"level":"Cluster","type":"AppendEntries","version":1}
2026-07-28T10:02:16.420158178Z Node N9 Cluster: commiting upto index 2
2026-07-28T10:02:16.420568942Z Sending message to node N3: {"term":1,"senderId":"N9","success":true,"matchIndex":2,"level":"Cluster","type":"AppendEntriesReply","version":1}
2026-07-28T10:02:16.421011770Z Node N2 Cluster: commiting upto index 2
2026-07-28T10:02:16.422136420Z Sending message to node N3: {"term":1,"senderId":"N2","success":true,"matchIndex":2,"level":"Cluster","type":"AppendEntriesReply","version":1}
2026-07-28T10:02:16.423237181Z Cluster: leader N3 received: {"term":1,"senderId":"N1","success":true,"matchIndex":2,"level":"Cluster","type":"AppendEntriesReply","version":1}
2026-07-28T10:02:16.423369035Z Cluster: leader N3 received: {"term":1,"senderId":"N9","success":true,"matchIndex":2,"level":"Cluster","type":"AppendEntriesReply","version":1}
2026-07-28T10:02:16.423492631Z Cluster: leader N3 received: {"term":1,"senderId":"N2","success":true,"matchIndex":2,"level":"Cluster","type":"AppendEntriesReply","version":1}
2026-07-28T10:02:17.424012789Z Cluster: Node N3 - Leader sending heartbeats.
2026-07-28T10:02:17.424471726Z Cluster: leader node: N3 broadcasting append entries message
2026-07-28T10:02:17.425065200Z Sending message to node N1: {"term":1,"leaderId":"N3","prevLogIndex":2,"prevLogTerm":1,"leaderCommit":2,"level":"Cluster","type":"AppendEntries","version":1}
2026-07-28T10:02:17.426240362Z Sending message to node N9: {"term":1,"leaderId":"N3","prevLogIndex":2,"prevLogTerm":1,"leaderCommit":2,"level":"Cluster","type":"AppendEntries","version":1}
2026-07-28T10:02:17.427204793Z Sending message to node N2: {"term":1,"leaderId":"N3","prevLogIndex":2,"prevLogTerm":1,"leaderCommit":2,"level":"Cluster","type":"AppendEntries","version":1}
2026-07-28T10:02:17.431756134Z Cluster: follower N1 received: {"term":1,"leaderId":"N3","prevLogIndex":2,"prevLogTerm":1,"leaderCommit":2,"level":"Cluster","type":"AppendEntries","version":1}
2026-07-28T10:02:17.431987678Z Node N1 Cluster: commiting upto index 2
2026-07-28T10:02:17.432341633Z Cluster: follower N2 received: {"term":1,"leaderId":"N3","prevLogIndex":2,"prevLogTerm":1,"leaderCommit":2,"level":"Cluster","type":"AppendEntries","version":1}
2026-07-28T10:02:17.432804244Z Cluster: follower N9 received: {"term":1,"leaderId":"N3","prevLogIndex":2,"prevLogTerm":1,"leaderCommit":2,"level":"Cluster","type":"AppendEntries","version":1}
2026-07-28T10:02:17.432963438Z Sending message to node N3: {"term":1,"senderId":"N1","success":true,"matchIndex":2,"level":"Cluster","type":"AppendEntriesReply","version":1}
2026-07-28T10:02:17.433003038Z Node N2 Cluster: commiting upto index 2
2026-07-28T10:02:17.433079051Z Node N9 Cluster: commiting upto index 2
2026-07-28T10:02:17.433186007Z Sending message to node N3: {"term":1,"senderId":"N2","success":true,"matchIndex":2,"level":"Cluster","type":"AppendEntriesReply","version":1}
2026-07-28T10:02:17.433354187Z Sending message to node N3: {"term":1,"senderId":"N9","success":true,"matchIndex":2,"level":"Cluster","type":"AppendEntriesReply","version":1}
2026-07-28T10:02:17.434135451Z Cluster: leader N3 received: {"term":1,"senderId":"N1","success":true,"matchIndex":2,"level":"Cluster","type":"AppendEntriesReply","version":1}
2026-07-28T10:02:17.434356243Z Cluster: leader N3 received: {"term":1,"senderId":"N2","success":true,"matchIndex":2,"level":"Cluster","type":"AppendEntriesReply","version":1}
2026-07-28T10:02:17.434570830Z Cluster: leader N3 received: {"term":1,"senderId":"N9","success":true,"matchIndex":2,"level":"Cluster","type":"AppendEntriesReply","version":1}
2026-07-28T10:02:18.435248998Z Cluster: Node N3 - Leader sending heartbeats.
2026-07-28T10:02:18.435705898Z Cluster: leader node: N3 broadcasting append entries message
2026-07-28T10:02:18.436062798Z Sending message to node N1: {"term":1,"leaderId":"N3","prevLogIndex":2,"prevLogTerm":1,"leaderCommit":2,"level":"Cluster","type":"AppendEntries","version":1}
2026-07-28T10:02:18.437986108Z Sending message to node N9: {"term":1,"leaderId":"N3","prevLogIndex":2,"prevLogTerm":1,"leaderCommit":2,"level":"Cluster","type":"AppendEntries","version":1}
2026-07-28T10:02:18.438989258Z Sending message to node N2: {"term":1,"leaderId":"N3","prevLogIndex":2,"prevLogTerm":1,"leaderCommit":2,"level":"Cluster","type":"AppendEntries","version":1}
2026-07-28T10:02:18.441406040Z Cluster: follower N9 received: {"term":1,"leaderId":"N3","prevLogIndex":2,"prevLogTerm":1,"leaderCommit":2,"level":"Cluster","type":"AppendEntries","version":1}
2026-07-28T10:02:18.441699286Z Node N9 Cluster: commiting upto index 2
2026-07-28T10:02:18.441946395Z Sending message to node N3: {"term":1,"senderId":"N9","success":true,"matchIndex":2,"level":"Cluster","type":"AppendEntriesReply","version":1}
2026-07-28T10:02:18.442685435Z Cluster: follower N1 received: {"term":1,"leaderId":"N3","prevLogIndex":2,"prevLogTerm":1,"leaderCommit":2,"level":"Cluster","type":"AppendEntries","version":1}
2026-07-28T10:02:18.442966051Z Node N1 Cluster: commiting upto index 2
2026-07-28T10:02:18.442916845Z Cluster: follower N2 received: {"term":1,"leaderId":"N3","prevLogIndex":2,"prevLogTerm":1,"leaderCommit":2,"level":"Cluster","type":"AppendEntries","version":1}
2026-07-28T10:02:18.443208284Z Sending message to node N3: {"term":1,"senderId":"N1","success":true,"matchIndex":2,"level":"Cluster","type":"AppendEntriesReply","version":1}
2026-07-28T10:02:18.443240438Z Node N2 Cluster: commiting upto index 2
2026-07-28T10:02:18.443852292Z Cluster: leader N3 received: {"term":1,"senderId":"N9","success":true,"matchIndex":2,"level":"Cluster","type":"AppendEntriesReply","version":1}
2026-07-28T10:02:18.444136379Z Cluster: leader N3 received: {"term":1,"senderId":"N1","success":true,"matchIndex":2,"level":"Cluster","type":"AppendEntriesReply","version":1}
2026-07-28T10:02:18.444484076Z Sending message to node N3: {"term":1,"senderId":"N2","success":true,"matchIndex":2,"level":"Cluster","type":"AppendEntriesReply","version":1}
2026-07-28T10:02:18.445711840Z Cluster: leader N3 received: {"term":1,"senderId":"N2","success":true,"matchIndex":2,"level":"Cluster","type":"AppendEntriesReply","version":1}
2026-07-28T10:02:19.446652521Z Cluster: Node N3 - Leader sending heartbeats.
2026-07-28T10:02:19.447103541Z Cluster: leader node: N3 broadcasting append entries message
2026-07-28T10:02:19.447436231Z Sending message to node N1: {"term":1,"leaderId":"N3","prevLogIndex":2,"prevLogTerm":1,"leaderCommit":2,"level":"Cluster","type":"AppendEntries","version":1}
2026-07-28T10:02:19.448662643Z Sending message to node N9: {"term":1,"leaderId":"N3","prevLogIndex":2,"prevLogTerm":1,"leaderCommit":2,"level":"Cluster","type":"AppendEntries","version":1}
2026-07-28T10:02:19.449389989Z Sending message to node N2: {"term":1,"leaderId":"N3","prevLogIndex":2,"prevLogTerm":1,"leaderCommit":2,"level":"Cluster","type":"AppendEntries","version":1}
2026-07-28T10:02:19.449321277Z Cluster: follower N1 received: {"term":1,"leaderId":"N3","prevLogIndex":2,"prevLogTerm":1,"leaderCommit":2,"level":"Cluster","type":"AppendEntries","version":1}
2026-07-28T10:02:19.449599359Z Node N1 Cluster: commiting upto index 2
2026-07-28T10:02:19.449947246Z Sending message to node N3: {"term":1,"senderId":"N1","success":true,"matchIndex":2,"level":"Cluster","type":"AppendEntriesReply","version":1}
2026-07-28T10:02:19.450804679Z Cluster: follower N9 received: {"term":1,"leaderId":"N3","prevLogIndex":2,"prevLogTerm":1,"leaderCommit":2,"level":"Cluster","type":"AppendEntries","version":1}
2026-07-28T10:02:19.451217272Z Node N9 Cluster: commiting upto index 2
2026-07-28T10:02:19.451582840Z Cluster: follower N2 received: {"term":1,"leaderId":"N3","prevLogIndex":2,"prevLogTerm":1,"leaderCommit":2,"level":"Cluster","type":"AppendEntries","version":1}
2026-07-28T10:02:19.451566554Z Sending message to node N3: {"term":1,"senderId":"N9","success":true,"matchIndex":2,"level":"Cluster","type":"AppendEntriesReply","version":1}
2026-07-28T10:02:19.451846881Z Node N2 Cluster: commiting upto index 2
2026-07-28T10:02:19.451956551Z Cluster: leader N3 received: {"term":1,"senderId":"N1","success":true,"matchIndex":2,"level":"Cluster","type":"AppendEntriesReply","version":1}
2026-07-28T10:02:19.452097966Z Sending message to node N3: {"term":1,"senderId":"N2","success":true,"matchIndex":2,"level":"Cluster","type":"AppendEntriesReply","version":1}
2026-07-28T10:02:19.453092739Z Cluster: leader N3 received: {"term":1,"senderId":"N9","success":true,"matchIndex":2,"level":"Cluster","type":"AppendEntriesReply","version":1}
2026-07-28T10:02:19.453309538Z Cluster: leader N3 received: {"term":1,"senderId":"N2","success":true,"matchIndex":2,"level":"Cluster","type":"AppendEntriesReply","version":1}
2026-07-28T10:02:20.453518685Z Cluster: Node N3 - Leader sending heartbeats.
2026-07-28T10:02:20.453623412Z Cluster: leader node: N3 broadcasting append entries message
2026-07-28T10:02:20.453700463Z Sending message to node N1: {"term":1,"leaderId":"N3","prevLogIndex":2,"prevLogTerm":1,"leaderCommit":2,"level":"Cluster","type":"AppendEntries","version":1}
2026-07-28T10:02:20.454045906Z Sending message to node N9: {"term":1,"leaderId":"N3","prevLogIndex":2,"prevLogTerm":1,"leaderCommit":2,"level":"Cluster","type":"AppendEntries","version":1}
2026-07-28T10:02:20.454255983Z Sending message to node N2: {"term":1,"leaderId":"N3","prevLogIndex":2,"prevLogTerm":1,"leaderCommit":2,"level":"Cluster","type":"AppendEntries","version":1}
2026-07-28T10:02:20.454338720Z Cluster: follower N1 received: {"term":1,"leaderId":"N3","prevLogIndex":2,"prevLogTerm":1,"leaderCommit":2,"level":"Cluster","type":"AppendEntries","version":1}
2026-07-28T10:02:20.454452739Z Node N1 Cluster: commiting upto index 2
2026-07-28T10:02:20.454511948Z Sending message to node N3: {"term":1,"senderId":"N1","success":true,"matchIndex":2,"level":"Cluster","type":"AppendEntriesReply","version":1}
2026-07-28T10:02:20.455011534Z Cluster: follower N9 received: {"term":1,"leaderId":"N3","prevLogIndex":2,"prevLogTerm":1,"leaderCommit":2,"level":"Cluster","type":"AppendEntries","version":1}
2026-07-28T10:02:20.455175129Z Node N9 Cluster: commiting upto index 2
2026-07-28T10:02:20.455200857Z Cluster: follower N2 received: {"term":1,"leaderId":"N3","prevLogIndex":2,"prevLogTerm":1,"leaderCommit":2,"level":"Cluster","type":"AppendEntries","version":1}
2026-07-28T10:02:20.455271196Z Sending message to node N3: {"term":1,"senderId":"N9","success":true,"matchIndex":2,"level":"Cluster","type":"AppendEntriesReply","version":1}
2026-07-28T10:02:20.455336856Z Node N2 Cluster: commiting upto index 2
2026-07-28T10:02:20.455411126Z Sending message to node N3: {"term":1,"senderId":"N2","success":true,"matchIndex":2,"level":"Cluster","type":"AppendEntriesReply","version":1}
2026-07-28T10:02:20.457197853Z Cluster: leader N3 received: {"term":1,"senderId":"N1","success":true,"matchIndex":2,"level":"Cluster","type":"AppendEntriesReply","version":1}
2026-07-28T10:02:20.457264765Z Cluster: leader N3 received: {"term":1,"senderId":"N9","success":true,"matchIndex":2,"level":"Cluster","type":"AppendEntriesReply","version":1}
2026-07-28T10:02:20.457304619Z Cluster: leader N3 received: {"term":1,"senderId":"N2","success":true,"matchIndex":2,"level":"Cluster","type":"AppendEntriesReply","version":1}
2026-07-28T10:02:21.457799544Z Cluster: Node N3 - Leader sending heartbeats.
2026-07-28T10:02:21.458254465Z Cluster: leader node: N3 broadcasting append entries message
2026-07-28T10:02:21.458695068Z Sending message to node N1: {"term":1,"leaderId":"N3","prevLogIndex":2,"prevLogTerm":1,"leaderCommit":2,"level":"Cluster","type":"AppendEntries","version":1}
2026-07-28T10:02:21.459950778Z Sending message to node N9: {"term":1,"leaderId":"N3","prevLogIndex":2,"prevLogTerm":1,"leaderCommit":2,"level":"Cluster","type":"AppendEntries","version":1}
2026-07-28T10:02:21.461875577Z Cluster: follower N1 received: {"term":1,"leaderId":"N3","prevLogIndex":2,"prevLogTerm":1,"leaderCommit":2,"level":"Cluster","type":"AppendEntries","version":1}
2026-07-28T10:02:21.462189857Z Node N1 Cluster: commiting upto index 2
2026-07-28T10:02:21.462444163Z Sending message to node N3: {"term":1,"senderId":"N1","success":true,"matchIndex":2,"level":"Cluster","type":"AppendEntriesReply","version":1}
2026-07-28T10:02:21.462887742Z Sending message to node N2: {"term":1,"leaderId":"N3","prevLogIndex":2,"prevLogTerm":1,"leaderCommit":2,"level":"Cluster","type":"AppendEntries","version":1}
2026-07-28T10:02:21.463891640Z Cluster: leader N3 received: {"term":1,"senderId":"N1","success":true,"matchIndex":2,"level":"Cluster","type":"AppendEntriesReply","version":1}
2026-07-28T10:02:21.464363910Z Cluster: follower N9 received: {"term":1,"leaderId":"N3","prevLogIndex":2,"prevLogTerm":1,"leaderCommit":2,"level":"Cluster","type":"AppendEntries","version":1}
2026-07-28T10:02:21.464506103Z Cluster: follower N2 received: {"term":1,"leaderId":"N3","prevLogIndex":2,"prevLogTerm":1,"leaderCommit":2,"level":"Cluster","type":"AppendEntries","version":1}
2026-07-28T10:02:21.464695568Z Node N9 Cluster: commiting upto index 2
2026-07-28T10:02:21.464748028Z Node N2 Cluster: commiting upto index 2
2026-07-28T10:02:21.464918087Z Sending message to node N3: {"term":1,"senderId":"N2","success":true,"matchIndex":2,"level":"Cluster","type":"AppendEntriesReply","version":1}
2026-07-28T10:02:21.465056540Z Sending message to node N3: {"term":1,"senderId":"N9","success":true,"matchIndex":2,"level":"Cluster","type":"AppendEntriesReply","version":1}
2026-07-28T10:02:21.466259814Z Cluster: leader N3 received: {"term":1,"senderId":"N2","success":true,"matchIndex":2,"level":"Cluster","type":"AppendEntriesReply","version":1}
2026-07-28T10:02:21.466473588Z Cluster: leader N3 received: {"term":1,"senderId":"N9","success":true,"matchIndex":2,"level":"Cluster","type":"AppendEntriesReply","version":1}
2026-07-28T10:02:22.467186065Z Cluster: Node N3 - Leader sending heartbeats.
2026-07-28T10:02:22.467696219Z Cluster: leader node: N3 broadcasting append entries message
2026-07-28T10:02:22.468090700Z Sending message to node N1: {"term":1,"leaderId":"N3","prevLogIndex":2,"prevLogTerm":1,"leaderCommit":2,"level":"Cluster","type":"AppendEntries","version":1}
2026-07-28T10:02:22.469302345Z Sending message to node N9: {"term":1,"leaderId":"N3","prevLogIndex":2,"prevLogTerm":1,"leaderCommit":2,"level":"Cluster","type":"AppendEntries","version":1}
2026-07-28T10:02:22.474859133Z Cluster: follower N1 received: {"term":1,"leaderId":"N3","prevLogIndex":2,"prevLogTerm":1,"leaderCommit":2,"level":"Cluster","type":"AppendEntries","version":1}
2026-07-28T10:02:22.475151969Z Node N1 Cluster: commiting upto index 2
2026-07-28T10:02:22.475389347Z Sending message to node N3: {"term":1,"senderId":"N1","success":true,"matchIndex":2,"level":"Cluster","type":"AppendEntriesReply","version":1}
2026-07-28T10:02:22.475888295Z Sending message to node N2: {"term":1,"leaderId":"N3","prevLogIndex":2,"prevLogTerm":1,"leaderCommit":2,"level":"Cluster","type":"AppendEntries","version":1}
2026-07-28T10:02:22.477000839Z Cluster: follower N9 received: {"term":1,"leaderId":"N3","prevLogIndex":2,"prevLogTerm":1,"leaderCommit":2,"level":"Cluster","type":"AppendEntries","version":1}
2026-07-28T10:02:22.477366927Z Node N9 Cluster: commiting upto index 2
2026-07-28T10:02:22.477584505Z Sending message to node N3: {"term":1,"senderId":"N9","success":true,"matchIndex":2,"level":"Cluster","type":"AppendEntriesReply","version":1}
2026-07-28T10:02:22.479277761Z Cluster: leader N3 received: {"term":1,"senderId":"N1","success":true,"matchIndex":2,"level":"Cluster","type":"AppendEntriesReply","version":1}
2026-07-28T10:02:22.479676651Z Cluster: leader N3 received: {"term":1,"senderId":"N9","success":true,"matchIndex":2,"level":"Cluster","type":"AppendEntriesReply","version":1}
2026-07-28T10:02:22.480189203Z Cluster: follower N2 received: {"term":1,"leaderId":"N3","prevLogIndex":2,"prevLogTerm":1,"leaderCommit":2,"level":"Cluster","type":"AppendEntries","version":1}
2026-07-28T10:02:22.480389635Z Node N2 Cluster: commiting upto index 2
2026-07-28T10:02:22.480496639Z Sending message to node N3: {"term":1,"senderId":"N2","success":true,"matchIndex":2,"level":"Cluster","type":"AppendEntriesReply","version":1}
2026-07-28T10:02:22.480871116Z Cluster: leader N3 received: {"term":1,"senderId":"N2","success":true,"matchIndex":2,"level":"Cluster","type":"AppendEntriesReply","version":1}
2026-07-28T10:02:23.481052659Z Cluster: Node N3 - Leader sending heartbeats.
2026-07-28T10:02:23.481145624Z Cluster: leader node: N3 broadcasting append entries message
2026-07-28T10:02:23.481265852Z Sending message to node N1: {"term":1,"leaderId":"N3","prevLogIndex":2,"prevLogTerm":1,"leaderCommit":2,"level":"Cluster","type":"AppendEntries","version":1}
2026-07-28T10:02:23.481533423Z Sending message to node N9: {"term":1,"leaderId":"N3","prevLogIndex":2,"prevLogTerm":1,"leaderCommit":2,"level":"Cluster","type":"AppendEntries","version":1}
2026-07-28T10:02:23.481678666Z Sending message to node N2: {"term":1,"leaderId":"N3","prevLogIndex":2,"prevLogTerm":1,"leaderCommit":2,"level":"Cluster","type":"AppendEntries","version":1}
2026-07-28T10:02:23.482912390Z Cluster: follower N9 received: {"term":1,"leaderId":"N3","prevLogIndex":2,"prevLogTerm":1,"leaderCommit":2,"level":"Cluster","type":"AppendEntries","version":1}
2026-07-28T10:02:23.482977620Z Cluster: follower N1 received: {"term":1,"leaderId":"N3","prevLogIndex":2,"prevLogTerm":1,"leaderCommit":2,"level":"Cluster","type":"AppendEntries","version":1}
2026-07-28T10:02:23.483074803Z Node N1 Cluster: commiting upto index 2
2026-07-28T10:02:23.483062106Z Node N9 Cluster: commiting upto index 2
2026-07-28T10:02:23.483140080Z Sending message to node N3: {"term":1,"senderId":"N1","success":true,"matchIndex":2,"level":"Cluster","type":"AppendEntriesReply","version":1}
2026-07-28T10:02:23.483157185Z Sending message to node N3: {"term":1,"senderId":"N9","success":true,"matchIndex":2,"level":"Cluster","type":"AppendEntriesReply","version":1}
2026-07-28T10:02:23.483599582Z Cluster: follower N2 received: {"term":1,"leaderId":"N3","prevLogIndex":2,"prevLogTerm":1,"leaderCommit":2,"level":"Cluster","type":"AppendEntries","version":1}
2026-07-28T10:02:23.483709448Z Node N2 Cluster: commiting upto index 2
2026-07-28T10:02:23.483774105Z Sending message to node N3: {"term":1,"senderId":"N2","success":true,"matchIndex":2,"level":"Cluster","type":"AppendEntriesReply","version":1}
2026-07-28T10:02:23.484066975Z Cluster: leader N3 received: {"term":1,"senderId":"N1","success":true,"matchIndex":2,"level":"Cluster","type":"AppendEntriesReply","version":1}
2026-07-28T10:02:23.484157955Z Cluster: leader N3 received: {"term":1,"senderId":"N9","success":true,"matchIndex":2,"level":"Cluster","type":"AppendEntriesReply","version":1}
2026-07-28T10:02:23.484211772Z Cluster: leader N3 received: {"term":1,"senderId":"N2","success":true,"matchIndex":2,"level":"Cluster","type":"AppendEntriesReply","version":1}
2026-07-28T10:02:24.484762612Z Cluster: Node N3 - Leader sending heartbeats.
2026-07-28T10:02:24.485093145Z Cluster: leader node: N3 broadcasting append entries message
2026-07-28T10:02:24.485381220Z Sending message to node N1: {"term":1,"leaderId":"N3","prevLogIndex":2,"prevLogTerm":1,"leaderCommit":2,"level":"Cluster","type":"AppendEntries","version":1}
2026-07-28T10:02:24.486461479Z Sending message to node N9: {"term":1,"leaderId":"N3","prevLogIndex":2,"prevLogTerm":1,"leaderCommit":2,"level":"Cluster","type":"AppendEntries","version":1}
2026-07-28T10:02:24.487353507Z Sending message to node N2: {"term":1,"leaderId":"N3","prevLogIndex":2,"prevLogTerm":1,"leaderCommit":2,"level":"Cluster","type":"AppendEntries","version":1}
2026-07-28T10:02:24.488297419Z Cluster: follower N1 received: {"term":1,"leaderId":"N3","prevLogIndex":2,"prevLogTerm":1,"leaderCommit":2,"level":"Cluster","type":"AppendEntries","version":1}
2026-07-28T10:02:24.488571195Z Node N1 Cluster: commiting upto index 2
2026-07-28T10:02:24.488748237Z Sending message to node N3: {"term":1,"senderId":"N1","success":true,"matchIndex":2,"level":"Cluster","type":"AppendEntriesReply","version":1}
2026-07-28T10:02:24.491079919Z Cluster: follower N2 received: {"term":1,"leaderId":"N3","prevLogIndex":2,"prevLogTerm":1,"leaderCommit":2,"level":"Cluster","type":"AppendEntries","version":1}
2026-07-28T10:02:24.491033170Z Cluster: follower N9 received: {"term":1,"leaderId":"N3","prevLogIndex":2,"prevLogTerm":1,"leaderCommit":2,"level":"Cluster","type":"AppendEntries","version":1}
2026-07-28T10:02:24.491377072Z Node N2 Cluster: commiting upto index 2
2026-07-28T10:02:24.491413507Z Node N9 Cluster: commiting upto index 2
2026-07-28T10:02:24.491563263Z Cluster: leader N3 received: {"term":1,"senderId":"N1","success":true,"matchIndex":2,"level":"Cluster","type":"AppendEntriesReply","version":1}
2026-07-28T10:02:24.491573298Z Sending message to node N3: {"term":1,"senderId":"N2","success":true,"matchIndex":2,"level":"Cluster","type":"AppendEntriesReply","version":1}
2026-07-28T10:02:24.491688284Z Sending message to node N3: {"term":1,"senderId":"N9","success":true,"matchIndex":2,"level":"Cluster","type":"AppendEntriesReply","version":1}
2026-07-28T10:02:24.492678487Z Cluster: leader N3 received: {"term":1,"senderId":"N2","success":true,"matchIndex":2,"level":"Cluster","type":"AppendEntriesReply","version":1}
2026-07-28T10:02:24.492974787Z Cluster: leader N3 received: {"term":1,"senderId":"N9","success":true,"matchIndex":2,"level":"Cluster","type":"AppendEntriesReply","version":1}
2026-07-28T10:02:25.493244237Z Cluster: Node N3 - Leader sending heartbeats.
2026-07-28T10:02:25.493389525Z Cluster: leader node: N3 broadcasting append entries message
2026-07-28T10:02:25.493535546Z Sending message to node N1: {"term":1,"leaderId":"N3","prevLogIndex":2,"prevLogTerm":1,"leaderCommit":2,"level":"Cluster","type":"AppendEntries","version":1}
2026-07-28T10:02:25.494023522Z Sending message to node N9: {"term":1,"leaderId":"N3","prevLogIndex":2,"prevLogTerm":1,"leaderCommit":2,"level":"Cluster","type":"AppendEntries","version":1}
2026-07-28T10:02:25.494496887Z Sending message to node N2: {"term":1,"leaderId":"N3","prevLogIndex":2,"prevLogTerm":1,"leaderCommit":2,"level":"Cluster","type":"AppendEntries","version":1}
2026-07-28T10:02:25.495435818Z Cluster: follower N1 received: {"term":1,"leaderId":"N3","prevLogIndex":2,"prevLogTerm":1,"leaderCommit":2,"level":"Cluster","type":"AppendEntries","version":1}
2026-07-28T10:02:25.495603915Z Node N1 Cluster: commiting upto index 2
2026-07-28T10:02:25.495694184Z Sending message to node N3: {"term":1,"senderId":"N1","success":true,"matchIndex":2,"level":"Cluster","type":"AppendEntriesReply","version":1}
2026-07-28T10:02:25.495704007Z Cluster: follower N9 received: {"term":1,"leaderId":"N3","prevLogIndex":2,"prevLogTerm":1,"leaderCommit":2,"level":"Cluster","type":"AppendEntries","version":1}
2026-07-28T10:02:25.495883003Z Node N9 Cluster: commiting upto index 2
2026-07-28T10:02:25.495992609Z Sending message to node N3: {"term":1,"senderId":"N9","success":true,"matchIndex":2,"level":"Cluster","type":"AppendEntriesReply","version":1}
2026-07-28T10:02:25.496461325Z Cluster: follower N2 received: {"term":1,"leaderId":"N3","prevLogIndex":2,"prevLogTerm":1,"leaderCommit":2,"level":"Cluster","type":"AppendEntries","version":1}
2026-07-28T10:02:25.496633394Z Node N2 Cluster: commiting upto index 2
2026-07-28T10:02:25.496760674Z Cluster: leader N3 received: {"term":1,"senderId":"N1","success":true,"matchIndex":2,"level":"Cluster","type":"AppendEntriesReply","version":1}
2026-07-28T10:02:25.496764103Z Sending message to node N3: {"term":1,"senderId":"N2","success":true,"matchIndex":2,"level":"Cluster","type":"AppendEntriesReply","version":1}
2026-07-28T10:02:25.496838894Z Cluster: leader N3 received: {"term":1,"senderId":"N9","success":true,"matchIndex":2,"level":"Cluster","type":"AppendEntriesReply","version":1}
2026-07-28T10:02:25.497221272Z Cluster: leader N3 received: {"term":1,"senderId":"N2","success":true,"matchIndex":2,"level":"Cluster","type":"AppendEntriesReply","version":1}
2026-07-28T10:02:26.497830966Z Cluster: Node N3 - Leader sending heartbeats.
2026-07-28T10:02:26.498263791Z Cluster: leader node: N3 broadcasting append entries message
2026-07-28T10:02:26.498689025Z Sending message to node N1: {"term":1,"leaderId":"N3","prevLogIndex":2,"prevLogTerm":1,"leaderCommit":2,"level":"Cluster","type":"AppendEntries","version":1}
2026-07-28T10:02:26.499930971Z Sending message to node N9: {"term":1,"leaderId":"N3","prevLogIndex":2,"prevLogTerm":1,"leaderCommit":2,"level":"Cluster","type":"AppendEntries","version":1}
2026-07-28T10:02:26.500730198Z Sending message to node N2: {"term":1,"leaderId":"N3","prevLogIndex":2,"prevLogTerm":1,"leaderCommit":2,"level":"Cluster","type":"AppendEntries","version":1}
2026-07-28T10:02:26.503499515Z Cluster: follower N1 received: {"term":1,"leaderId":"N3","prevLogIndex":2,"prevLogTerm":1,"leaderCommit":2,"level":"Cluster","type":"AppendEntries","version":1}
2026-07-28T10:02:26.503658339Z Cluster: follower N9 received: {"term":1,"leaderId":"N3","prevLogIndex":2,"prevLogTerm":1,"leaderCommit":2,"level":"Cluster","type":"AppendEntries","version":1}
2026-07-28T10:02:26.503961701Z Node N9 Cluster: commiting upto index 2
2026-07-28T10:02:26.504012522Z Node N1 Cluster: commiting upto index 2
2026-07-28T10:02:26.504222943Z Sending message to node N3: {"term":1,"senderId":"N1","success":true,"matchIndex":2,"level":"Cluster","type":"AppendEntriesReply","version":1}
2026-07-28T10:02:26.504222618Z Sending message to node N3: {"term":1,"senderId":"N9","success":true,"matchIndex":2,"level":"Cluster","type":"AppendEntriesReply","version":1}
2026-07-28T10:02:26.505412574Z Cluster: follower N2 received: {"term":1,"leaderId":"N3","prevLogIndex":2,"prevLogTerm":1,"leaderCommit":2,"level":"Cluster","type":"AppendEntries","version":1}
2026-07-28T10:02:26.505708043Z Node N2 Cluster: commiting upto index 2
2026-07-28T10:02:26.505883394Z Sending message to node N3: {"term":1,"senderId":"N2","success":true,"matchIndex":2,"level":"Cluster","type":"AppendEntriesReply","version":1}
2026-07-28T10:02:26.505993006Z Cluster: leader N3 received: {"term":1,"senderId":"N1","success":true,"matchIndex":2,"level":"Cluster","type":"AppendEntriesReply","version":1}
2026-07-28T10:02:26.506211118Z Cluster: leader N3 received: {"term":1,"senderId":"N9","success":true,"matchIndex":2,"level":"Cluster","type":"AppendEntriesReply","version":1}
2026-07-28T10:02:26.507173287Z Cluster: leader N3 received: {"term":1,"senderId":"N2","success":true,"matchIndex":2,"level":"Cluster","type":"AppendEntriesReply","version":1}
2026-07-28T10:02:27.507738601Z Cluster: Node N3 - Leader sending heartbeats.
2026-07-28T10:02:27.508220734Z Cluster: leader node: N3 broadcasting append entries message
2026-07-28T10:02:27.508880524Z Sending message to node N1: {"term":1,"leaderId":"N3","prevLogIndex":2,"prevLogTerm":1,"leaderCommit":2,"level":"Cluster","type":"AppendEntries","version":1}
2026-07-28T10:02:27.510070040Z Sending message to node N9: {"term":1,"leaderId":"N3","prevLogIndex":2,"prevLogTerm":1,"leaderCommit":2,"level":"Cluster","type":"AppendEntries","version":1}
2026-07-28T10:02:27.510918425Z Cluster: follower N1 received: {"term":1,"leaderId":"N3","prevLogIndex":2,"prevLogTerm":1,"leaderCommit":2,"level":"Cluster","type":"AppendEntries","version":1}
2026-07-28T10:02:27.511066584Z Sending message to node N2: {"term":1,"leaderId":"N3","prevLogIndex":2,"prevLogTerm":1,"leaderCommit":2,"level":"Cluster","type":"AppendEntries","version":1}
2026-07-28T10:02:27.511249197Z Node N1 Cluster: commiting upto index 2
2026-07-28T10:02:27.511427597Z Sending message to node N3: {"term":1,"senderId":"N1","success":true,"matchIndex":2,"level":"Cluster","type":"AppendEntriesReply","version":1}
2026-07-28T10:02:27.513279575Z Cluster: follower N2 received: {"term":1,"leaderId":"N3","prevLogIndex":2,"prevLogTerm":1,"leaderCommit":2,"level":"Cluster","type":"AppendEntries","version":1}
2026-07-28T10:02:27.513635024Z Node N2 Cluster: commiting upto index 2
2026-07-28T10:02:27.513923089Z Sending message to node N3: {"term":1,"senderId":"N2","success":true,"matchIndex":2,"level":"Cluster","type":"AppendEntriesReply","version":1}
2026-07-28T10:02:27.514078825Z Cluster: follower N9 received: {"term":1,"leaderId":"N3","prevLogIndex":2,"prevLogTerm":1,"leaderCommit":2,"level":"Cluster","type":"AppendEntries","version":1}
2026-07-28T10:02:27.514433951Z Node N9 Cluster: commiting upto index 2
2026-07-28T10:02:27.514812696Z Cluster: leader N3 received: {"term":1,"senderId":"N1","success":true,"matchIndex":2,"level":"Cluster","type":"AppendEntriesReply","version":1}
2026-07-28T10:02:27.514783502Z Sending message to node N3: {"term":1,"senderId":"N9","success":true,"matchIndex":2,"level":"Cluster","type":"AppendEntriesReply","version":1}
2026-07-28T10:02:27.515438708Z Cluster: leader N3 received: {"term":1,"senderId":"N2","success":true,"matchIndex":2,"level":"Cluster","type":"AppendEntriesReply","version":1}
2026-07-28T10:02:27.515873819Z Cluster: leader N3 received: {"term":1,"senderId":"N9","success":true,"matchIndex":2,"level":"Cluster","type":"AppendEntriesReply","version":1}
2026-07-28T10:02:28.516120411Z Cluster: Node N3 - Leader sending heartbeats.
2026-07-28T10:02:28.516213685Z Cluster: leader node: N3 broadcasting append entries message
2026-07-28T10:02:28.516296075Z Sending message to node N1: {"term":1,"leaderId":"N3","prevLogIndex":2,"prevLogTerm":1,"leaderCommit":2,"level":"Cluster","type":"AppendEntries","version":1}
2026-07-28T10:02:28.516578404Z Sending message to node N9: {"term":1,"leaderId":"N3","prevLogIndex":2,"prevLogTerm":1,"leaderCommit":2,"level":"Cluster","type":"AppendEntries","version":1}
2026-07-28T10:02:28.516812568Z Sending message to node N2: {"term":1,"leaderId":"N3","prevLogIndex":2,"prevLogTerm":1,"leaderCommit":2,"level":"Cluster","type":"AppendEntries","version":1}
2026-07-28T10:02:28.517229022Z Cluster: follower N1 received: {"term":1,"leaderId":"N3","prevLogIndex":2,"prevLogTerm":1,"leaderCommit":2,"level":"Cluster","type":"AppendEntries","version":1}
2026-07-28T10:02:28.517336675Z Node N1 Cluster: commiting upto index 2
2026-07-28T10:02:28.517392703Z Sending message to node N3: {"term":1,"senderId":"N1","success":true,"matchIndex":2,"level":"Cluster","type":"AppendEntriesReply","version":1}
2026-07-28T10:02:28.517317785Z Cluster: follower N9 received: {"term":1,"leaderId":"N3","prevLogIndex":2,"prevLogTerm":1,"leaderCommit":2,"level":"Cluster","type":"AppendEntries","version":1}
2026-07-28T10:02:28.517850714Z Node N9 Cluster: commiting upto index 2
2026-07-28T10:02:28.517994674Z Sending message to node N3: {"term":1,"senderId":"N9","success":true,"matchIndex":2,"level":"Cluster","type":"AppendEntriesReply","version":1}
2026-07-28T10:02:28.518081766Z Cluster: follower N2 received: {"term":1,"leaderId":"N3","prevLogIndex":2,"prevLogTerm":1,"leaderCommit":2,"level":"Cluster","type":"AppendEntries","version":1}
2026-07-28T10:02:28.518196410Z Node N2 Cluster: commiting upto index 2
2026-07-28T10:02:28.518261292Z Sending message to node N3: {"term":1,"senderId":"N2","success":true,"matchIndex":2,"level":"Cluster","type":"AppendEntriesReply","version":1}
2026-07-28T10:02:28.518423313Z Cluster: leader N3 received: {"term":1,"senderId":"N1","success":true,"matchIndex":2,"level":"Cluster","type":"AppendEntriesReply","version":1}
2026-07-28T10:02:28.518581170Z Cluster: leader N3 received: {"term":1,"senderId":"N9","success":true,"matchIndex":2,"level":"Cluster","type":"AppendEntriesReply","version":1}
2026-07-28T10:02:28.518625132Z Cluster: leader N3 received: {"term":1,"senderId":"N2","success":true,"matchIndex":2,"level":"Cluster","type":"AppendEntriesReply","version":1}
2026-07-28T10:02:29.519170074Z Cluster: Node N3 - Leader sending heartbeats.
2026-07-28T10:02:29.519574159Z Cluster: leader node: N3 broadcasting append entries message
2026-07-28T10:02:29.520188988Z Sending message to node N1: {"term":1,"leaderId":"N3","prevLogIndex":2,"prevLogTerm":1,"leaderCommit":2,"level":"Cluster","type":"AppendEntries","version":1}
2026-07-28T10:02:29.521448875Z Sending message to node N9: {"term":1,"leaderId":"N3","prevLogIndex":2,"prevLogTerm":1,"leaderCommit":2,"level":"Cluster","type":"AppendEntries","version":1}
2026-07-28T10:02:29.522295441Z Sending message to node N2: {"term":1,"leaderId":"N3","prevLogIndex":2,"prevLogTerm":1,"leaderCommit":2,"level":"Cluster","type":"AppendEntries","version":1}
2026-07-28T10:02:29.525226498Z Cluster: follower N1 received: {"term":1,"leaderId":"N3","prevLogIndex":2,"prevLogTerm":1,"leaderCommit":2,"level":"Cluster","type":"AppendEntries","version":1}
2026-07-28T10:02:29.525542221Z Node N1 Cluster: commiting upto index 2
2026-07-28T10:02:29.525398556Z Cluster: follower N9 received: {"term":1,"leaderId":"N3","prevLogIndex":2,"prevLogTerm":1,"leaderCommit":2,"level":"Cluster","type":"AppendEntries","version":1}
2026-07-28T10:02:29.525703413Z Sending message to node N3: {"term":1,"senderId":"N1","success":true,"matchIndex":2,"level":"Cluster","type":"AppendEntriesReply","version":1}
2026-07-28T10:02:29.525792558Z Node N9 Cluster: commiting upto index 2
2026-07-28T10:02:29.526027813Z Sending message to node N3: {"term":1,"senderId":"N9","success":true,"matchIndex":2,"level":"Cluster","type":"AppendEntriesReply","version":1}
2026-07-28T10:02:29.527014559Z Cluster: follower N2 received: {"term":1,"leaderId":"N3","prevLogIndex":2,"prevLogTerm":1,"leaderCommit":2,"level":"Cluster","type":"AppendEntries","version":1}
2026-07-28T10:02:29.527355149Z Node N2 Cluster: commiting upto index 2
2026-07-28T10:02:29.527534868Z Sending message to node N3: {"term":1,"senderId":"N2","success":true,"matchIndex":2,"level":"Cluster","type":"AppendEntriesReply","version":1}
2026-07-28T10:02:29.527653132Z Cluster: leader N3 received: {"term":1,"senderId":"N1","success":true,"matchIndex":2,"level":"Cluster","type":"AppendEntriesReply","version":1}
2026-07-28T10:02:29.527827121Z Cluster: leader N3 received: {"term":1,"senderId":"N9","success":true,"matchIndex":2,"level":"Cluster","type":"AppendEntriesReply","version":1}
2026-07-28T10:02:29.528339681Z Cluster: leader N3 received: {"term":1,"senderId":"N2","success":true,"matchIndex":2,"level":"Cluster","type":"AppendEntriesReply","version":1}
2026-07-28T10:02:30.528682643Z Cluster: Node N3 - Leader sending heartbeats.
2026-07-28T10:02:30.528904584Z Cluster: leader node: N3 broadcasting append entries message
2026-07-28T10:02:30.529104736Z Sending message to node N1: {"term":1,"leaderId":"N3","prevLogIndex":2,"prevLogTerm":1,"leaderCommit":2,"level":"Cluster","type":"AppendEntries","version":1}
2026-07-28T10:02:30.529630520Z Sending message to node N9: {"term":1,"leaderId":"N3","prevLogIndex":2,"prevLogTerm":1,"leaderCommit":2,"level":"Cluster","type":"AppendEntries","version":1}
2026-07-28T10:02:30.530030856Z Sending message to node N2: {"term":1,"leaderId":"N3","prevLogIndex":2,"prevLogTerm":1,"leaderCommit":2,"level":"Cluster","type":"AppendEntries","version":1}
2026-07-28T10:02:30.530218378Z Cluster: follower N1 received: {"term":1,"leaderId":"N3","prevLogIndex":2,"prevLogTerm":1,"leaderCommit":2,"level":"Cluster","type":"AppendEntries","version":1}
2026-07-28T10:02:30.530407070Z Node N1 Cluster: commiting upto index 2
2026-07-28T10:02:30.530586125Z Sending message to node N3: {"term":1,"senderId":"N1","success":true,"matchIndex":2,"level":"Cluster","type":"AppendEntriesReply","version":1}
2026-07-28T10:02:30.530575031Z Cluster: follower N9 received: {"term":1,"leaderId":"N3","prevLogIndex":2,"prevLogTerm":1,"leaderCommit":2,"level":"Cluster","type":"AppendEntries","version":1}
2026-07-28T10:02:30.530974008Z Node N9 Cluster: commiting upto index 2
2026-07-28T10:02:30.531019154Z Cluster: follower N2 received: {"term":1,"leaderId":"N3","prevLogIndex":2,"prevLogTerm":1,"leaderCommit":2,"level":"Cluster","type":"AppendEntries","version":1}
2026-07-28T10:02:30.531248158Z Sending message to node N3: {"term":1,"senderId":"N9","success":true,"matchIndex":2,"level":"Cluster","type":"AppendEntriesReply","version":1}
2026-07-28T10:02:30.531443538Z Node N2 Cluster: commiting upto index 2
2026-07-28T10:02:30.531758202Z Sending message to node N3: {"term":1,"senderId":"N2","success":true,"matchIndex":2,"level":"Cluster","type":"AppendEntriesReply","version":1}
2026-07-28T10:02:30.533503159Z Cluster: leader N3 received: {"term":1,"senderId":"N1","success":true,"matchIndex":2,"level":"Cluster","type":"AppendEntriesReply","version":1}
2026-07-28T10:02:30.533785046Z Cluster: leader N3 received: {"term":1,"senderId":"N9","success":true,"matchIndex":2,"level":"Cluster","type":"AppendEntriesReply","version":1}
2026-07-28T10:02:30.533961877Z Cluster: leader N3 received: {"term":1,"senderId":"N2","success":true,"matchIndex":2,"level":"Cluster","type":"AppendEntriesReply","version":1}
2026-07-28T10:02:31.534251703Z Cluster: Node N3 - Leader sending heartbeats.
2026-07-28T10:02:31.534418270Z Cluster: leader node: N3 broadcasting append entries message
2026-07-28T10:02:31.534638207Z Sending message to node N1: {"term":1,"leaderId":"N3","prevLogIndex":2,"prevLogTerm":1,"leaderCommit":2,"level":"Cluster","type":"AppendEntries","version":1}
2026-07-28T10:02:31.535173781Z Sending message to node N9: {"term":1,"leaderId":"N3","prevLogIndex":2,"prevLogTerm":1,"leaderCommit":2,"level":"Cluster","type":"AppendEntries","version":1}
2026-07-28T10:02:31.535504739Z Sending message to node N2: {"term":1,"leaderId":"N3","prevLogIndex":2,"prevLogTerm":1,"leaderCommit":2,"level":"Cluster","type":"AppendEntries","version":1}
2026-07-28T10:02:31.536846193Z Cluster: follower N1 received: {"term":1,"leaderId":"N3","prevLogIndex":2,"prevLogTerm":1,"leaderCommit":2,"level":"Cluster","type":"AppendEntries","version":1}
2026-07-28T10:02:31.536995810Z Node N1 Cluster: commiting upto index 2
2026-07-28T10:02:31.537074400Z Sending message to node N3: {"term":1,"senderId":"N1","success":true,"matchIndex":2,"level":"Cluster","type":"AppendEntriesReply","version":1}
2026-07-28T10:02:31.537079332Z Cluster: follower N9 received: {"term":1,"leaderId":"N3","prevLogIndex":2,"prevLogTerm":1,"leaderCommit":2,"level":"Cluster","type":"AppendEntries","version":1}
2026-07-28T10:02:31.537260749Z Node N9 Cluster: commiting upto index 2
2026-07-28T10:02:31.537454052Z Sending message to node N3: {"term":1,"senderId":"N9","success":true,"matchIndex":2,"level":"Cluster","type":"AppendEntriesReply","version":1}
2026-07-28T10:02:31.538070358Z Cluster: follower N2 received: {"term":1,"leaderId":"N3","prevLogIndex":2,"prevLogTerm":1,"leaderCommit":2,"level":"Cluster","type":"AppendEntries","version":1}
2026-07-28T10:02:31.538257218Z Node N2 Cluster: commiting upto index 2
2026-07-28T10:02:31.538365273Z Sending message to node N3: {"term":1,"senderId":"N2","success":true,"matchIndex":2,"level":"Cluster","type":"AppendEntriesReply","version":1}
2026-07-28T10:02:31.539026302Z Cluster: leader N3 received: {"term":1,"senderId":"N1","success":true,"matchIndex":2,"level":"Cluster","type":"AppendEntriesReply","version":1}
2026-07-28T10:02:31.539158731Z Cluster: leader N3 received: {"term":1,"senderId":"N9","success":true,"matchIndex":2,"level":"Cluster","type":"AppendEntriesReply","version":1}
2026-07-28T10:02:31.539244406Z Cluster: leader N3 received: {"term":1,"senderId":"N2","success":true,"matchIndex":2,"level":"Cluster","type":"AppendEntriesReply","version":1}
2026-07-28T10:02:32.539701804Z Cluster: Node N3 - Leader sending heartbeats.
2026-07-28T10:02:32.540162322Z Cluster: leader node: N3 broadcasting append entries message
2026-07-28T10:02:32.540491902Z Sending message to node N1: {"term":1,"leaderId":"N3","prevLogIndex":2,"prevLogTerm":1,"leaderCommit":2,"level":"Cluster","type":"AppendEntries","version":1}
2026-07-28T10:02:32.542274318Z Sending message to node N9: {"term":1,"leaderId":"N3","prevLogIndex":2,"prevLogTerm":1,"leaderCommit":2,"level":"Cluster","type":"AppendEntries","version":1}
2026-07-28T10:02:32.545824882Z Cluster: follower N1 received: {"term":1,"leaderId":"N3","prevLogIndex":2,"prevLogTerm":1,"leaderCommit":2,"level":"Cluster","type":"AppendEntries","version":1}
2026-07-28T10:02:32.546103432Z Node N1 Cluster: commiting upto index 2
2026-07-28T10:02:32.546253736Z Sending message to node N3: {"term":1,"senderId":"N1","success":true,"matchIndex":2,"level":"Cluster","type":"AppendEntriesReply","version":1}
2026-07-28T10:02:32.547645128Z Sending message to node N2: {"term":1,"leaderId":"N3","prevLogIndex":2,"prevLogTerm":1,"leaderCommit":2,"level":"Cluster","type":"AppendEntries","version":1}
2026-07-28T10:02:32.549500694Z Cluster: follower N9 received: {"term":1,"leaderId":"N3","prevLogIndex":2,"prevLogTerm":1,"leaderCommit":2,"level":"Cluster","type":"AppendEntries","version":1}
2026-07-28T10:02:32.549792241Z Node N9 Cluster: commiting upto index 2
2026-07-28T10:02:32.550088214Z Sending message to node N3: {"term":1,"senderId":"N9","success":true,"matchIndex":2,"level":"Cluster","type":"AppendEntriesReply","version":1}
2026-07-28T10:02:32.550597047Z Cluster: leader N3 received: {"term":1,"senderId":"N1","success":true,"matchIndex":2,"level":"Cluster","type":"AppendEntriesReply","version":1}
2026-07-28T10:02:32.551253705Z Cluster: leader N3 received: {"term":1,"senderId":"N9","success":true,"matchIndex":2,"level":"Cluster","type":"AppendEntriesReply","version":1}
2026-07-28T10:02:32.551216384Z Cluster: follower N2 received: {"term":1,"leaderId":"N3","prevLogIndex":2,"prevLogTerm":1,"leaderCommit":2,"level":"Cluster","type":"AppendEntries","version":1}
2026-07-28T10:02:32.551574901Z Node N2 Cluster: commiting upto index 2
2026-07-28T10:02:32.551772696Z Sending message to node N3: {"term":1,"senderId":"N2","success":true,"matchIndex":2,"level":"Cluster","type":"AppendEntriesReply","version":1}
2026-07-28T10:02:32.552515611Z Cluster: leader N3 received: {"term":1,"senderId":"N2","success":true,"matchIndex":2,"level":"Cluster","type":"AppendEntriesReply","version":1}
2026-07-28T10:02:33.552747379Z Cluster: Node N3 - Leader sending heartbeats.
2026-07-28T10:02:33.552848441Z Cluster: leader node: N3 broadcasting append entries message
2026-07-28T10:02:33.552931282Z Sending message to node N1: {"term":1,"leaderId":"N3","prevLogIndex":2,"prevLogTerm":1,"leaderCommit":2,"level":"Cluster","type":"AppendEntries","version":1}
2026-07-28T10:02:33.553228642Z Sending message to node N9: {"term":1,"leaderId":"N3","prevLogIndex":2,"prevLogTerm":1,"leaderCommit":2,"level":"Cluster","type":"AppendEntries","version":1}
2026-07-28T10:02:33.553443532Z Cluster: follower N1 received: {"term":1,"leaderId":"N3","prevLogIndex":2,"prevLogTerm":1,"leaderCommit":2,"level":"Cluster","type":"AppendEntries","version":1}
2026-07-28T10:02:33.553567375Z Node N1 Cluster: commiting upto index 2
2026-07-28T10:02:33.553566546Z Sending message to node N2: {"term":1,"leaderId":"N3","prevLogIndex":2,"prevLogTerm":1,"leaderCommit":2,"level":"Cluster","type":"AppendEntries","version":1}
2026-07-28T10:02:33.553624711Z Sending message to node N3: {"term":1,"senderId":"N1","success":true,"matchIndex":2,"level":"Cluster","type":"AppendEntriesReply","version":1}
2026-07-28T10:02:33.554055539Z Cluster: leader N3 received: {"term":1,"senderId":"N1","success":true,"matchIndex":2,"level":"Cluster","type":"AppendEntriesReply","version":1}
2026-07-28T10:02:33.554211653Z Cluster: follower N9 received: {"term":1,"leaderId":"N3","prevLogIndex":2,"prevLogTerm":1,"leaderCommit":2,"level":"Cluster","type":"AppendEntries","version":1}
2026-07-28T10:02:33.554368916Z Node N9 Cluster: commiting upto index 2
2026-07-28T10:02:33.554363358Z Cluster: follower N2 received: {"term":1,"leaderId":"N3","prevLogIndex":2,"prevLogTerm":1,"leaderCommit":2,"level":"Cluster","type":"AppendEntries","version":1}
2026-07-28T10:02:33.554496281Z Node N2 Cluster: commiting upto index 2
2026-07-28T10:02:33.554496317Z Sending message to node N3: {"term":1,"senderId":"N9","success":true,"matchIndex":2,"level":"Cluster","type":"AppendEntriesReply","version":1}
2026-07-28T10:02:33.554589375Z Sending message to node N3: {"term":1,"senderId":"N2","success":true,"matchIndex":2,"level":"Cluster","type":"AppendEntriesReply","version":1}
2026-07-28T10:02:33.555164793Z Cluster: leader N3 received: {"term":1,"senderId":"N9","success":true,"matchIndex":2,"level":"Cluster","type":"AppendEntriesReply","version":1}
2026-07-28T10:02:33.555240688Z Cluster: leader N3 received: {"term":1,"senderId":"N2","success":true,"matchIndex":2,"level":"Cluster","type":"AppendEntriesReply","version":1}
2026-07-28T10:02:34.555745840Z Cluster: Node N3 - Leader sending heartbeats.
2026-07-28T10:02:34.556130534Z Cluster: leader node: N3 broadcasting append entries message
2026-07-28T10:02:34.556487466Z Sending message to node N1: {"term":1,"leaderId":"N3","prevLogIndex":2,"prevLogTerm":1,"leaderCommit":2,"level":"Cluster","type":"AppendEntries","version":1}
2026-07-28T10:02:34.557502263Z Sending message to node N9: {"term":1,"leaderId":"N3","prevLogIndex":2,"prevLogTerm":1,"leaderCommit":2,"level":"Cluster","type":"AppendEntries","version":1}
2026-07-28T10:02:34.558310408Z Sending message to node N2: {"term":1,"leaderId":"N3","prevLogIndex":2,"prevLogTerm":1,"leaderCommit":2,"level":"Cluster","type":"AppendEntries","version":1}
2026-07-28T10:02:34.562885223Z Cluster: follower N1 received: {"term":1,"leaderId":"N3","prevLogIndex":2,"prevLogTerm":1,"leaderCommit":2,"level":"Cluster","type":"AppendEntries","version":1}
2026-07-28T10:02:34.563096002Z Node N1 Cluster: commiting upto index 2
2026-07-28T10:02:34.563222339Z Sending message to node N3: {"term":1,"senderId":"N1","success":true,"matchIndex":2,"level":"Cluster","type":"AppendEntriesReply","version":1}
2026-07-28T10:02:34.563530170Z Cluster: follower N2 received: {"term":1,"leaderId":"N3","prevLogIndex":2,"prevLogTerm":1,"leaderCommit":2,"level":"Cluster","type":"AppendEntries","version":1}
2026-07-28T10:02:34.563773248Z Node N2 Cluster: commiting upto index 2
2026-07-28T10:02:34.563721977Z Cluster: follower N9 received: {"term":1,"leaderId":"N3","prevLogIndex":2,"prevLogTerm":1,"leaderCommit":2,"level":"Cluster","type":"AppendEntries","version":1}
2026-07-28T10:02:34.563930956Z Sending message to node N3: {"term":1,"senderId":"N2","success":true,"matchIndex":2,"level":"Cluster","type":"AppendEntriesReply","version":1}
2026-07-28T10:02:34.564068852Z Node N9 Cluster: commiting upto index 2
2026-07-28T10:02:34.564337799Z Sending message to node N3: {"term":1,"senderId":"N9","success":true,"matchIndex":2,"level":"Cluster","type":"AppendEntriesReply","version":1}
2026-07-28T10:02:34.564616261Z Cluster: leader N3 received: {"term":1,"senderId":"N1","success":true,"matchIndex":2,"level":"Cluster","type":"AppendEntriesReply","version":1}
2026-07-28T10:02:34.564936275Z Cluster: leader N3 received: {"term":1,"senderId":"N2","success":true,"matchIndex":2,"level":"Cluster","type":"AppendEntriesReply","version":1}
2026-07-28T10:02:34.565423919Z Cluster: leader N3 received: {"term":1,"senderId":"N9","success":true,"matchIndex":2,"level":"Cluster","type":"AppendEntriesReply","version":1}
2026-07-28T10:02:35.565971177Z Cluster: Node N3 - Leader sending heartbeats.
2026-07-28T10:02:35.566138809Z Cluster: leader node: N3 broadcasting append entries message
2026-07-28T10:02:35.566270419Z Sending message to node N1: {"term":1,"leaderId":"N3","prevLogIndex":2,"prevLogTerm":1,"leaderCommit":2,"level":"Cluster","type":"AppendEntries","version":1}
2026-07-28T10:02:35.566902850Z Sending message to node N9: {"term":1,"leaderId":"N3","prevLogIndex":2,"prevLogTerm":1,"leaderCommit":2,"level":"Cluster","type":"AppendEntries","version":1}
2026-07-28T10:02:35.567248190Z Sending message to node N2: {"term":1,"leaderId":"N3","prevLogIndex":2,"prevLogTerm":1,"leaderCommit":2,"level":"Cluster","type":"AppendEntries","version":1}
2026-07-28T10:02:35.567373424Z Cluster: follower N1 received: {"term":1,"leaderId":"N3","prevLogIndex":2,"prevLogTerm":1,"leaderCommit":2,"level":"Cluster","type":"AppendEntries","version":1}
2026-07-28T10:02:35.567562219Z Node N1 Cluster: commiting upto index 2
2026-07-28T10:02:35.567735703Z Sending message to node N3: {"term":1,"senderId":"N1","success":true,"matchIndex":2,"level":"Cluster","type":"AppendEntriesReply","version":1}
2026-07-28T10:02:35.568802865Z Cluster: leader N3 received: {"term":1,"senderId":"N1","success":true,"matchIndex":2,"level":"Cluster","type":"AppendEntriesReply","version":1}
2026-07-28T10:02:35.568759268Z Cluster: follower N9 received: {"term":1,"leaderId":"N3","prevLogIndex":2,"prevLogTerm":1,"leaderCommit":2,"level":"Cluster","type":"AppendEntries","version":1}
2026-07-28T10:02:35.568959658Z Node N9 Cluster: commiting upto index 2
2026-07-28T10:02:35.569163252Z Sending message to node N3: {"term":1,"senderId":"N9","success":true,"matchIndex":2,"level":"Cluster","type":"AppendEntriesReply","version":1}
2026-07-28T10:02:35.569862974Z Cluster: follower N2 received: {"term":1,"leaderId":"N3","prevLogIndex":2,"prevLogTerm":1,"leaderCommit":2,"level":"Cluster","type":"AppendEntries","version":1}
2026-07-28T10:02:35.570060079Z Node N2 Cluster: commiting upto index 2
2026-07-28T10:02:35.570217060Z Sending message to node N3: {"term":1,"senderId":"N2","success":true,"matchIndex":2,"level":"Cluster","type":"AppendEntriesReply","version":1}
2026-07-28T10:02:35.570921798Z Cluster: leader N3 received: {"term":1,"senderId":"N9","success":true,"matchIndex":2,"level":"Cluster","type":"AppendEntriesReply","version":1}
2026-07-28T10:02:35.571033516Z Cluster: leader N3 received: {"term":1,"senderId":"N2","success":true,"matchIndex":2,"level":"Cluster","type":"AppendEntriesReply","version":1}
2026-07-28T10:02:39.070566237Z Cluster: Node N3 - Leader sending heartbeats.
2026-07-28T10:02:39.070923929Z Cluster: leader node: N3 broadcasting append entries message
2026-07-28T10:02:39.071252028Z Sending message to node N1: {"term":1,"leaderId":"N3","prevLogIndex":2,"prevLogTerm":1,"leaderCommit":2,"level":"Cluster","type":"AppendEntries","version":1}
2026-07-28T10:02:39.072478373Z Sending message to node N9: {"term":1,"leaderId":"N3","prevLogIndex":2,"prevLogTerm":1,"leaderCommit":2,"level":"Cluster","type":"AppendEntries","version":1}
2026-07-28T10:02:39.073174085Z Sending message to node N2: {"term":1,"leaderId":"N3","prevLogIndex":2,"prevLogTerm":1,"leaderCommit":2,"level":"Cluster","type":"AppendEntries","version":1}
2026-07-28T10:02:39.074125663Z Cluster: follower N1 received: {"term":1,"leaderId":"N3","prevLogIndex":2,"prevLogTerm":1,"leaderCommit":2,"level":"Cluster","type":"AppendEntries","version":1}
2026-07-28T10:02:39.074334645Z Node N1 Cluster: commiting upto index 2
2026-07-28T10:02:39.074466835Z Sending message to node N3: {"term":1,"senderId":"N1","success":true,"matchIndex":2,"level":"Cluster","type":"AppendEntriesReply","version":1}
2026-07-28T10:02:39.076068736Z Cluster: follower N9 received: {"term":1,"leaderId":"N3","prevLogIndex":2,"prevLogTerm":1,"leaderCommit":2,"level":"Cluster","type":"AppendEntries","version":1}
2026-07-28T10:02:39.076235141Z Cluster: leader N3 received: {"term":1,"senderId":"N1","success":true,"matchIndex":2,"level":"Cluster","type":"AppendEntriesReply","version":1}
2026-07-28T10:02:39.076440756Z Node N9 Cluster: commiting upto index 2
2026-07-28T10:02:39.076676274Z Sending message to node N3: {"term":1,"senderId":"N9","success":true,"matchIndex":2,"level":"Cluster","type":"AppendEntriesReply","version":1}
2026-07-28T10:02:39.076690783Z Cluster: follower N2 received: {"term":1,"leaderId":"N3","prevLogIndex":2,"prevLogTerm":1,"leaderCommit":2,"level":"Cluster","type":"AppendEntries","version":1}
2026-07-28T10:02:39.077889136Z Cluster: leader N3 received: {"term":1,"senderId":"N9","success":true,"matchIndex":2,"level":"Cluster","type":"AppendEntriesReply","version":1}
2026-07-28T10:02:39.078204117Z Node N2 Cluster: commiting upto index 2
2026-07-28T10:02:39.078544474Z Sending message to node N3: {"term":1,"senderId":"N2","success":true,"matchIndex":2,"level":"Cluster","type":"AppendEntriesReply","version":1}
2026-07-28T10:02:39.079817490Z Cluster: leader N3 received: {"term":1,"senderId":"N2","success":true,"matchIndex":2,"level":"Cluster","type":"AppendEntriesReply","version":1}
2026-07-28T10:02:40.080361879Z Cluster: Node N3 - Leader sending heartbeats.
2026-07-28T10:02:40.080741071Z Cluster: leader node: N3 broadcasting append entries message
2026-07-28T10:02:40.081429725Z Sending message to node N1: {"term":1,"leaderId":"N3","prevLogIndex":2,"prevLogTerm":1,"leaderCommit":2,"level":"Cluster","type":"AppendEntries","version":1}
2026-07-28T10:02:40.082731962Z Sending message to node N9: {"term":1,"leaderId":"N3","prevLogIndex":2,"prevLogTerm":1,"leaderCommit":2,"level":"Cluster","type":"AppendEntries","version":1}
2026-07-28T10:02:40.083481896Z Sending message to node N2: {"term":1,"leaderId":"N3","prevLogIndex":2,"prevLogTerm":1,"leaderCommit":2,"level":"Cluster","type":"AppendEntries","version":1}
2026-07-28T10:02:40.083478092Z Cluster: follower N1 received: {"term":1,"leaderId":"N3","prevLogIndex":2,"prevLogTerm":1,"leaderCommit":2,"level":"Cluster","type":"AppendEntries","version":1}
2026-07-28T10:02:40.083878518Z Node N1 Cluster: commiting upto index 2
2026-07-28T10:02:40.084160729Z Sending message to node N3: {"term":1,"senderId":"N1","success":true,"matchIndex":2,"level":"Cluster","type":"AppendEntriesReply","version":1}
2026-07-28T10:02:40.086368892Z Cluster: follower N9 received: {"term":1,"leaderId":"N3","prevLogIndex":2,"prevLogTerm":1,"leaderCommit":2,"level":"Cluster","type":"AppendEntries","version":1}
2026-07-28T10:02:40.086737891Z Node N9 Cluster: commiting upto index 2
2026-07-28T10:02:40.087310257Z Sending message to node N3: {"term":1,"senderId":"N9","success":true,"matchIndex":2,"level":"Cluster","type":"AppendEntriesReply","version":1}
2026-07-28T10:02:40.088840156Z Cluster: leader N3 received: {"term":1,"senderId":"N1","success":true,"matchIndex":2,"level":"Cluster","type":"AppendEntriesReply","version":1}
2026-07-28T10:02:40.089040371Z Cluster: leader N3 received: {"term":1,"senderId":"N9","success":true,"matchIndex":2,"level":"Cluster","type":"AppendEntriesReply","version":1}
2026-07-28T10:02:40.089440999Z Cluster: follower N2 received: {"term":1,"leaderId":"N3","prevLogIndex":2,"prevLogTerm":1,"leaderCommit":2,"level":"Cluster","type":"AppendEntries","version":1}
2026-07-28T10:02:40.089906707Z Node N2 Cluster: commiting upto index 2
2026-07-28T10:02:40.090301834Z Sending message to node N3: {"term":1,"senderId":"N2","success":true,"matchIndex":2,"level":"Cluster","type":"AppendEntriesReply","version":1}
2026-07-28T10:02:40.091543231Z Cluster: leader N3 received: {"term":1,"senderId":"N2","success":true,"matchIndex":2,"level":"Cluster","type":"AppendEntriesReply","version":1}
2026-07-28T10:02:41.092122937Z Cluster: Node N3 - Leader sending heartbeats.
2026-07-28T10:02:41.092608871Z Cluster: leader node: N3 broadcasting append entries message
2026-07-28T10:02:41.093047979Z Sending message to node N1: {"term":1,"leaderId":"N3","prevLogIndex":2,"prevLogTerm":1,"leaderCommit":2,"level":"Cluster","type":"AppendEntries","version":1}
2026-07-28T10:02:41.094370521Z Sending message to node N9: {"term":1,"leaderId":"N3","prevLogIndex":2,"prevLogTerm":1,"leaderCommit":2,"level":"Cluster","type":"AppendEntries","version":1}
2026-07-28T10:02:41.095169728Z Cluster: follower N1 received: {"term":1,"leaderId":"N3","prevLogIndex":2,"prevLogTerm":1,"leaderCommit":2,"level":"Cluster","type":"AppendEntries","version":1}
2026-07-28T10:02:41.095339068Z Sending message to node N2: {"term":1,"leaderId":"N3","prevLogIndex":2,"prevLogTerm":1,"leaderCommit":2,"level":"Cluster","type":"AppendEntries","version":1}
2026-07-28T10:02:41.095504367Z Node N1 Cluster: commiting upto index 2
2026-07-28T10:02:41.095679291Z Sending message to node N3: {"term":1,"senderId":"N1","success":true,"matchIndex":2,"level":"Cluster","type":"AppendEntriesReply","version":1}
2026-07-28T10:02:41.097129797Z Cluster: follower N2 received: {"term":1,"leaderId":"N3","prevLogIndex":2,"prevLogTerm":1,"leaderCommit":2,"level":"Cluster","type":"AppendEntries","version":1}
2026-07-28T10:02:41.097489691Z Cluster: leader N3 received: {"term":1,"senderId":"N1","success":true,"matchIndex":2,"level":"Cluster","type":"AppendEntriesReply","version":1}
2026-07-28T10:02:41.097531257Z Node N2 Cluster: commiting upto index 2
2026-07-28T10:02:41.097948074Z Sending message to node N3: {"term":1,"senderId":"N2","success":true,"matchIndex":2,"level":"Cluster","type":"AppendEntriesReply","version":1}
2026-07-28T10:02:41.097914369Z Cluster: follower N9 received: {"term":1,"leaderId":"N3","prevLogIndex":2,"prevLogTerm":1,"leaderCommit":2,"level":"Cluster","type":"AppendEntries","version":1}
2026-07-28T10:02:41.098301195Z Node N9 Cluster: commiting upto index 2
2026-07-28T10:02:41.098660682Z Sending message to node N3: {"term":1,"senderId":"N9","success":true,"matchIndex":2,"level":"Cluster","type":"AppendEntriesReply","version":1}
2026-07-28T10:02:41.100052360Z Cluster: leader N3 received: {"term":1,"senderId":"N2","success":true,"matchIndex":2,"level":"Cluster","type":"AppendEntriesReply","version":1}
2026-07-28T10:02:41.100430923Z Cluster: leader N3 received: {"term":1,"senderId":"N9","success":true,"matchIndex":2,"level":"Cluster","type":"AppendEntriesReply","version":1}
2026-07-28T10:02:42.101221761Z Cluster: Node N3 - Leader sending heartbeats.
2026-07-28T10:02:42.102012648Z Cluster: leader node: N3 broadcasting append entries message
2026-07-28T10:02:42.102443616Z Sending message to node N1: {"term":1,"leaderId":"N3","prevLogIndex":2,"prevLogTerm":1,"leaderCommit":2,"level":"Cluster","type":"AppendEntries","version":1}
2026-07-28T10:02:42.103756172Z Sending message to node N9: {"term":1,"leaderId":"N3","prevLogIndex":2,"prevLogTerm":1,"leaderCommit":2,"level":"Cluster","type":"AppendEntries","version":1}
2026-07-28T10:02:42.104595065Z Sending message to node N2: {"term":1,"leaderId":"N3","prevLogIndex":2,"prevLogTerm":1,"leaderCommit":2,"level":"Cluster","type":"AppendEntries","version":1}
2026-07-28T10:02:42.106407234Z Cluster: follower N1 received: {"term":1,"leaderId":"N3","prevLogIndex":2,"prevLogTerm":1,"leaderCommit":2,"level":"Cluster","type":"AppendEntries","version":1}
2026-07-28T10:02:42.106644341Z Node N1 Cluster: commiting upto index 2
2026-07-28T10:02:42.106469299Z Cluster: follower N9 received: {"term":1,"leaderId":"N3","prevLogIndex":2,"prevLogTerm":1,"leaderCommit":2,"level":"Cluster","type":"AppendEntries","version":1}
2026-07-28T10:02:42.106818186Z Sending message to node N3: {"term":1,"senderId":"N1","success":true,"matchIndex":2,"level":"Cluster","type":"AppendEntriesReply","version":1}
2026-07-28T10:02:42.106818022Z Node N9 Cluster: commiting upto index 2
2026-07-28T10:02:42.107059283Z Sending message to node N3: {"term":1,"senderId":"N9","success":true,"matchIndex":2,"level":"Cluster","type":"AppendEntriesReply","version":1}
2026-07-28T10:02:42.107571759Z Cluster: follower N2 received: {"term":1,"leaderId":"N3","prevLogIndex":2,"prevLogTerm":1,"leaderCommit":2,"level":"Cluster","type":"AppendEntries","version":1}
2026-07-28T10:02:42.107605011Z Cluster: leader N3 received: {"term":1,"senderId":"N1","success":true,"matchIndex":2,"level":"Cluster","type":"AppendEntriesReply","version":1}
2026-07-28T10:02:42.107722049Z Cluster: leader N3 received: {"term":1,"senderId":"N9","success":true,"matchIndex":2,"level":"Cluster","type":"AppendEntriesReply","version":1}
2026-07-28T10:02:42.107721434Z Node N2 Cluster: commiting upto index 2
2026-07-28T10:02:42.107792144Z Sending message to node N3: {"term":1,"senderId":"N2","success":true,"matchIndex":2,"level":"Cluster","type":"AppendEntriesReply","version":1}
2026-07-28T10:02:42.108277698Z Cluster: leader N3 received: {"term":1,"senderId":"N2","success":true,"matchIndex":2,"level":"Cluster","type":"AppendEntriesReply","version":1}
2026-07-28T10:02:43.109012302Z Cluster: Node N3 - Leader sending heartbeats.
2026-07-28T10:02:43.109383501Z Cluster: leader node: N3 broadcasting append entries message
2026-07-28T10:02:43.109677343Z Sending message to node N1: {"term":1,"leaderId":"N3","prevLogIndex":2,"prevLogTerm":1,"leaderCommit":2,"level":"Cluster","type":"AppendEntries","version":1}
2026-07-28T10:02:43.110742968Z Sending message to node N9: {"term":1,"leaderId":"N3","prevLogIndex":2,"prevLogTerm":1,"leaderCommit":2,"level":"Cluster","type":"AppendEntries","version":1}
2026-07-28T10:02:43.112151112Z Sending message to node N2: {"term":1,"leaderId":"N3","prevLogIndex":2,"prevLogTerm":1,"leaderCommit":2,"level":"Cluster","type":"AppendEntries","version":1}
2026-07-28T10:02:43.113025269Z Cluster: follower N9 received: {"term":1,"leaderId":"N3","prevLogIndex":2,"prevLogTerm":1,"leaderCommit":2,"level":"Cluster","type":"AppendEntries","version":1}
2026-07-28T10:02:43.113296906Z Cluster: follower N1 received: {"term":1,"leaderId":"N3","prevLogIndex":2,"prevLogTerm":1,"leaderCommit":2,"level":"Cluster","type":"AppendEntries","version":1}
2026-07-28T10:02:43.113311693Z Node N9 Cluster: commiting upto index 2
2026-07-28T10:02:43.113469057Z Node N1 Cluster: commiting upto index 2
2026-07-28T10:02:43.113576003Z Sending message to node N3: {"term":1,"senderId":"N1","success":true,"matchIndex":2,"level":"Cluster","type":"AppendEntriesReply","version":1}
2026-07-28T10:02:43.114297765Z Sending message to node N3: {"term":1,"senderId":"N9","success":true,"matchIndex":2,"level":"Cluster","type":"AppendEntriesReply","version":1}
2026-07-28T10:02:43.114889018Z Cluster: leader N3 received: {"term":1,"senderId":"N1","success":true,"matchIndex":2,"level":"Cluster","type":"AppendEntriesReply","version":1}
2026-07-28T10:02:43.115899376Z Cluster: leader N3 received: {"term":1,"senderId":"N9","success":true,"matchIndex":2,"level":"Cluster","type":"AppendEntriesReply","version":1}
2026-07-28T10:02:43.116498157Z Cluster: follower N2 received: {"term":1,"leaderId":"N3","prevLogIndex":2,"prevLogTerm":1,"leaderCommit":2,"level":"Cluster","type":"AppendEntries","version":1}
2026-07-28T10:02:43.116722982Z Node N2 Cluster: commiting upto index 2
2026-07-28T10:02:43.116859414Z Sending message to node N3: {"term":1,"senderId":"N2","success":true,"matchIndex":2,"level":"Cluster","type":"AppendEntriesReply","version":1}
2026-07-28T10:02:43.118067269Z Cluster: leader N3 received: {"term":1,"senderId":"N2","success":true,"matchIndex":2,"level":"Cluster","type":"AppendEntriesReply","version":1}
2026-07-28T10:02:43.931070906Z Cluster: follower N1 received: {"action":"Add","node":{"id":"N10","ip":"localhost","port":4591},"type":"NodeMsg","version":1}
2026-07-28T10:02:43.931215665Z Sending message to node N3: {"action":"Add","node":{"id":"N10","ip":"localhost","port":4591},"type":"NodeMsg","version":1}
2026-07-28T10:02:43.931963134Z Cluster: leader N3 received: {"action":"Add","node":{"id":"N10","ip":"localhost","port":4591},"type":"NodeMsg","version":1}
2026-07-28T10:02:43.932063011Z Cluster: Leader N3 appending log entry
2026-07-28T10:02:43.932105171Z Cluster: leader node: N3 broadcasting append entries message
2026-07-28T10:02:43.932199567Z Sending message to node N1: {"term":1,"leaderId":"N3","prevLogIndex":2,"prevLogTerm":1,"leaderCommit":2,"entries":[{"msg":{"action":"Add","node":{"id":"N10","ip":"localhost","port":4591},"type":"NodeMsg","version":1},"term":1,"index":3}],"level":"Cluster","type":"AppendEntries","version":1}
2026-07-28T10:02:43.932654710Z Sending message to node N9: {"term":1,"leaderId":"N3","prevLogIndex":2,"prevLogTerm":1,"leaderCommit":2,"entries":[{"msg":{"action":"Add","node":{"id":"N10","ip":"localhost","port":4591},"type":"NodeMsg","version":1},"term":1,"index":3}],"level":"Cluster","type":"AppendEntries","version":1}
2026-07-28T10:02:43.932875189Z Sending message to node N2: {"term":1,"leaderId":"N3","prevLogIndex":2,"prevLogTerm":1,"leaderCommit":2,"entries":[{"msg":{"action":"Add","node":{"id":"N10","ip":"localhost","port":4591},"type":"NodeMsg","version":1},"term":1,"index":3}],"level":"Cluster","type":"AppendEntries","version":1}
2026-07-28T10:02:43.932885027Z Cluster: follower N1 received: {"term":1,"leaderId":"N3","prevLogIndex":2,"prevLogTerm":1,"leaderCommit":2,"entries":[{"msg":{"action":"Add","node":{"id":"N10","ip":"localhost","port":4591},"type":"NodeMsg","version":1},"term":1,"index":3}],"level":"Cluster","type":"AppendEntries","version":1}
2026-07-28T10:02:43.932947415Z Node N1 Cluster: commiting upto index 2
2026-07-28T10:02:43.932994539Z Sending message to node N3: {"term":1,"senderId":"N1","success":true,"matchIndex":3,"level":"Cluster","type":"AppendEntriesReply","version":1}
2026-07-28T10:02:43.933362790Z Cluster: follower N9 received: {"term":1,"leaderId":"N3","prevLogIndex":2,"prevLogTerm":1,"leaderCommit":2,"entries":[{"msg":{"action":"Add","node":{"id":"N10","ip":"localhost","port":4591},"type":"NodeMsg","version":1},"term":1,"index":3}],"level":"Cluster","type":"AppendEntries","version":1}
2026-07-28T10:02:43.933565096Z Cluster: leader N3 received: {"term":1,"senderId":"N1","success":true,"matchIndex":3,"level":"Cluster","type":"AppendEntriesReply","version":1}
2026-07-28T10:02:43.933573417Z Node N9 Cluster: commiting upto index 2
2026-07-28T10:02:43.933613178Z Cluster: follower N2 received: {"term":1,"leaderId":"N3","prevLogIndex":2,"prevLogTerm":1,"leaderCommit":2,"entries":[{"msg":{"action":"Add","node":{"id":"N10","ip":"localhost","port":4591},"type":"NodeMsg","version":1},"term":1,"index":3}],"level":"Cluster","type":"AppendEntries","version":1}
2026-07-28T10:02:43.933706317Z Sending message to node N3: {"term":1,"senderId":"N9","success":true,"matchIndex":3,"level":"Cluster","type":"AppendEntriesReply","version":1}
2026-07-28T10:02:43.933725423Z Node N2 Cluster: commiting upto index 2
2026-07-28T10:02:43.933823813Z Sending message to node N3: {"term":1,"senderId":"N2","success":true,"matchIndex":3,"level":"Cluster","type":"AppendEntriesReply","version":1}
2026-07-28T10:02:43.934227607Z Cluster: leader N3 received: {"term":1,"senderId":"N9","success":true,"matchIndex":3,"level":"Cluster","type":"AppendEntriesReply","version":1}
2026-07-28T10:02:43.934316591Z Node N3 Cluster: commiting upto index 3
2026-07-28T10:02:43.934380956Z Cluster: leader node: N3 broadcasting append entries message
2026-07-28T10:02:43.934422010Z Sending message to node N1: {"term":1,"leaderId":"N3","prevLogIndex":3,"prevLogTerm":1,"leaderCommit":3,"level":"Cluster","type":"AppendEntries","version":1}
2026-07-28T10:02:43.934629860Z Sending message to node N9: {"term":1,"leaderId":"N3","prevLogIndex":3,"prevLogTerm":1,"leaderCommit":3,"level":"Cluster","type":"AppendEntries","version":1}
2026-07-28T10:02:43.934838274Z Sending message to node N2: {"term":1,"leaderId":"N3","prevLogIndex":2,"prevLogTerm":1,"leaderCommit":3,"entries":[{"msg":{"action":"Add","node":{"id":"N10","ip":"localhost","port":4591},"type":"NodeMsg","version":1},"term":1,"index":3}],"level":"Cluster","type":"AppendEntries","version":1}
2026-07-28T10:02:43.934854971Z Cluster: follower N1 received: {"term":1,"leaderId":"N3","prevLogIndex":3,"prevLogTerm":1,"leaderCommit":3,"level":"Cluster","type":"AppendEntries","version":1}
2026-07-28T10:02:43.934932458Z Node N1 Cluster: commiting upto index 3
2026-07-28T10:02:43.934995291Z Cluster: leader N3 received: {"term":1,"senderId":"N2","success":true,"matchIndex":3,"level":"Cluster","type":"AppendEntriesReply","version":1}
2026-07-28T10:02:43.935021597Z Sending message to node N3: {"term":1,"senderId":"N1","success":true,"matchIndex":3,"level":"Cluster","type":"AppendEntriesReply","version":1}
2026-07-28T10:02:43.935044440Z Cluster: leader N3 received: {"nodes":{"N1":{"id":"N1","ip":"localhost","port":4567},"N2":{"id":"N2","ip":"localhost","port":4568},"N3":{"id":"N3","ip":"localhost","port":4569},"N9":{"id":"N9","ip":"localhost","port":4590},"N10":{"id":"N10","ip":"localhost","port":4591}},"action":"Update","type":"Update","version":2}
2026-07-28T10:02:43.935070284Z Node N3 Cluster level raft recieved config update request
2026-07-28T10:02:43.935128919Z Cluster: follower N9 received: {"term":1,"leaderId":"N3","prevLogIndex":3,"prevLogTerm":1,"leaderCommit":3,"level":"Cluster","type":"AppendEntries","version":1}
2026-07-28T10:02:43.935258635Z Node N9 Cluster: commiting upto index 3
2026-07-28T10:02:43.935479992Z Cluster: follower N1 received: {"nodes":{"N1":{"id":"N1","ip":"localhost","port":4567},"N2":{"id":"N2","ip":"localhost","port":4568},"N3":{"id":"N3","ip":"localhost","port":4569},"N9":{"id":"N9","ip":"localhost","port":4590},"N10":{"id":"N10","ip":"localhost","port":4591}},"action":"Update","type":"Update","version":2}
2026-07-28T10:02:43.935481140Z Cluster: leader N3 received: {"term":1,"senderId":"N1","success":true,"matchIndex":3,"level":"Cluster","type":"AppendEntriesReply","version":1}
2026-07-28T10:02:43.935520658Z Node N1 Cluster level raft recieved config update request
2026-07-28T10:02:43.935487937Z Sending message to node N3: {"term":1,"senderId":"N9","success":true,"matchIndex":3,"level":"Cluster","type":"AppendEntriesReply","version":1}
2026-07-28T10:02:43.935549564Z Cluster: follower N2 received: {"term":1,"leaderId":"N3","prevLogIndex":2,"prevLogTerm":1,"leaderCommit":3,"entries":[{"msg":{"action":"Add","node":{"id":"N10","ip":"localhost","port":4591},"type":"NodeMsg","version":1},"term":1,"index":3}],"level":"Cluster","type":"AppendEntries","version":1}
2026-07-28T10:02:43.935749470Z Node N2 Cluster: commiting upto index 3
2026-07-28T10:02:43.935965092Z Cluster: leader N3 received: {"term":1,"senderId":"N9","success":true,"matchIndex":3,"level":"Cluster","type":"AppendEntriesReply","version":1}
2026-07-28T10:02:43.936166208Z Sending message to node N3: {"term":1,"senderId":"N2","success":true,"matchIndex":3,"level":"Cluster","type":"AppendEntriesReply","version":1}
2026-07-28T10:02:43.936265459Z Cluster: follower N9 received: {"nodes":{"N1":{"id":"N1","ip":"localhost","port":4567},"N2":{"id":"N2","ip":"localhost","port":4568},"N3":{"id":"N3","ip":"localhost","port":4569},"N9":{"id":"N9","ip":"localhost","port":4590},"N10":{"id":"N10","ip":"localhost","port":4591}},"action":"Update","type":"Update","version":2}
2026-07-28T10:02:43.936463612Z Node N9 Cluster level raft recieved config update request
2026-07-28T10:02:43.937454601Z Cluster: leader N3 received: {"term":1,"senderId":"N2","success":true,"matchIndex":3,"level":"Cluster","type":"AppendEntriesReply","version":1}
2026-07-28T10:02:43.937494341Z Cluster: follower N2 received: {"nodes":{"N1":{"id":"N1","ip":"localhost","port":4567},"N2":{"id":"N2","ip":"localhost","port":4568},"N3":{"id":"N3","ip":"localhost","port":4569},"N9":{"id":"N9","ip":"localhost","port":4590},"N10":{"id":"N10","ip":"localhost","port":4591}},"action":"Update","type":"Update","version":2}
2026-07-28T10:02:43.937620472Z Node N2 Cluster level raft recieved config update request
2026-07-28T10:02:44.937996601Z Cluster: Node N3 - Leader sending heartbeats.
2026-07-28T10:02:44.938155137Z Cluster: leader node: N3 broadcasting append entries message
2026-07-28T10:02:44.938327624Z Sending message to node N1: {"term":1,"leaderId":"N3","prevLogIndex":3,"prevLogTerm":1,"leaderCommit":3,"level":"Cluster","type":"AppendEntries","version":1}
2026-07-28T10:02:44.940046711Z Sending message to node N9: {"term":1,"leaderId":"N3","prevLogIndex":3,"prevLogTerm":1,"leaderCommit":3,"level":"Cluster","type":"AppendEntries","version":1}
2026-07-28T10:02:44.940794904Z Cluster: follower N1 received: {"term":1,"leaderId":"N3","prevLogIndex":3,"prevLogTerm":1,"leaderCommit":3,"level":"Cluster","type":"AppendEntries","version":1}
2026-07-28T10:02:44.940864154Z Node N1 Cluster: commiting upto index 3
2026-07-28T10:02:44.940918452Z Sending message to node N3: {"term":1,"senderId":"N1","success":true,"matchIndex":3,"level":"Cluster","type":"AppendEntriesReply","version":1}
2026-07-28T10:02:44.941751536Z Sending message to node N2: {"term":1,"leaderId":"N3","prevLogIndex":3,"prevLogTerm":1,"leaderCommit":3,"level":"Cluster","type":"AppendEntries","version":1}
2026-07-28T10:02:44.941701852Z Cluster: follower N9 received: {"term":1,"leaderId":"N3","prevLogIndex":3,"prevLogTerm":1,"leaderCommit":3,"level":"Cluster","type":"AppendEntries","version":1}
2026-07-28T10:02:44.941937892Z Node N9 Cluster: commiting upto index 3
2026-07-28T10:02:44.942118126Z Sending message to node N3: {"term":1,"senderId":"N9","success":true,"matchIndex":3,"level":"Cluster","type":"AppendEntriesReply","version":1}
2026-07-28T10:02:44.942170145Z Sending message to node N10: {"term":1,"leaderId":"N3","prevLogIndex":-1,"prevLogTerm":0,"leaderCommit":3,"entries":[{"msg":{"action":"Add","node":{"id":"N9","ip":"localhost","port":4590},"type":"NodeMsg","version":0},"term":1,"index":0},{"msg":{"nodes":{"N1":{"id":"N1","ip":"localhost","port":4567},"N2":{"id":"N2","ip":"localhost","port":4568},"N3":{"id":"N3","ip":"localhost","port":4569},"N9":{"id":"N9","ip":"localhost","port":4590}},"oldNodes":{"N1":{"id":"N1","ip":"localhost","port":4567},"N9":{"id":"N9","ip":"localhost","port":4590},"N2":{"id":"N2","ip":"localhost","port":4568},"N3":{"id":"N3","ip":"localhost","port":4569}},"jointConfig":true,"targetVersion":1,"type":"RaftConfig","version":1},"term":1,"index":1},{"msg":{"nodes":{"N1":{"id":"N1","ip":"localhost","port":4567},"N2":{"id":"N2","ip":"localhost","port":4568},"N3":{"id":"N3","ip":"localhost","port":4569},"N9":{"id":"N9","ip":"localhost","port":4590}},"jointConfig":false,"targetVersion":1,"type":"RaftConfig","version":1},"term":1,"index":2},{"msg":{"action":"Add","node":{"id":"N10","ip":"localhost","port":4591},"type":"NodeMsg","version":1},"term":1,"index":3}],"level":"Cluster","type":"AppendEntries","version":1}
2026-07-28T10:02:44.942684575Z Cluster: follower N2 received: {"term":1,"leaderId":"N3","prevLogIndex":3,"prevLogTerm":1,"leaderCommit":3,"level":"Cluster","type":"AppendEntries","version":1}
2026-07-28T10:02:44.943201663Z Node N2 Cluster: commiting upto index 3
2026-07-28T10:02:44.943743085Z Sending message to node N3: {"term":1,"senderId":"N2","success":true,"matchIndex":3,"level":"Cluster","type":"AppendEntriesReply","version":1}
2026-07-28T10:02:44.943827443Z Cluster: leader N3 received: {"term":1,"senderId":"N1","success":true,"matchIndex":3,"level":"Cluster","type":"AppendEntriesReply","version":1}
2026-07-28T10:02:44.943901845Z Cluster: leader N3 received: {"term":1,"senderId":"N9","success":true,"matchIndex":3,"level":"Cluster","type":"AppendEntriesReply","version":1}
2026-07-28T10:02:44.944378270Z Cluster: leader N3 received: {"term":1,"senderId":"N2","success":true,"matchIndex":3,"level":"Cluster","type":"AppendEntriesReply","version":1}
2026-07-28T10:02:44.985506687Z Cluster: learner N10 received: {"term":1,"leaderId":"N3","prevLogIndex":-1,"prevLogTerm":0,"leaderCommit":3,"entries":[{"msg":{"action":"Add","node":{"id":"N9","ip":"localhost","port":4590},"type":"NodeMsg","version":0},"term":1,"index":0},{"msg":{"nodes":{"N1":{"id":"N1","ip":"localhost","port":4567},"N2":{"id":"N2","ip":"localhost","port":4568},"N3":{"id":"N3","ip":"localhost","port":4569},"N9":{"id":"N9","ip":"localhost","port":4590}},"oldNodes":{"N1":{"id":"N1","ip":"localhost","port":4567},"N9":{"id":"N9","ip":"localhost","port":4590},"N2":{"id":"N2","ip":"localhost","port":4568},"N3":{"id":"N3","ip":"localhost","port":4569}},"jointConfig":true,"targetVersion":1,"type":"RaftConfig","version":1},"term":1,"index":1},{"msg":{"nodes":{"N1":{"id":"N1","ip":"localhost","port":4567},"N2":{"id":"N2","ip":"localhost","port":4568},"N3":{"id":"N3","ip":"localhost","port":4569},"N9":{"id":"N9","ip":"localhost","port":4590}},"jointConfig":false,"targetVersion":1,"type":"RaftConfig","version":1},"term":1,"index":2},{"msg":{"action":"Add","node":{"id":"N10","ip":"localhost","port":4591},"type":"NodeMsg","version":1},"term":1,"index":3}],"level":"Cluster","type":"AppendEntries","version":1}
2026-07-28T10:02:44.992423855Z Node N10 Cluster: commiting upto index 3
2026-07-28T10:02:44.993776806Z Sending message to node N3: {"term":1,"senderId":"N10","success":true,"matchIndex":3,"level":"Cluster","type":"AppendEntriesReply","version":1}
2026-07-28T10:02:44.998382170Z Cluster: leader N3 received: {"term":1,"senderId":"N10","success":true,"matchIndex":3,"level":"Cluster","type":"AppendEntriesReply","version":1}
2026-07-28T10:02:44.998518001Z Cluster: leader node: N3 broadcasting append entries message
2026-07-28T10:02:44.998664008Z Sending message to node N1: {"term":1,"leaderId":"N3","prevLogIndex":3,"prevLogTerm":1,"leaderCommit":3,"entries":[{"msg":{"nodes":{"N1":{"id":"N1","ip":"localhost","port":4567},"N2":{"id":"N2","ip":"localhost","port":4568},"N3":{"id":"N3","ip":"localhost","port":4569},"N9":{"id":"N9","ip":"localhost","port":4590},"N10":{"id":"N10","ip":"localhost","port":4591}},"oldNodes":{"N1":{"id":"N1","ip":"localhost","port":4567},"N9":{"id":"N9","ip":"localhost","port":4590},"N2":{"id":"N2","ip":"localhost","port":4568},"N3":{"id":"N3","ip":"localhost","port":4569}},"jointConfig":true,"targetVersion":2,"type":"RaftConfig","version":2},"term":1,"index":4}],"level":"Cluster","type":"AppendEntries","version":1}
2026-07-28T10:02:44.999000147Z Sending message to node N9: {"term":1,"leaderId":"N3","prevLogIndex":3,"prevLogTerm":1,"leaderCommit":3,"entries":[{"msg":{"nodes":{"N1":{"id":"N1","ip":"localhost","port":4567},"N2":{"id":"N2","ip":"localhost","port":4568},"N3":{"id":"N3","ip":"localhost","port":4569},"N9":{"id":"N9","ip":"localhost","port":4590},"N10":{"id":"N10","ip":"localhost","port":4591}},"oldNodes":{"N1":{"id":"N1","ip":"localhost","port":4567},"N9":{"id":"N9","ip":"localhost","port":4590},"N2":{"id":"N2","ip":"localhost","port":4568},"N3":{"id":"N3","ip":"localhost","port":4569}},"jointConfig":true,"targetVersion":2,"type":"RaftConfig","version":2},"term":1,"index":4}],"level":"Cluster","type":"AppendEntries","version":1}
2026-07-28T10:02:44.999369386Z Cluster: follower N1 received: {"term":1,"leaderId":"N3","prevLogIndex":3,"prevLogTerm":1,"leaderCommit":3,"entries":[{"msg":{"nodes":{"N1":{"id":"N1","ip":"localhost","port":4567},"N2":{"id":"N2","ip":"localhost","port":4568},"N3":{"id":"N3","ip":"localhost","port":4569},"N9":{"id":"N9","ip":"localhost","port":4590},"N10":{"id":"N10","ip":"localhost","port":4591}},"oldNodes":{"N1":{"id":"N1","ip":"localhost","port":4567},"N9":{"id":"N9","ip":"localhost","port":4590},"N2":{"id":"N2","ip":"localhost","port":4568},"N3":{"id":"N3","ip":"localhost","port":4569}},"jointConfig":true,"targetVersion":2,"type":"RaftConfig","version":2},"term":1,"index":4}],"level":"Cluster","type":"AppendEntries","version":1}
2026-07-28T10:02:44.999546285Z Node N1 Cluster: commiting upto index 3
2026-07-28T10:02:44.999678003Z Sending message to node N3: {"term":1,"senderId":"N1","success":true,"matchIndex":4,"level":"Cluster","type":"AppendEntriesReply","version":1}
2026-07-28T10:02:44.999805669Z Cluster: follower N9 received: {"term":1,"leaderId":"N3","prevLogIndex":3,"prevLogTerm":1,"leaderCommit":3,"entries":[{"msg":{"nodes":{"N1":{"id":"N1","ip":"localhost","port":4567},"N2":{"id":"N2","ip":"localhost","port":4568},"N3":{"id":"N3","ip":"localhost","port":4569},"N9":{"id":"N9","ip":"localhost","port":4590},"N10":{"id":"N10","ip":"localhost","port":4591}},"oldNodes":{"N1":{"id":"N1","ip":"localhost","port":4567},"N9":{"id":"N9","ip":"localhost","port":4590},"N2":{"id":"N2","ip":"localhost","port":4568},"N3":{"id":"N3","ip":"localhost","port":4569}},"jointConfig":true,"targetVersion":2,"type":"RaftConfig","version":2},"term":1,"index":4}],"level":"Cluster","type":"AppendEntries","version":1}
2026-07-28T10:02:44.999968292Z Node N9 Cluster: commiting upto index 3
2026-07-28T10:02:45.000041885Z Sending message to node N3: {"term":1,"senderId":"N9","success":true,"matchIndex":4,"level":"Cluster","type":"AppendEntriesReply","version":1}
2026-07-28T10:02:45.000287651Z Cluster: learner N10 received: {"nodes":{"N1":{"id":"N1","ip":"localhost","port":4567},"N2":{"id":"N2","ip":"localhost","port":4568},"N3":{"id":"N3","ip":"localhost","port":4569},"N9":{"id":"N9","ip":"localhost","port":4590}},"action":"Update","type":"Update","version":1}
2026-07-28T10:02:45.000753681Z Cluster: learner N10 received: {"nodes":{"N1":{"id":"N1","ip":"localhost","port":4567},"N2":{"id":"N2","ip":"localhost","port":4568},"N3":{"id":"N3","ip":"localhost","port":4569},"N9":{"id":"N9","ip":"localhost","port":4590},"N10":{"id":"N10","ip":"localhost","port":4591}},"action":"Update","type":"Update","version":2}
2026-07-28T10:02:45.000930998Z Node N10 Cluster level raft recieved config update request
2026-07-28T10:02:45.000282888Z Sending message to node N2: {"term":1,"leaderId":"N3","prevLogIndex":3,"prevLogTerm":1,"leaderCommit":3,"entries":[{"msg":{"nodes":{"N1":{"id":"N1","ip":"localhost","port":4567},"N2":{"id":"N2","ip":"localhost","port":4568},"N3":{"id":"N3","ip":"localhost","port":4569},"N9":{"id":"N9","ip":"localhost","port":4590},"N10":{"id":"N10","ip":"localhost","port":4591}},"oldNodes":{"N1":{"id":"N1","ip":"localhost","port":4567},"N9":{"id":"N9","ip":"localhost","port":4590},"N2":{"id":"N2","ip":"localhost","port":4568},"N3":{"id":"N3","ip":"localhost","port":4569}},"jointConfig":true,"targetVersion":2,"type":"RaftConfig","version":2},"term":1,"index":4}],"level":"Cluster","type":"AppendEntries","version":1}
2026-07-28T10:02:45.018369505Z Sending message to node N10: {"term":1,"leaderId":"N3","prevLogIndex":3,"prevLogTerm":1,"leaderCommit":3,"entries":[{"msg":{"nodes":{"N1":{"id":"N1","ip":"localhost","port":4567},"N2":{"id":"N2","ip":"localhost","port":4568},"N3":{"id":"N3","ip":"localhost","port":4569},"N9":{"id":"N9","ip":"localhost","port":4590},"N10":{"id":"N10","ip":"localhost","port":4591}},"oldNodes":{"N1":{"id":"N1","ip":"localhost","port":4567},"N9":{"id":"N9","ip":"localhost","port":4590},"N2":{"id":"N2","ip":"localhost","port":4568},"N3":{"id":"N3","ip":"localhost","port":4569}},"jointConfig":true,"targetVersion":2,"type":"RaftConfig","version":2},"term":1,"index":4}],"level":"Cluster","type":"AppendEntries","version":1}
2026-07-28T10:02:45.018609541Z Cluster: leader N3 received: {"term":1,"senderId":"N1","success":true,"matchIndex":4,"level":"Cluster","type":"AppendEntriesReply","version":1}
2026-07-28T10:02:45.018701442Z Cluster: leader N3 received: {"term":1,"senderId":"N9","success":true,"matchIndex":4,"level":"Cluster","type":"AppendEntriesReply","version":1}
2026-07-28T10:02:45.018731406Z Cluster: follower N2 received: {"term":1,"leaderId":"N3","prevLogIndex":3,"prevLogTerm":1,"leaderCommit":3,"entries":[{"msg":{"nodes":{"N1":{"id":"N1","ip":"localhost","port":4567},"N2":{"id":"N2","ip":"localhost","port":4568},"N3":{"id":"N3","ip":"localhost","port":4569},"N9":{"id":"N9","ip":"localhost","port":4590},"N10":{"id":"N10","ip":"localhost","port":4591}},"oldNodes":{"N1":{"id":"N1","ip":"localhost","port":4567},"N9":{"id":"N9","ip":"localhost","port":4590},"N2":{"id":"N2","ip":"localhost","port":4568},"N3":{"id":"N3","ip":"localhost","port":4569}},"jointConfig":true,"targetVersion":2,"type":"RaftConfig","version":2},"term":1,"index":4}],"level":"Cluster","type":"AppendEntries","version":1}
2026-07-28T10:02:45.018865154Z Node N2 Cluster: commiting upto index 3
2026-07-28T10:02:45.018935993Z Sending message to node N3: {"term":1,"senderId":"N2","success":true,"matchIndex":4,"level":"Cluster","type":"AppendEntriesReply","version":1}
2026-07-28T10:02:45.019449646Z Cluster: leader N3 received: {"term":1,"senderId":"N2","success":true,"matchIndex":4,"level":"Cluster","type":"AppendEntriesReply","version":1}
2026-07-28T10:02:45.019539924Z Node N3 Cluster: commiting upto index 4
2026-07-28T10:02:45.019630200Z Cluster: leader node: N3 broadcasting append entries message
2026-07-28T10:02:45.019753614Z Sending message to node N1: {"term":1,"leaderId":"N3","prevLogIndex":4,"prevLogTerm":1,"leaderCommit":4,"entries":[{"msg":{"nodes":{"N1":{"id":"N1","ip":"localhost","port":4567},"N2":{"id":"N2","ip":"localhost","port":4568},"N3":{"id":"N3","ip":"localhost","port":4569},"N9":{"id":"N9","ip":"localhost","port":4590},"N10":{"id":"N10","ip":"localhost","port":4591}},"jointConfig":false,"targetVersion":2,"type":"RaftConfig","version":2},"term":1,"index":5}],"level":"Cluster","type":"AppendEntries","version":1}
2026-07-28T10:02:45.019898279Z Cluster: learner N10 received: {"term":1,"leaderId":"N3","prevLogIndex":3,"prevLogTerm":1,"leaderCommit":3,"entries":[{"msg":{"nodes":{"N1":{"id":"N1","ip":"localhost","port":4567},"N2":{"id":"N2","ip":"localhost","port":4568},"N3":{"id":"N3","ip":"localhost","port":4569},"N9":{"id":"N9","ip":"localhost","port":4590},"N10":{"id":"N10","ip":"localhost","port":4591}},"oldNodes":{"N1":{"id":"N1","ip":"localhost","port":4567},"N9":{"id":"N9","ip":"localhost","port":4590},"N2":{"id":"N2","ip":"localhost","port":4568},"N3":{"id":"N3","ip":"localhost","port":4569}},"jointConfig":true,"targetVersion":2,"type":"RaftConfig","version":2},"term":1,"index":4}],"level":"Cluster","type":"AppendEntries","version":1}
2026-07-28T10:02:45.020109563Z Sending message to node N9: {"term":1,"leaderId":"N3","prevLogIndex":4,"prevLogTerm":1,"leaderCommit":4,"entries":[{"msg":{"nodes":{"N1":{"id":"N1","ip":"localhost","port":4567},"N2":{"id":"N2","ip":"localhost","port":4568},"N3":{"id":"N3","ip":"localhost","port":4569},"N9":{"id":"N9","ip":"localhost","port":4590},"N10":{"id":"N10","ip":"localhost","port":4591}},"jointConfig":false,"targetVersion":2,"type":"RaftConfig","version":2},"term":1,"index":5}],"level":"Cluster","type":"AppendEntries","version":1}
2026-07-28T10:02:45.020355048Z Node N10 Cluster: commiting upto index 3
2026-07-28T10:02:45.020905837Z Sending message to node N2: {"term":1,"leaderId":"N3","prevLogIndex":4,"prevLogTerm":1,"leaderCommit":4,"entries":[{"msg":{"nodes":{"N1":{"id":"N1","ip":"localhost","port":4567},"N2":{"id":"N2","ip":"localhost","port":4568},"N3":{"id":"N3","ip":"localhost","port":4569},"N9":{"id":"N9","ip":"localhost","port":4590},"N10":{"id":"N10","ip":"localhost","port":4591}},"jointConfig":false,"targetVersion":2,"type":"RaftConfig","version":2},"term":1,"index":5}],"level":"Cluster","type":"AppendEntries","version":1}
2026-07-28T10:02:45.020936777Z Sending message to node N3: {"term":1,"senderId":"N10","success":true,"matchIndex":4,"level":"Cluster","type":"AppendEntriesReply","version":1}
2026-07-28T10:02:45.022167992Z Sending message to node N10: {"term":1,"leaderId":"N3","prevLogIndex":3,"prevLogTerm":1,"leaderCommit":4,"entries":[{"msg":{"nodes":{"N1":{"id":"N1","ip":"localhost","port":4567},"N2":{"id":"N2","ip":"localhost","port":4568},"N3":{"id":"N3","ip":"localhost","port":4569},"N9":{"id":"N9","ip":"localhost","port":4590},"N10":{"id":"N10","ip":"localhost","port":4591}},"oldNodes":{"N1":{"id":"N1","ip":"localhost","port":4567},"N9":{"id":"N9","ip":"localhost","port":4590},"N2":{"id":"N2","ip":"localhost","port":4568},"N10":{"id":"N10","ip":"localhost","port":4591},"N3":{"id":"N3","ip":"localhost","port":4569}},"jointConfig":true,"targetVersion":2,"type":"RaftConfig","version":2},"term":1,"index":4},{"msg":{"nodes":{"N1":{"id":"N1","ip":"localhost","port":4567},"N2":{"id":"N2","ip":"localhost","port":4568},"N3":{"id":"N3","ip":"localhost","port":4569},"N9":{"id":"N9","ip":"localhost","port":4590},"N10":{"id":"N10","ip":"localhost","port":4591}},"jointConfig":false,"targetVersion":2,"type":"RaftConfig","version":2},"term":1,"index":5}],"level":"Cluster","type":"AppendEntries","version":1}
2026-07-28T10:02:45.022863269Z Cluster: follower N9 received: {"term":1,"leaderId":"N3","prevLogIndex":4,"prevLogTerm":1,"leaderCommit":4,"entries":[{"msg":{"nodes":{"N1":{"id":"N1","ip":"localhost","port":4567},"N2":{"id":"N2","ip":"localhost","port":4568},"N3":{"id":"N3","ip":"localhost","port":4569},"N9":{"id":"N9","ip":"localhost","port":4590},"N10":{"id":"N10","ip":"localhost","port":4591}},"jointConfig":false,"targetVersion":2,"type":"RaftConfig","version":2},"term":1,"index":5}],"level":"Cluster","type":"AppendEntries","version":1}
2026-07-28T10:02:45.023394291Z Cluster: leader N3 received: {"term":1,"senderId":"N10","success":true,"matchIndex":4,"level":"Cluster","type":"AppendEntriesReply","version":1}
2026-07-28T10:02:45.023384416Z Cluster: follower N2 received: {"term":1,"leaderId":"N3","prevLogIndex":4,"prevLogTerm":1,"leaderCommit":4,"entries":[{"msg":{"nodes":{"N1":{"id":"N1","ip":"localhost","port":4567},"N2":{"id":"N2","ip":"localhost","port":4568},"N3":{"id":"N3","ip":"localhost","port":4569},"N9":{"id":"N9","ip":"localhost","port":4590},"N10":{"id":"N10","ip":"localhost","port":4591}},"jointConfig":false,"targetVersion":2,"type":"RaftConfig","version":2},"term":1,"index":5}],"level":"Cluster","type":"AppendEntries","version":1}
2026-07-28T10:02:45.023624020Z Node N9 Cluster: commiting upto index 4
2026-07-28T10:02:45.024116189Z Sending message to node N3: {"term":1,"senderId":"N9","success":true,"matchIndex":5,"level":"Cluster","type":"AppendEntriesReply","version":1}
2026-07-28T10:02:45.023992473Z Node N2 Cluster: commiting upto index 4
2026-07-28T10:02:45.025443727Z Cluster: leader N3 received: {"term":1,"senderId":"N9","success":true,"matchIndex":5,"level":"Cluster","type":"AppendEntriesReply","version":1}
2026-07-28T10:02:45.025394954Z Sending message to node N3: {"term":1,"senderId":"N2","success":true,"matchIndex":5,"level":"Cluster","type":"AppendEntriesReply","version":1}
2026-07-28T10:02:45.027645047Z Cluster: leader N3 received: {"term":1,"senderId":"N2","success":true,"matchIndex":5,"level":"Cluster","type":"AppendEntriesReply","version":1}
2026-07-28T10:02:45.030580368Z Cluster: learner N10 received: {"term":1,"leaderId":"N3","prevLogIndex":3,"prevLogTerm":1,"leaderCommit":4,"entries":[{"msg":{"nodes":{"N1":{"id":"N1","ip":"localhost","port":4567},"N2":{"id":"N2","ip":"localhost","port":4568},"N3":{"id":"N3","ip":"localhost","port":4569},"N9":{"id":"N9","ip":"localhost","port":4590},"N10":{"id":"N10","ip":"localhost","port":4591}},"oldNodes":{"N1":{"id":"N1","ip":"localhost","port":4567},"N9":{"id":"N9","ip":"localhost","port":4590},"N2":{"id":"N2","ip":"localhost","port":4568},"N10":{"id":"N10","ip":"localhost","port":4591},"N3":{"id":"N3","ip":"localhost","port":4569}},"jointConfig":true,"targetVersion":2,"type":"RaftConfig","version":2},"term":1,"index":4},{"msg":{"nodes":{"N1":{"id":"N1","ip":"localhost","port":4567},"N2":{"id":"N2","ip":"localhost","port":4568},"N3":{"id":"N3","ip":"localhost","port":4569},"N9":{"id":"N9","ip":"localhost","port":4590},"N10":{"id":"N10","ip":"localhost","port":4591}},"jointConfig":false,"targetVersion":2,"type":"RaftConfig","version":2},"term":1,"index":5}],"level":"Cluster","type":"AppendEntries","version":1}
2026-07-28T10:02:45.030824803Z Node N10 Cluster: commiting upto index 4
2026-07-28T10:02:45.031104165Z Sending message to node N3: {"term":1,"senderId":"N10","success":true,"matchIndex":5,"level":"Cluster","type":"AppendEntriesReply","version":1}
2026-07-28T10:02:45.031609614Z Cluster: leader N3 received: {"term":1,"senderId":"N10","success":true,"matchIndex":5,"level":"Cluster","type":"AppendEntriesReply","version":1}
2026-07-28T10:02:45.024128023Z Cluster: follower N1 received: {"term":1,"leaderId":"N3","prevLogIndex":4,"prevLogTerm":1,"leaderCommit":4,"entries":[{"msg":{"nodes":{"N1":{"id":"N1","ip":"localhost","port":4567},"N2":{"id":"N2","ip":"localhost","port":4568},"N3":{"id":"N3","ip":"localhost","port":4569},"N9":{"id":"N9","ip":"localhost","port":4590},"N10":{"id":"N10","ip":"localhost","port":4591}},"jointConfig":false,"targetVersion":2,"type":"RaftConfig","version":2},"term":1,"index":5}],"level":"Cluster","type":"AppendEntries","version":1}
2026-07-28T10:02:45.038126531Z Node N1 Cluster: commiting upto index 4
2026-07-28T10:02:45.038280154Z Sending message to node N3: {"term":1,"senderId":"N1","success":true,"matchIndex":5,"level":"Cluster","type":"AppendEntriesReply","version":1}
2026-07-28T10:02:45.038698922Z Cluster: leader N3 received: {"term":1,"senderId":"N1","success":true,"matchIndex":5,"level":"Cluster","type":"AppendEntriesReply","version":1}
2026-07-28T10:02:45.038762493Z Node N3 Cluster: commiting upto index 5
2026-07-28T10:02:45.038848586Z Cluster: leader node: N3 broadcasting append entries message
2026-07-28T10:02:45.038911994Z Sending message to node N1: {"term":1,"leaderId":"N3","prevLogIndex":5,"prevLogTerm":1,"leaderCommit":5,"level":"Cluster","type":"AppendEntries","version":2}
2026-07-28T10:02:45.039288583Z Sending message to node N9: {"term":1,"leaderId":"N3","prevLogIndex":5,"prevLogTerm":1,"leaderCommit":5,"level":"Cluster","type":"AppendEntries","version":2}
2026-07-28T10:02:45.039542167Z Cluster: follower N1 received: {"term":1,"leaderId":"N3","prevLogIndex":5,"prevLogTerm":1,"leaderCommit":5,"level":"Cluster","type":"AppendEntries","version":2}
2026-07-28T10:02:45.039587500Z Sending message to node N2: {"term":1,"leaderId":"N3","prevLogIndex":5,"prevLogTerm":1,"leaderCommit":5,"level":"Cluster","type":"AppendEntries","version":2}
2026-07-28T10:02:45.039599991Z Node N1 Cluster: commiting upto index 5
2026-07-28T10:02:45.039768617Z Sending message to node N3: {"term":1,"senderId":"N1","success":true,"matchIndex":5,"level":"Cluster","type":"AppendEntriesReply","version":2}
2026-07-28T10:02:45.040462408Z Sending message to node N10: {"term":1,"leaderId":"N3","prevLogIndex":5,"prevLogTerm":1,"leaderCommit":5,"level":"Cluster","type":"AppendEntries","version":2}
2026-07-28T10:02:45.040911397Z Cluster: follower N9 received: {"term":1,"leaderId":"N3","prevLogIndex":5,"prevLogTerm":1,"leaderCommit":5,"level":"Cluster","type":"AppendEntries","version":2}
2026-07-28T10:02:45.041102218Z Cluster: follower N2 received: {"term":1,"leaderId":"N3","prevLogIndex":5,"prevLogTerm":1,"leaderCommit":5,"level":"Cluster","type":"AppendEntries","version":2}
2026-07-28T10:02:45.041490967Z Node N2 Cluster: commiting upto index 5
2026-07-28T10:02:45.041473532Z Node N9 Cluster: commiting upto index 5
2026-07-28T10:02:45.042057032Z Cluster: leader N3 received: {"term":1,"senderId":"N1","success":true,"matchIndex":5,"level":"Cluster","type":"AppendEntriesReply","version":2}
2026-07-28T10:02:45.042540878Z Sending message to node N3: {"term":1,"senderId":"N2","success":true,"matchIndex":5,"level":"Cluster","type":"AppendEntriesReply","version":2}
2026-07-28T10:02:45.042986048Z Sending message to node N3: {"term":1,"senderId":"N9","success":true,"matchIndex":5,"level":"Cluster","type":"AppendEntriesReply","version":2}
2026-07-28T10:02:45.043439097Z Cluster: learner N10 received: {"term":1,"leaderId":"N3","prevLogIndex":5,"prevLogTerm":1,"leaderCommit":5,"level":"Cluster","type":"AppendEntries","version":2}
2026-07-28T10:02:45.044475364Z Cluster: leader N3 received: {"term":1,"senderId":"N2","success":true,"matchIndex":5,"level":"Cluster","type":"AppendEntriesReply","version":2}
2026-07-28T10:02:45.044154208Z Node N10 Cluster: commiting upto index 5
2026-07-28T10:02:45.044922867Z Cluster: leader N3 received: {"term":1,"senderId":"N9","success":true,"matchIndex":5,"level":"Cluster","type":"AppendEntriesReply","version":2}
2026-07-28T10:02:45.045149449Z Sending message to node N3: {"term":1,"senderId":"N10","success":true,"matchIndex":5,"level":"Cluster","type":"AppendEntriesReply","version":2}
2026-07-28T10:02:45.047160105Z Cluster: leader N3 received: {"term":1,"senderId":"N10","success":true,"matchIndex":5,"level":"Cluster","type":"AppendEntriesReply","version":2}
2026-07-28T10:02:46.047511083Z Cluster: Node N3 - Leader sending heartbeats.
2026-07-28T10:02:46.047600720Z Cluster: leader node: N3 broadcasting append entries message
2026-07-28T10:02:46.047784744Z Sending message to node N1: {"term":1,"leaderId":"N3","prevLogIndex":5,"prevLogTerm":1,"leaderCommit":5,"level":"Cluster","type":"AppendEntries","version":2}
2026-07-28T10:02:46.048242266Z Sending message to node N9: {"term":1,"leaderId":"N3","prevLogIndex":5,"prevLogTerm":1,"leaderCommit":5,"level":"Cluster","type":"AppendEntries","version":2}
2026-07-28T10:02:46.048458458Z Sending message to node N2: {"term":1,"leaderId":"N3","prevLogIndex":5,"prevLogTerm":1,"leaderCommit":5,"level":"Cluster","type":"AppendEntries","version":2}
2026-07-28T10:02:46.048525380Z Cluster: follower N1 received: {"term":1,"leaderId":"N3","prevLogIndex":5,"prevLogTerm":1,"leaderCommit":5,"level":"Cluster","type":"AppendEntries","version":2}
2026-07-28T10:02:46.048603563Z Sending message to node N10: {"term":1,"leaderId":"N3","prevLogIndex":5,"prevLogTerm":1,"leaderCommit":5,"level":"Cluster","type":"AppendEntries","version":2}
2026-07-28T10:02:46.048609011Z Node N1 Cluster: commiting upto index 5
2026-07-28T10:02:46.048662394Z Sending message to node N3: {"term":1,"senderId":"N1","success":true,"matchIndex":5,"level":"Cluster","type":"AppendEntriesReply","version":2}
2026-07-28T10:02:46.049290608Z Cluster: follower N9 received: {"term":1,"leaderId":"N3","prevLogIndex":5,"prevLogTerm":1,"leaderCommit":5,"level":"Cluster","type":"AppendEntries","version":2}
2026-07-28T10:02:46.049451634Z Cluster: leader N3 received: {"term":1,"senderId":"N1","success":true,"matchIndex":5,"level":"Cluster","type":"AppendEntriesReply","version":2}
2026-07-28T10:02:46.049447240Z Node N9 Cluster: commiting upto index 5
2026-07-28T10:02:46.049432762Z Cluster: follower N2 received: {"term":1,"leaderId":"N3","prevLogIndex":5,"prevLogTerm":1,"leaderCommit":5,"level":"Cluster","type":"AppendEntries","version":2}
2026-07-28T10:02:46.049541233Z Sending message to node N3: {"term":1,"senderId":"N9","success":true,"matchIndex":5,"level":"Cluster","type":"AppendEntriesReply","version":2}
2026-07-28T10:02:46.049550052Z Node N2 Cluster: commiting upto index 5
2026-07-28T10:02:46.049618678Z Sending message to node N3: {"term":1,"senderId":"N2","success":true,"matchIndex":5,"level":"Cluster","type":"AppendEntriesReply","version":2}
2026-07-28T10:02:46.049716286Z Cluster: follower N10 received: {"term":1,"leaderId":"N3","prevLogIndex":5,"prevLogTerm":1,"leaderCommit":5,"level":"Cluster","type":"AppendEntries","version":2}
2026-07-28T10:02:46.049964913Z Node N10 Cluster: commiting upto index 5
2026-07-28T10:02:46.050032125Z Cluster: leader N3 received: {"term":1,"senderId":"N9","success":true,"matchIndex":5,"level":"Cluster","type":"AppendEntriesReply","version":2}
2026-07-28T10:02:46.050081823Z Cluster: leader N3 received: {"term":1,"senderId":"N2","success":true,"matchIndex":5,"level":"Cluster","type":"AppendEntriesReply","version":2}
2026-07-28T10:02:46.050163504Z Sending message to node N3: {"term":1,"senderId":"N10","success":true,"matchIndex":5,"level":"Cluster","type":"AppendEntriesReply","version":2}
2026-07-28T10:02:46.050669595Z Cluster: leader N3 received: {"term":1,"senderId":"N10","success":true,"matchIndex":5,"level":"Cluster","type":"AppendEntriesReply","version":2}
2026-07-28T10:02:47.051136743Z Cluster: Node N3 - Leader sending heartbeats.
2026-07-28T10:02:47.051515870Z Cluster: leader node: N3 broadcasting append entries message
2026-07-28T10:02:47.051931751Z Sending message to node N1: {"term":1,"leaderId":"N3","prevLogIndex":5,"prevLogTerm":1,"leaderCommit":5,"level":"Cluster","type":"AppendEntries","version":2}
2026-07-28T10:02:47.052933909Z Sending message to node N9: {"term":1,"leaderId":"N3","prevLogIndex":5,"prevLogTerm":1,"leaderCommit":5,"level":"Cluster","type":"AppendEntries","version":2}
2026-07-28T10:02:47.054042391Z Sending message to node N2: {"term":1,"leaderId":"N3","prevLogIndex":5,"prevLogTerm":1,"leaderCommit":5,"level":"Cluster","type":"AppendEntries","version":2}
2026-07-28T10:02:47.054629639Z Sending message to node N10: {"term":1,"leaderId":"N3","prevLogIndex":5,"prevLogTerm":1,"leaderCommit":5,"level":"Cluster","type":"AppendEntries","version":2}
2026-07-28T10:02:47.057451067Z Cluster: follower N1 received: {"term":1,"leaderId":"N3","prevLogIndex":5,"prevLogTerm":1,"leaderCommit":5,"level":"Cluster","type":"AppendEntries","version":2}
2026-07-28T10:02:47.057781879Z Node N1 Cluster: commiting upto index 5
2026-07-28T10:02:47.057948954Z Sending message to node N3: {"term":1,"senderId":"N1","success":true,"matchIndex":5,"level":"Cluster","type":"AppendEntriesReply","version":2}
2026-07-28T10:02:47.058279780Z Cluster: follower N9 received: {"term":1,"leaderId":"N3","prevLogIndex":5,"prevLogTerm":1,"leaderCommit":5,"level":"Cluster","type":"AppendEntries","version":2}
2026-07-28T10:02:47.058551932Z Node N9 Cluster: commiting upto index 5
2026-07-28T10:02:47.058741191Z Sending message to node N3: {"term":1,"senderId":"N9","success":true,"matchIndex":5,"level":"Cluster","type":"AppendEntriesReply","version":2}
2026-07-28T10:02:47.060067978Z Cluster: follower N10 received: {"term":1,"leaderId":"N3","prevLogIndex":5,"prevLogTerm":1,"leaderCommit":5,"level":"Cluster","type":"AppendEntries","version":2}
2026-07-28T10:02:47.060351955Z Node N10 Cluster: commiting upto index 5
2026-07-28T10:02:47.060615380Z Sending message to node N3: {"term":1,"senderId":"N10","success":true,"matchIndex":5,"level":"Cluster","type":"AppendEntriesReply","version":2}
2026-07-28T10:02:47.061906430Z Cluster: follower N2 received: {"term":1,"leaderId":"N3","prevLogIndex":5,"prevLogTerm":1,"leaderCommit":5,"level":"Cluster","type":"AppendEntries","version":2}
2026-07-28T10:02:47.062167917Z Node N2 Cluster: commiting upto index 5
2026-07-28T10:02:47.062288253Z Sending message to node N3: {"term":1,"senderId":"N2","success":true,"matchIndex":5,"level":"Cluster","type":"AppendEntriesReply","version":2}
2026-07-28T10:02:47.062697929Z Cluster: leader N3 received: {"term":1,"senderId":"N1","success":true,"matchIndex":5,"level":"Cluster","type":"AppendEntriesReply","version":2}
2026-07-28T10:02:47.062860447Z Cluster: leader N3 received: {"term":1,"senderId":"N9","success":true,"matchIndex":5,"level":"Cluster","type":"AppendEntriesReply","version":2}
2026-07-28T10:02:47.062951584Z Cluster: leader N3 received: {"term":1,"senderId":"N10","success":true,"matchIndex":5,"level":"Cluster","type":"AppendEntriesReply","version":2}
2026-07-28T10:02:47.063385909Z Cluster: leader N3 received: {"term":1,"senderId":"N2","success":true,"matchIndex":5,"level":"Cluster","type":"AppendEntriesReply","version":2}
2026-07-28T10:02:48.063879196Z Cluster: Node N3 - Leader sending heartbeats.
2026-07-28T10:02:48.064269120Z Cluster: leader node: N3 broadcasting append entries message
2026-07-28T10:02:48.064634680Z Sending message to node N1: {"term":1,"leaderId":"N3","prevLogIndex":5,"prevLogTerm":1,"leaderCommit":5,"level":"Cluster","type":"AppendEntries","version":2}
2026-07-28T10:02:48.065463563Z Sending message to node N9: {"term":1,"leaderId":"N3","prevLogIndex":5,"prevLogTerm":1,"leaderCommit":5,"level":"Cluster","type":"AppendEntries","version":2}
2026-07-28T10:02:48.066138777Z Sending message to node N2: {"term":1,"leaderId":"N3","prevLogIndex":5,"prevLogTerm":1,"leaderCommit":5,"level":"Cluster","type":"AppendEntries","version":2}
2026-07-28T10:02:48.069109170Z Cluster: follower N1 received: {"term":1,"leaderId":"N3","prevLogIndex":5,"prevLogTerm":1,"leaderCommit":5,"level":"Cluster","type":"AppendEntries","version":2}
2026-07-28T10:02:48.069232057Z Node N1 Cluster: commiting upto index 5
2026-07-28T10:02:48.069303541Z Sending message to node N3: {"term":1,"senderId":"N1","success":true,"matchIndex":5,"level":"Cluster","type":"AppendEntriesReply","version":2}
2026-07-28T10:02:48.070047843Z Cluster: follower N9 received: {"term":1,"leaderId":"N3","prevLogIndex":5,"prevLogTerm":1,"leaderCommit":5,"level":"Cluster","type":"AppendEntries","version":2}
2026-07-28T10:02:48.070264092Z Node N9 Cluster: commiting upto index 5
2026-07-28T10:02:48.070420461Z Sending message to node N3: {"term":1,"senderId":"N9","success":true,"matchIndex":5,"level":"Cluster","type":"AppendEntriesReply","version":2}
2026-07-28T10:02:48.072522442Z Sending message to node N10: {"term":1,"leaderId":"N3","prevLogIndex":5,"prevLogTerm":1,"leaderCommit":5,"level":"Cluster","type":"AppendEntries","version":2}
2026-07-28T10:02:48.073030781Z Cluster: follower N2 received: {"term":1,"leaderId":"N3","prevLogIndex":5,"prevLogTerm":1,"leaderCommit":5,"level":"Cluster","type":"AppendEntries","version":2}
2026-07-28T10:02:48.073277415Z Node N2 Cluster: commiting upto index 5
2026-07-28T10:02:48.073501975Z Sending message to node N3: {"term":1,"senderId":"N2","success":true,"matchIndex":5,"level":"Cluster","type":"AppendEntriesReply","version":2}
2026-07-28T10:02:48.073420177Z Cluster: leader N3 received: {"term":1,"senderId":"N1","success":true,"matchIndex":5,"level":"Cluster","type":"AppendEntriesReply","version":2}
2026-07-28T10:02:48.073688426Z Cluster: leader N3 received: {"term":1,"senderId":"N9","success":true,"matchIndex":5,"level":"Cluster","type":"AppendEntriesReply","version":2}
2026-07-28T10:02:48.074540925Z Cluster: follower N10 received: {"term":1,"leaderId":"N3","prevLogIndex":5,"prevLogTerm":1,"leaderCommit":5,"level":"Cluster","type":"AppendEntries","version":2}
2026-07-28T10:02:48.074860487Z Node N10 Cluster: commiting upto index 5
2026-07-28T10:02:48.074997894Z Cluster: leader N3 received: {"term":1,"senderId":"N2","success":true,"matchIndex":5,"level":"Cluster","type":"AppendEntriesReply","version":2}
2026-07-28T10:02:48.075015525Z Sending message to node N3: {"term":1,"senderId":"N10","success":true,"matchIndex":5,"level":"Cluster","type":"AppendEntriesReply","version":2}
2026-07-28T10:02:48.075483463Z Cluster: leader N3 received: {"term":1,"senderId":"N10","success":true,"matchIndex":5,"level":"Cluster","type":"AppendEntriesReply","version":2}
2026-07-28T10:02:49.078399048Z Cluster: Node N3 - Leader sending heartbeats.
2026-07-28T10:02:49.085887705Z Cluster: leader node: N3 broadcasting append entries message
2026-07-28T10:02:49.086187320Z Sending message to node N1: {"term":1,"leaderId":"N3","prevLogIndex":5,"prevLogTerm":1,"leaderCommit":5,"level":"Cluster","type":"AppendEntries","version":2}
2026-07-28T10:02:49.086721452Z Sending message to node N9: {"term":1,"leaderId":"N3","prevLogIndex":5,"prevLogTerm":1,"leaderCommit":5,"level":"Cluster","type":"AppendEntries","version":2}
2026-07-28T10:02:49.087060448Z Sending message to node N2: {"term":1,"leaderId":"N3","prevLogIndex":5,"prevLogTerm":1,"leaderCommit":5,"level":"Cluster","type":"AppendEntries","version":2}
2026-07-28T10:02:49.087413073Z Cluster: follower N1 received: {"term":1,"leaderId":"N3","prevLogIndex":5,"prevLogTerm":1,"leaderCommit":5,"level":"Cluster","type":"AppendEntries","version":2}
2026-07-28T10:02:49.087536963Z Node N1 Cluster: commiting upto index 5
2026-07-28T10:02:49.087681458Z Sending message to node N3: {"term":1,"senderId":"N1","success":true,"matchIndex":5,"level":"Cluster","type":"AppendEntriesReply","version":2}
2026-07-28T10:02:49.088445011Z Cluster: follower N9 received: {"term":1,"leaderId":"N3","prevLogIndex":5,"prevLogTerm":1,"leaderCommit":5,"level":"Cluster","type":"AppendEntries","version":2}
2026-07-28T10:02:49.088769193Z Sending message to node N10: {"term":1,"leaderId":"N3","prevLogIndex":5,"prevLogTerm":1,"leaderCommit":5,"level":"Cluster","type":"AppendEntries","version":2}
2026-07-28T10:02:49.088826409Z Node N9 Cluster: commiting upto index 5
2026-07-28T10:02:49.088993595Z Sending message to node N3: {"term":1,"senderId":"N9","success":true,"matchIndex":5,"level":"Cluster","type":"AppendEntriesReply","version":2}
2026-07-28T10:02:49.089129524Z Cluster: leader N3 received: {"term":1,"senderId":"N1","success":true,"matchIndex":5,"level":"Cluster","type":"AppendEntriesReply","version":2}
2026-07-28T10:02:49.089140090Z Cluster: follower N2 received: {"term":1,"leaderId":"N3","prevLogIndex":5,"prevLogTerm":1,"leaderCommit":5,"level":"Cluster","type":"AppendEntries","version":2}
2026-07-28T10:02:49.089377007Z Node N2 Cluster: commiting upto index 5
2026-07-28T10:02:49.089593467Z Sending message to node N3: {"term":1,"senderId":"N2","success":true,"matchIndex":5,"level":"Cluster","type":"AppendEntriesReply","version":2}
2026-07-28T10:02:49.089860047Z Cluster: leader N3 received: {"term":1,"senderId":"N9","success":true,"matchIndex":5,"level":"Cluster","type":"AppendEntriesReply","version":2}
2026-07-28T10:02:49.089933507Z Cluster: follower N10 received: {"term":1,"leaderId":"N3","prevLogIndex":5,"prevLogTerm":1,"leaderCommit":5,"level":"Cluster","type":"AppendEntries","version":2}
2026-07-28T10:02:49.090497428Z Node N10 Cluster: commiting upto index 5
2026-07-28T10:02:49.090681921Z Cluster: leader N3 received: {"term":1,"senderId":"N2","success":true,"matchIndex":5,"level":"Cluster","type":"AppendEntriesReply","version":2}
2026-07-28T10:02:49.090815490Z Sending message to node N3: {"term":1,"senderId":"N10","success":true,"matchIndex":5,"level":"Cluster","type":"AppendEntriesReply","version":2}
2026-07-28T10:02:49.091632485Z Cluster: leader N3 received: {"term":1,"senderId":"N10","success":true,"matchIndex":5,"level":"Cluster","type":"AppendEntriesReply","version":2}
2026-07-28T10:02:50.092691612Z Cluster: Node N3 - Leader sending heartbeats.
2026-07-28T10:02:50.092721021Z Cluster: leader node: N3 broadcasting append entries message
2026-07-28T10:02:50.092788236Z Sending message to node N1: {"term":1,"leaderId":"N3","prevLogIndex":5,"prevLogTerm":1,"leaderCommit":5,"level":"Cluster","type":"AppendEntries","version":2}
2026-07-28T10:02:50.092909264Z Sending message to node N9: {"term":1,"leaderId":"N3","prevLogIndex":5,"prevLogTerm":1,"leaderCommit":5,"level":"Cluster","type":"AppendEntries","version":2}
2026-07-28T10:02:50.093021665Z Sending message to node N2: {"term":1,"leaderId":"N3","prevLogIndex":5,"prevLogTerm":1,"leaderCommit":5,"level":"Cluster","type":"AppendEntries","version":2}
2026-07-28T10:02:50.093154529Z Sending message to node N10: {"term":1,"leaderId":"N3","prevLogIndex":5,"prevLogTerm":1,"leaderCommit":5,"level":"Cluster","type":"AppendEntries","version":2}
2026-07-28T10:02:50.094218095Z Cluster: follower N10 received: {"term":1,"leaderId":"N3","prevLogIndex":5,"prevLogTerm":1,"leaderCommit":5,"level":"Cluster","type":"AppendEntries","version":2}
2026-07-28T10:02:50.094298106Z Node N10 Cluster: commiting upto index 5
2026-07-28T10:02:50.095280276Z Cluster: follower N1 received: {"term":1,"leaderId":"N3","prevLogIndex":5,"prevLogTerm":1,"leaderCommit":5,"level":"Cluster","type":"AppendEntries","version":2}
2026-07-28T10:02:50.095322700Z Node N1 Cluster: commiting upto index 5
2026-07-28T10:02:50.095351457Z Sending message to node N3: {"term":1,"senderId":"N1","success":true,"matchIndex":5,"level":"Cluster","type":"AppendEntriesReply","version":2}
2026-07-28T10:02:50.096475102Z Cluster: follower N9 received: {"term":1,"leaderId":"N3","prevLogIndex":5,"prevLogTerm":1,"leaderCommit":5,"level":"Cluster","type":"AppendEntries","version":2}
2026-07-28T10:02:50.096571953Z Node N9 Cluster: commiting upto index 5
2026-07-28T10:02:50.096656960Z Sending message to node N3: {"term":1,"senderId":"N9","success":true,"matchIndex":5,"level":"Cluster","type":"AppendEntriesReply","version":2}
2026-07-28T10:02:50.097553813Z Cluster: leader N3 received: {"term":1,"senderId":"N1","success":true,"matchIndex":5,"level":"Cluster","type":"AppendEntriesReply","version":2}
2026-07-28T10:02:50.094369169Z Sending message to node N3: {"term":1,"senderId":"N10","success":true,"matchIndex":5,"level":"Cluster","type":"AppendEntriesReply","version":2}
2026-07-28T10:02:50.097689560Z Cluster: follower N2 received: {"term":1,"leaderId":"N3","prevLogIndex":5,"prevLogTerm":1,"leaderCommit":5,"level":"Cluster","type":"AppendEntries","version":2}
2026-07-28T10:02:50.097829189Z Node N2 Cluster: commiting upto index 5
2026-07-28T10:02:50.097900163Z Sending message to node N3: {"term":1,"senderId":"N2","success":true,"matchIndex":5,"level":"Cluster","type":"AppendEntriesReply","version":2}
2026-07-28T10:02:50.098079540Z Cluster: leader N3 received: {"term":1,"senderId":"N9","success":true,"matchIndex":5,"level":"Cluster","type":"AppendEntriesReply","version":2}
2026-07-28T10:02:50.098152816Z Cluster: leader N3 received: {"term":1,"senderId":"N2","success":true,"matchIndex":5,"level":"Cluster","type":"AppendEntriesReply","version":2}
2026-07-28T10:02:50.098176693Z Cluster: leader N3 received: {"term":1,"senderId":"N10","success":true,"matchIndex":5,"level":"Cluster","type":"AppendEntriesReply","version":2}
2026-07-28T10:02:51.098985076Z Cluster: Node N3 - Leader sending heartbeats.
2026-07-28T10:02:51.099155474Z Cluster: leader node: N3 broadcasting append entries message
2026-07-28T10:02:51.099345225Z Sending message to node N1: {"term":1,"leaderId":"N3","prevLogIndex":5,"prevLogTerm":1,"leaderCommit":5,"level":"Cluster","type":"AppendEntries","version":2}
2026-07-28T10:02:51.099853024Z Sending message to node N9: {"term":1,"leaderId":"N3","prevLogIndex":5,"prevLogTerm":1,"leaderCommit":5,"level":"Cluster","type":"AppendEntries","version":2}
2026-07-28T10:02:51.100248953Z Sending message to node N2: {"term":1,"leaderId":"N3","prevLogIndex":5,"prevLogTerm":1,"leaderCommit":5,"level":"Cluster","type":"AppendEntries","version":2}
2026-07-28T10:02:51.100602767Z Sending message to node N10: {"term":1,"leaderId":"N3","prevLogIndex":5,"prevLogTerm":1,"leaderCommit":5,"level":"Cluster","type":"AppendEntries","version":2}
2026-07-28T10:02:51.100792051Z Cluster: follower N9 received: {"term":1,"leaderId":"N3","prevLogIndex":5,"prevLogTerm":1,"leaderCommit":5,"level":"Cluster","type":"AppendEntries","version":2}
2026-07-28T10:02:51.100993574Z Node N9 Cluster: commiting upto index 5
2026-07-28T10:02:51.101206182Z Cluster: follower N2 received: {"term":1,"leaderId":"N3","prevLogIndex":5,"prevLogTerm":1,"leaderCommit":5,"level":"Cluster","type":"AppendEntries","version":2}
2026-07-28T10:02:51.101267289Z Sending message to node N3: {"term":1,"senderId":"N9","success":true,"matchIndex":5,"level":"Cluster","type":"AppendEntriesReply","version":2}
2026-07-28T10:02:51.101330242Z Cluster: follower N1 received: {"term":1,"leaderId":"N3","prevLogIndex":5,"prevLogTerm":1,"leaderCommit":5,"level":"Cluster","type":"AppendEntries","version":2}
2026-07-28T10:02:51.101503195Z Node N1 Cluster: commiting upto index 5
2026-07-28T10:02:51.101421592Z Node N2 Cluster: commiting upto index 5
2026-07-28T10:02:51.101609780Z Sending message to node N3: {"term":1,"senderId":"N1","success":true,"matchIndex":5,"level":"Cluster","type":"AppendEntriesReply","version":2}
2026-07-28T10:02:51.101676877Z Sending message to node N3: {"term":1,"senderId":"N2","success":true,"matchIndex":5,"level":"Cluster","type":"AppendEntriesReply","version":2}
2026-07-28T10:02:51.102351716Z Cluster: leader N3 received: {"term":1,"senderId":"N9","success":true,"matchIndex":5,"level":"Cluster","type":"AppendEntriesReply","version":2}
2026-07-28T10:02:51.102528321Z Cluster: leader N3 received: {"term":1,"senderId":"N1","success":true,"matchIndex":5,"level":"Cluster","type":"AppendEntriesReply","version":2}
2026-07-28T10:02:51.102424056Z Cluster: follower N10 received: {"term":1,"leaderId":"N3","prevLogIndex":5,"prevLogTerm":1,"leaderCommit":5,"level":"Cluster","type":"AppendEntries","version":2}
2026-07-28T10:02:51.102591374Z Cluster: leader N3 received: {"term":1,"senderId":"N2","success":true,"matchIndex":5,"level":"Cluster","type":"AppendEntriesReply","version":2}
2026-07-28T10:02:51.102646074Z Node N10 Cluster: commiting upto index 5
2026-07-28T10:02:51.102848671Z Sending message to node N3: {"term":1,"senderId":"N10","success":true,"matchIndex":5,"level":"Cluster","type":"AppendEntriesReply","version":2}
2026-07-28T10:02:51.103925348Z Cluster: leader N3 received: {"term":1,"senderId":"N10","success":true,"matchIndex":5,"level":"Cluster","type":"AppendEntriesReply","version":2}
2026-07-28T10:02:52.104424167Z Cluster: Node N3 - Leader sending heartbeats.
2026-07-28T10:02:52.104727422Z Cluster: leader node: N3 broadcasting append entries message
2026-07-28T10:02:52.105170047Z Sending message to node N1: {"term":1,"leaderId":"N3","prevLogIndex":5,"prevLogTerm":1,"leaderCommit":5,"level":"Cluster","type":"AppendEntries","version":2}
2026-07-28T10:02:52.106060979Z Sending message to node N9: {"term":1,"leaderId":"N3","prevLogIndex":5,"prevLogTerm":1,"leaderCommit":5,"level":"Cluster","type":"AppendEntries","version":2}
2026-07-28T10:02:52.106584714Z Sending message to node N2: {"term":1,"leaderId":"N3","prevLogIndex":5,"prevLogTerm":1,"leaderCommit":5,"level":"Cluster","type":"AppendEntries","version":2}
2026-07-28T10:02:52.107009840Z Sending message to node N10: {"term":1,"leaderId":"N3","prevLogIndex":5,"prevLogTerm":1,"leaderCommit":5,"level":"Cluster","type":"AppendEntries","version":2}
2026-07-28T10:02:52.107431135Z Cluster: follower N9 received: {"term":1,"leaderId":"N3","prevLogIndex":5,"prevLogTerm":1,"leaderCommit":5,"level":"Cluster","type":"AppendEntries","version":2}
2026-07-28T10:02:52.107768820Z Node N9 Cluster: commiting upto index 5
2026-07-28T10:02:52.107892866Z Sending message to node N3: {"term":1,"senderId":"N9","success":true,"matchIndex":5,"level":"Cluster","type":"AppendEntriesReply","version":2}
2026-07-28T10:02:52.108201377Z Cluster: follower N2 received: {"term":1,"leaderId":"N3","prevLogIndex":5,"prevLogTerm":1,"leaderCommit":5,"level":"Cluster","type":"AppendEntries","version":2}
2026-07-28T10:02:52.108302068Z Node N2 Cluster: commiting upto index 5
2026-07-28T10:02:52.108356279Z Sending message to node N3: {"term":1,"senderId":"N2","success":true,"matchIndex":5,"level":"Cluster","type":"AppendEntriesReply","version":2}
2026-07-28T10:02:52.108542433Z Cluster: follower N1 received: {"term":1,"leaderId":"N3","prevLogIndex":5,"prevLogTerm":1,"leaderCommit":5,"level":"Cluster","type":"AppendEntries","version":2}
2026-07-28T10:02:52.108593065Z Node N1 Cluster: commiting upto index 5
2026-07-28T10:02:52.108625844Z Sending message to node N3: {"term":1,"senderId":"N1","success":true,"matchIndex":5,"level":"Cluster","type":"AppendEntriesReply","version":2}
2026-07-28T10:02:52.109734441Z Cluster: leader N3 received: {"term":1,"senderId":"N9","success":true,"matchIndex":5,"level":"Cluster","type":"AppendEntriesReply","version":2}
2026-07-28T10:02:52.109849379Z Cluster: leader N3 received: {"term":1,"senderId":"N2","success":true,"matchIndex":5,"level":"Cluster","type":"AppendEntriesReply","version":2}
2026-07-28T10:02:52.109888621Z Cluster: leader N3 received: {"term":1,"senderId":"N1","success":true,"matchIndex":5,"level":"Cluster","type":"AppendEntriesReply","version":2}
2026-07-28T10:02:52.109993221Z Cluster: follower N10 received: {"term":1,"leaderId":"N3","prevLogIndex":5,"prevLogTerm":1,"leaderCommit":5,"level":"Cluster","type":"AppendEntries","version":2}
2026-07-28T10:02:52.110125015Z Node N10 Cluster: commiting upto index 5
2026-07-28T10:02:52.110257701Z Sending message to node N3: {"term":1,"senderId":"N10","success":true,"matchIndex":5,"level":"Cluster","type":"AppendEntriesReply","version":2}
2026-07-28T10:02:52.110800983Z Cluster: leader N3 received: {"term":1,"senderId":"N10","success":true,"matchIndex":5,"level":"Cluster","type":"AppendEntriesReply","version":2}
2026-07-28T10:02:53.111130698Z Cluster: Node N3 - Leader sending heartbeats.
2026-07-28T10:02:53.111318124Z Cluster: leader node: N3 broadcasting append entries message
2026-07-28T10:02:53.111578663Z Sending message to node N1: {"term":1,"leaderId":"N3","prevLogIndex":5,"prevLogTerm":1,"leaderCommit":5,"level":"Cluster","type":"AppendEntries","version":2}
2026-07-28T10:02:53.112239264Z Sending message to node N9: {"term":1,"leaderId":"N3","prevLogIndex":5,"prevLogTerm":1,"leaderCommit":5,"level":"Cluster","type":"AppendEntries","version":2}
2026-07-28T10:02:53.112666848Z Sending message to node N2: {"term":1,"leaderId":"N3","prevLogIndex":5,"prevLogTerm":1,"leaderCommit":5,"level":"Cluster","type":"AppendEntries","version":2}
2026-07-28T10:02:53.112996139Z Sending message to node N10: {"term":1,"leaderId":"N3","prevLogIndex":5,"prevLogTerm":1,"leaderCommit":5,"level":"Cluster","type":"AppendEntries","version":2}
2026-07-28T10:02:53.114940915Z Cluster: follower N1 received: {"term":1,"leaderId":"N3","prevLogIndex":5,"prevLogTerm":1,"leaderCommit":5,"level":"Cluster","type":"AppendEntries","version":2}
2026-07-28T10:02:53.115062552Z Node N1 Cluster: commiting upto index 5
2026-07-28T10:02:53.115137405Z Sending message to node N3: {"term":1,"senderId":"N1","success":true,"matchIndex":5,"level":"Cluster","type":"AppendEntriesReply","version":2}
2026-07-28T10:02:53.115953030Z Cluster: follower N9 received: {"term":1,"leaderId":"N3","prevLogIndex":5,"prevLogTerm":1,"leaderCommit":5,"level":"Cluster","type":"AppendEntries","version":2}
2026-07-28T10:02:53.115986116Z Cluster: follower N10 received: {"term":1,"leaderId":"N3","prevLogIndex":5,"prevLogTerm":1,"leaderCommit":5,"level":"Cluster","type":"AppendEntries","version":2}
2026-07-28T10:02:53.116191390Z Node N9 Cluster: commiting upto index 5
2026-07-28T10:02:53.116197609Z Node N10 Cluster: commiting upto index 5
2026-07-28T10:02:53.116329516Z Sending message to node N3: {"term":1,"senderId":"N9","success":true,"matchIndex":5,"level":"Cluster","type":"AppendEntriesReply","version":2}
2026-07-28T10:02:53.116398573Z Sending message to node N3: {"term":1,"senderId":"N10","success":true,"matchIndex":5,"level":"Cluster","type":"AppendEntriesReply","version":2}
2026-07-28T10:02:53.116578778Z Cluster: leader N3 received: {"term":1,"senderId":"N1","success":true,"matchIndex":5,"level":"Cluster","type":"AppendEntriesReply","version":2}
2026-07-28T10:02:53.116707651Z Cluster: follower N2 received: {"term":1,"leaderId":"N3","prevLogIndex":5,"prevLogTerm":1,"leaderCommit":5,"level":"Cluster","type":"AppendEntries","version":2}
2026-07-28T10:02:53.116843181Z Node N2 Cluster: commiting upto index 5
2026-07-28T10:02:53.116926926Z Sending message to node N3: {"term":1,"senderId":"N2","success":true,"matchIndex":5,"level":"Cluster","type":"AppendEntriesReply","version":2}
2026-07-28T10:02:53.117134194Z Cluster: leader N3 received: {"term":1,"senderId":"N9","success":true,"matchIndex":5,"level":"Cluster","type":"AppendEntriesReply","version":2}
2026-07-28T10:02:53.117307917Z Cluster: leader N3 received: {"term":1,"senderId":"N10","success":true,"matchIndex":5,"level":"Cluster","type":"AppendEntriesReply","version":2}
2026-07-28T10:02:53.117539415Z Cluster: leader N3 received: {"term":1,"senderId":"N2","success":true,"matchIndex":5,"level":"Cluster","type":"AppendEntriesReply","version":2}
2026-07-28T10:02:54.118069481Z Cluster: Node N3 - Leader sending heartbeats.
2026-07-28T10:02:54.118399935Z Cluster: leader node: N3 broadcasting append entries message
2026-07-28T10:02:54.125005255Z Sending message to node N1: {"term":1,"leaderId":"N3","prevLogIndex":5,"prevLogTerm":1,"leaderCommit":5,"level":"Cluster","type":"AppendEntries","version":2}
2026-07-28T10:02:54.132384406Z Sending message to node N9: {"term":1,"leaderId":"N3","prevLogIndex":5,"prevLogTerm":1,"leaderCommit":5,"level":"Cluster","type":"AppendEntries","version":2}
2026-07-28T10:02:54.132557511Z Sending message to node N2: {"term":1,"leaderId":"N3","prevLogIndex":5,"prevLogTerm":1,"leaderCommit":5,"level":"Cluster","type":"AppendEntries","version":2}
2026-07-28T10:02:54.132720767Z Sending message to node N10: {"term":1,"leaderId":"N3","prevLogIndex":5,"prevLogTerm":1,"leaderCommit":5,"level":"Cluster","type":"AppendEntries","version":2}
2026-07-28T10:02:54.132786289Z Cluster: follower N1 received: {"term":1,"leaderId":"N3","prevLogIndex":5,"prevLogTerm":1,"leaderCommit":5,"level":"Cluster","type":"AppendEntries","version":2}
2026-07-28T10:02:54.132840369Z Node N1 Cluster: commiting upto index 5
2026-07-28T10:02:54.132870918Z Sending message to node N3: {"term":1,"senderId":"N1","success":true,"matchIndex":5,"level":"Cluster","type":"AppendEntriesReply","version":2}
2026-07-28T10:02:54.132928919Z Cluster: follower N9 received: {"term":1,"leaderId":"N3","prevLogIndex":5,"prevLogTerm":1,"leaderCommit":5,"level":"Cluster","type":"AppendEntries","version":2}
2026-07-28T10:02:54.133025744Z Node N9 Cluster: commiting upto index 5
2026-07-28T10:02:54.133063803Z Cluster: follower N2 received: {"term":1,"leaderId":"N3","prevLogIndex":5,"prevLogTerm":1,"leaderCommit":5,"level":"Cluster","type":"AppendEntries","version":2}
2026-07-28T10:02:54.133087725Z Sending message to node N3: {"term":1,"senderId":"N9","success":true,"matchIndex":5,"level":"Cluster","type":"AppendEntriesReply","version":2}
2026-07-28T10:02:54.133167815Z Node N2 Cluster: commiting upto index 5
2026-07-28T10:02:54.133133784Z Cluster: follower N10 received: {"term":1,"leaderId":"N3","prevLogIndex":5,"prevLogTerm":1,"leaderCommit":5,"level":"Cluster","type":"AppendEntries","version":2}
2026-07-28T10:02:54.133230137Z Sending message to node N3: {"term":1,"senderId":"N2","success":true,"matchIndex":5,"level":"Cluster","type":"AppendEntriesReply","version":2}
2026-07-28T10:02:54.133338888Z Cluster: leader N3 received: {"term":1,"senderId":"N1","success":true,"matchIndex":5,"level":"Cluster","type":"AppendEntriesReply","version":2}
2026-07-28T10:02:54.133314323Z Node N10 Cluster: commiting upto index 5
2026-07-28T10:02:54.133412855Z Cluster: leader N3 received: {"term":1,"senderId":"N9","success":true,"matchIndex":5,"level":"Cluster","type":"AppendEntriesReply","version":2}
2026-07-28T10:02:54.133462375Z Sending message to node N3: {"term":1,"senderId":"N10","success":true,"matchIndex":5,"level":"Cluster","type":"AppendEntriesReply","version":2}
2026-07-28T10:02:54.133705975Z Cluster: leader N3 received: {"term":1,"senderId":"N2","success":true,"matchIndex":5,"level":"Cluster","type":"AppendEntriesReply","version":2}
2026-07-28T10:02:54.133830163Z Cluster: leader N3 received: {"term":1,"senderId":"N10","success":true,"matchIndex":5,"level":"Cluster","type":"AppendEntriesReply","version":2}
2026-07-28T10:02:55.134374968Z Cluster: Node N3 - Leader sending heartbeats.
2026-07-28T10:02:55.134828687Z Cluster: leader node: N3 broadcasting append entries message
2026-07-28T10:02:55.135100611Z Sending message to node N1: {"term":1,"leaderId":"N3","prevLogIndex":5,"prevLogTerm":1,"leaderCommit":5,"level":"Cluster","type":"AppendEntries","version":2}
2026-07-28T10:02:55.136174671Z Sending message to node N9: {"term":1,"leaderId":"N3","prevLogIndex":5,"prevLogTerm":1,"leaderCommit":5,"level":"Cluster","type":"AppendEntries","version":2}
2026-07-28T10:02:55.136826920Z Sending message to node N2: {"term":1,"leaderId":"N3","prevLogIndex":5,"prevLogTerm":1,"leaderCommit":5,"level":"Cluster","type":"AppendEntries","version":2}
2026-07-28T10:02:55.137349266Z Sending message to node N10: {"term":1,"leaderId":"N3","prevLogIndex":5,"prevLogTerm":1,"leaderCommit":5,"level":"Cluster","type":"AppendEntries","version":2}
2026-07-28T10:02:55.138056862Z Cluster: follower N1 received: {"term":1,"leaderId":"N3","prevLogIndex":5,"prevLogTerm":1,"leaderCommit":5,"level":"Cluster","type":"AppendEntries","version":2}
2026-07-28T10:02:55.138303439Z Node N1 Cluster: commiting upto index 5
2026-07-28T10:02:55.138440149Z Sending message to node N3: {"term":1,"senderId":"N1","success":true,"matchIndex":5,"level":"Cluster","type":"AppendEntriesReply","version":2}
2026-07-28T10:02:55.139034932Z Cluster: follower N2 received: {"term":1,"leaderId":"N3","prevLogIndex":5,"prevLogTerm":1,"leaderCommit":5,"level":"Cluster","type":"AppendEntries","version":2}
2026-07-28T10:02:55.139242583Z Node N2 Cluster: commiting upto index 5
2026-07-28T10:02:55.139434364Z Sending message to node N3: {"term":1,"senderId":"N2","success":true,"matchIndex":5,"level":"Cluster","type":"AppendEntriesReply","version":2}
2026-07-28T10:02:55.139881273Z Cluster: follower N10 received: {"term":1,"leaderId":"N3","prevLogIndex":5,"prevLogTerm":1,"leaderCommit":5,"level":"Cluster","type":"AppendEntries","version":2}
2026-07-28T10:02:55.139996772Z Cluster: follower N9 received: {"term":1,"leaderId":"N3","prevLogIndex":5,"prevLogTerm":1,"leaderCommit":5,"level":"Cluster","type":"AppendEntries","version":2}
2026-07-28T10:02:55.140230156Z Node N10 Cluster: commiting upto index 5
2026-07-28T10:02:55.140300564Z Node N9 Cluster: commiting upto index 5
2026-07-28T10:02:55.140472986Z Sending message to node N3: {"term":1,"senderId":"N9","success":true,"matchIndex":5,"level":"Cluster","type":"AppendEntriesReply","version":2}
2026-07-28T10:02:55.140503189Z Sending message to node N3: {"term":1,"senderId":"N10","success":true,"matchIndex":5,"level":"Cluster","type":"AppendEntriesReply","version":2}
2026-07-28T10:02:55.141606557Z Cluster: leader N3 received: {"term":1,"senderId":"N9","success":true,"matchIndex":5,"level":"Cluster","type":"AppendEntriesReply","version":2}
2026-07-28T10:02:55.141850159Z Cluster: leader N3 received: {"term":1,"senderId":"N10","success":true,"matchIndex":5,"level":"Cluster","type":"AppendEntriesReply","version":2}
2026-07-28T10:02:55.150501833Z Cluster: leader N3 received: {"term":1,"senderId":"N1","success":true,"matchIndex":5,"level":"Cluster","type":"AppendEntriesReply","version":2}
2026-07-28T10:02:55.154463334Z Cluster: leader N3 received: {"term":1,"senderId":"N2","success":true,"matchIndex":5,"level":"Cluster","type":"AppendEntriesReply","version":2}
2026-07-28T10:02:56.154763311Z Cluster: Node N3 - Leader sending heartbeats.
2026-07-28T10:02:56.154909060Z Cluster: leader node: N3 broadcasting append entries message
2026-07-28T10:02:56.155032800Z Sending message to node N1: {"term":1,"leaderId":"N3","prevLogIndex":5,"prevLogTerm":1,"leaderCommit":5,"level":"Cluster","type":"AppendEntries","version":2}
2026-07-28T10:02:56.155514927Z Sending message to node N9: {"term":1,"leaderId":"N3","prevLogIndex":5,"prevLogTerm":1,"leaderCommit":5,"level":"Cluster","type":"AppendEntries","version":2}
2026-07-28T10:02:56.155786365Z Cluster: follower N1 received: {"term":1,"leaderId":"N3","prevLogIndex":5,"prevLogTerm":1,"leaderCommit":5,"level":"Cluster","type":"AppendEntries","version":2}
2026-07-28T10:02:56.155932707Z Node N1 Cluster: commiting upto index 5
2026-07-28T10:02:56.156006291Z Sending message to node N3: {"term":1,"senderId":"N1","success":true,"matchIndex":5,"level":"Cluster","type":"AppendEntriesReply","version":2}
2026-07-28T10:02:56.156169040Z Sending message to node N2: {"term":1,"leaderId":"N3","prevLogIndex":5,"prevLogTerm":1,"leaderCommit":5,"level":"Cluster","type":"AppendEntries","version":2}
2026-07-28T10:02:56.156563809Z Sending message to node N10: {"term":1,"leaderId":"N3","prevLogIndex":5,"prevLogTerm":1,"leaderCommit":5,"level":"Cluster","type":"AppendEntries","version":2}
2026-07-28T10:02:56.157173965Z Cluster: leader N3 received: {"term":1,"senderId":"N1","success":true,"matchIndex":5,"level":"Cluster","type":"AppendEntriesReply","version":2}
2026-07-28T10:02:56.157187478Z Cluster: follower N9 received: {"term":1,"leaderId":"N3","prevLogIndex":5,"prevLogTerm":1,"leaderCommit":5,"level":"Cluster","type":"AppendEntries","version":2}
2026-07-28T10:02:56.157385679Z Node N9 Cluster: commiting upto index 5
2026-07-28T10:02:56.157204509Z Cluster: follower N2 received: {"term":1,"leaderId":"N3","prevLogIndex":5,"prevLogTerm":1,"leaderCommit":5,"level":"Cluster","type":"AppendEntries","version":2}
2026-07-28T10:02:56.157607587Z Sending message to node N3: {"term":1,"senderId":"N9","success":true,"matchIndex":5,"level":"Cluster","type":"AppendEntriesReply","version":2}
2026-07-28T10:02:56.157688520Z Node N2 Cluster: commiting upto index 5
2026-07-28T10:02:56.157864955Z Sending message to node N3: {"term":1,"senderId":"N2","success":true,"matchIndex":5,"level":"Cluster","type":"AppendEntriesReply","version":2}
2026-07-28T10:02:56.158169666Z Cluster: leader N3 received: {"term":1,"senderId":"N9","success":true,"matchIndex":5,"level":"Cluster","type":"AppendEntriesReply","version":2}
2026-07-28T10:02:56.158290836Z Cluster: leader N3 received: {"term":1,"senderId":"N2","success":true,"matchIndex":5,"level":"Cluster","type":"AppendEntriesReply","version":2}
2026-07-28T10:02:56.158421010Z Cluster: follower N10 received: {"term":1,"leaderId":"N3","prevLogIndex":5,"prevLogTerm":1,"leaderCommit":5,"level":"Cluster","type":"AppendEntries","version":2}
2026-07-28T10:02:56.158651501Z Node N10 Cluster: commiting upto index 5
2026-07-28T10:02:56.158824786Z Sending message to node N3: {"term":1,"senderId":"N10","success":true,"matchIndex":5,"level":"Cluster","type":"AppendEntriesReply","version":2}
2026-07-28T10:02:56.160107200Z Cluster: leader N3 received: {"term":1,"senderId":"N10","success":true,"matchIndex":5,"level":"Cluster","type":"AppendEntriesReply","version":2}
2026-07-28T10:02:57.160308403Z Cluster: Node N3 - Leader sending heartbeats.
2026-07-28T10:02:57.160372601Z Cluster: leader node: N3 broadcasting append entries message
2026-07-28T10:02:57.160433905Z Sending message to node N1: {"term":1,"leaderId":"N3","prevLogIndex":5,"prevLogTerm":1,"leaderCommit":5,"level":"Cluster","type":"AppendEntries","version":2}
2026-07-28T10:02:57.160666356Z Sending message to node N9: {"term":1,"leaderId":"N3","prevLogIndex":5,"prevLogTerm":1,"leaderCommit":5,"level":"Cluster","type":"AppendEntries","version":2}
2026-07-28T10:02:57.160827894Z Sending message to node N2: {"term":1,"leaderId":"N3","prevLogIndex":5,"prevLogTerm":1,"leaderCommit":5,"level":"Cluster","type":"AppendEntries","version":2}
2026-07-28T10:02:57.160834154Z Cluster: follower N1 received: {"term":1,"leaderId":"N3","prevLogIndex":5,"prevLogTerm":1,"leaderCommit":5,"level":"Cluster","type":"AppendEntries","version":2}
2026-07-28T10:02:57.160881160Z Node N1 Cluster: commiting upto index 5
2026-07-28T10:02:57.160910652Z Sending message to node N3: {"term":1,"senderId":"N1","success":true,"matchIndex":5,"level":"Cluster","type":"AppendEntriesReply","version":2}
2026-07-28T10:02:57.160954105Z Sending message to node N10: {"term":1,"leaderId":"N3","prevLogIndex":5,"prevLogTerm":1,"leaderCommit":5,"level":"Cluster","type":"AppendEntries","version":2}
2026-07-28T10:02:57.161290604Z Cluster: leader N3 received: {"term":1,"senderId":"N1","success":true,"matchIndex":5,"level":"Cluster","type":"AppendEntriesReply","version":2}
2026-07-28T10:02:57.161338497Z Cluster: follower N9 received: {"term":1,"leaderId":"N3","prevLogIndex":5,"prevLogTerm":1,"leaderCommit":5,"level":"Cluster","type":"AppendEntries","version":2}
2026-07-28T10:02:57.161420440Z Node N9 Cluster: commiting upto index 5
2026-07-28T10:02:57.161450855Z Cluster: follower N2 received: {"term":1,"leaderId":"N3","prevLogIndex":5,"prevLogTerm":1,"leaderCommit":5,"level":"Cluster","type":"AppendEntries","version":2}
2026-07-28T10:02:57.161502680Z Node N2 Cluster: commiting upto index 5
2026-07-28T10:02:57.161511840Z Sending message to node N3: {"term":1,"senderId":"N9","success":true,"matchIndex":5,"level":"Cluster","type":"AppendEntriesReply","version":2}
2026-07-28T10:02:57.161539029Z Sending message to node N3: {"term":1,"senderId":"N2","success":true,"matchIndex":5,"level":"Cluster","type":"AppendEntriesReply","version":2}
2026-07-28T10:02:57.161612015Z Cluster: follower N10 received: {"term":1,"leaderId":"N3","prevLogIndex":5,"prevLogTerm":1,"leaderCommit":5,"level":"Cluster","type":"AppendEntries","version":2}
2026-07-28T10:02:57.161779110Z Node N10 Cluster: commiting upto index 5
2026-07-28T10:02:57.161876868Z Cluster: leader N3 received: {"term":1,"senderId":"N9","success":true,"matchIndex":5,"level":"Cluster","type":"AppendEntriesReply","version":2}
2026-07-28T10:02:57.161918731Z Cluster: leader N3 received: {"term":1,"senderId":"N2","success":true,"matchIndex":5,"level":"Cluster","type":"AppendEntriesReply","version":2}
2026-07-28T10:02:57.161910054Z Sending message to node N3: {"term":1,"senderId":"N10","success":true,"matchIndex":5,"level":"Cluster","type":"AppendEntriesReply","version":2}
2026-07-28T10:02:57.162285498Z Cluster: leader N3 received: {"term":1,"senderId":"N10","success":true,"matchIndex":5,"level":"Cluster","type":"AppendEntriesReply","version":2}
2026-07-28T10:02:58.162805846Z Cluster: Node N3 - Leader sending heartbeats.
2026-07-28T10:02:58.163254795Z Cluster: leader node: N3 broadcasting append entries message
2026-07-28T10:02:58.164019854Z Sending message to node N1: {"term":1,"leaderId":"N3","prevLogIndex":5,"prevLogTerm":1,"leaderCommit":5,"level":"Cluster","type":"AppendEntries","version":2}
2026-07-28T10:02:58.165046657Z Sending message to node N9: {"term":1,"leaderId":"N3","prevLogIndex":5,"prevLogTerm":1,"leaderCommit":5,"level":"Cluster","type":"AppendEntries","version":2}
2026-07-28T10:02:58.165947191Z Sending message to node N2: {"term":1,"leaderId":"N3","prevLogIndex":5,"prevLogTerm":1,"leaderCommit":5,"level":"Cluster","type":"AppendEntries","version":2}
2026-07-28T10:02:58.166573887Z Sending message to node N10: {"term":1,"leaderId":"N3","prevLogIndex":5,"prevLogTerm":1,"leaderCommit":5,"level":"Cluster","type":"AppendEntries","version":2}
2026-07-28T10:02:58.170264176Z Cluster: follower N1 received: {"term":1,"leaderId":"N3","prevLogIndex":5,"prevLogTerm":1,"leaderCommit":5,"level":"Cluster","type":"AppendEntries","version":2}
2026-07-28T10:02:58.170536775Z Node N1 Cluster: commiting upto index 5
2026-07-28T10:02:58.170427536Z Cluster: follower N9 received: {"term":1,"leaderId":"N3","prevLogIndex":5,"prevLogTerm":1,"leaderCommit":5,"level":"Cluster","type":"AppendEntries","version":2}
2026-07-28T10:02:58.170665048Z Sending message to node N3: {"term":1,"senderId":"N1","success":true,"matchIndex":5,"level":"Cluster","type":"AppendEntriesReply","version":2}
2026-07-28T10:02:58.170693621Z Node N9 Cluster: commiting upto index 5
2026-07-28T10:02:58.170845259Z Sending message to node N3: {"term":1,"senderId":"N9","success":true,"matchIndex":5,"level":"Cluster","type":"AppendEntriesReply","version":2}
2026-07-28T10:02:58.171233307Z Cluster: follower N10 received: {"term":1,"leaderId":"N3","prevLogIndex":5,"prevLogTerm":1,"leaderCommit":5,"level":"Cluster","type":"AppendEntries","version":2}
2026-07-28T10:02:58.171574946Z Node N10 Cluster: commiting upto index 5
2026-07-28T10:02:58.171845424Z Sending message to node N3: {"term":1,"senderId":"N10","success":true,"matchIndex":5,"level":"Cluster","type":"AppendEntriesReply","version":2}
2026-07-28T10:02:58.172866772Z Cluster: leader N3 received: {"term":1,"senderId":"N9","success":true,"matchIndex":5,"level":"Cluster","type":"AppendEntriesReply","version":2}
2026-07-28T10:02:58.172994225Z Cluster: leader N3 received: {"term":1,"senderId":"N10","success":true,"matchIndex":5,"level":"Cluster","type":"AppendEntriesReply","version":2}
2026-07-28T10:02:58.175426016Z Cluster: follower N2 received: {"term":1,"leaderId":"N3","prevLogIndex":5,"prevLogTerm":1,"leaderCommit":5,"level":"Cluster","type":"AppendEntries","version":2}
2026-07-28T10:02:58.175655016Z Node N2 Cluster: commiting upto index 5
2026-07-28T10:02:58.175914293Z Sending message to node N3: {"term":1,"senderId":"N2","success":true,"matchIndex":5,"level":"Cluster","type":"AppendEntriesReply","version":2}
2026-07-28T10:02:58.176629664Z Cluster: leader N3 received: {"term":1,"senderId":"N2","success":true,"matchIndex":5,"level":"Cluster","type":"AppendEntriesReply","version":2}
2026-07-28T10:02:58.182114008Z Cluster: leader N3 received: {"term":1,"senderId":"N1","success":true,"matchIndex":5,"level":"Cluster","type":"AppendEntriesReply","version":2}
2026-07-28T10:02:59.182585111Z Cluster: Node N3 - Leader sending heartbeats.
2026-07-28T10:02:59.183035774Z Cluster: leader node: N3 broadcasting append entries message
2026-07-28T10:02:59.183378359Z Sending message to node N1: {"term":1,"leaderId":"N3","prevLogIndex":5,"prevLogTerm":1,"leaderCommit":5,"level":"Cluster","type":"AppendEntries","version":2}
2026-07-28T10:02:59.190802053Z Sending message to node N9: {"term":1,"leaderId":"N3","prevLogIndex":5,"prevLogTerm":1,"leaderCommit":5,"level":"Cluster","type":"AppendEntries","version":2}
2026-07-28T10:02:59.191316245Z Cluster: follower N1 received: {"term":1,"leaderId":"N3","prevLogIndex":5,"prevLogTerm":1,"leaderCommit":5,"level":"Cluster","type":"AppendEntries","version":2}
2026-07-28T10:02:59.191648808Z Node N1 Cluster: commiting upto index 5
2026-07-28T10:02:59.191755347Z Sending message to node N2: {"term":1,"leaderId":"N3","prevLogIndex":5,"prevLogTerm":1,"leaderCommit":5,"level":"Cluster","type":"AppendEntries","version":2}
2026-07-28T10:02:59.191808305Z Sending message to node N3: {"term":1,"senderId":"N1","success":true,"matchIndex":5,"level":"Cluster","type":"AppendEntriesReply","version":2}
2026-07-28T10:02:59.192442011Z Sending message to node N10: {"term":1,"leaderId":"N3","prevLogIndex":5,"prevLogTerm":1,"leaderCommit":5,"level":"Cluster","type":"AppendEntries","version":2}
2026-07-28T10:02:59.194080812Z Cluster: follower N2 received: {"term":1,"leaderId":"N3","prevLogIndex":5,"prevLogTerm":1,"leaderCommit":5,"level":"Cluster","type":"AppendEntries","version":2}
2026-07-28T10:02:59.194060540Z Cluster: follower N9 received: {"term":1,"leaderId":"N3","prevLogIndex":5,"prevLogTerm":1,"leaderCommit":5,"level":"Cluster","type":"AppendEntries","version":2}
2026-07-28T10:02:59.194328622Z Node N2 Cluster: commiting upto index 5
2026-07-28T10:02:59.194447394Z Sending message to node N3: {"term":1,"senderId":"N2","success":true,"matchIndex":5,"level":"Cluster","type":"AppendEntriesReply","version":2}
2026-07-28T10:02:59.194405531Z Node N9 Cluster: commiting upto index 5
2026-07-28T10:02:59.194609670Z Sending message to node N3: {"term":1,"senderId":"N9","success":true,"matchIndex":5,"level":"Cluster","type":"AppendEntriesReply","version":2}
2026-07-28T10:02:59.195129459Z Cluster: follower N10 received: {"term":1,"leaderId":"N3","prevLogIndex":5,"prevLogTerm":1,"leaderCommit":5,"level":"Cluster","type":"AppendEntries","version":2}
2026-07-28T10:02:59.195544311Z Node N10 Cluster: commiting upto index 5
2026-07-28T10:02:59.195783218Z Cluster: leader N3 received: {"term":1,"senderId":"N2","success":true,"matchIndex":5,"level":"Cluster","type":"AppendEntriesReply","version":2}
2026-07-28T10:02:59.195936060Z Cluster: leader N3 received: {"term":1,"senderId":"N9","success":true,"matchIndex":5,"level":"Cluster","type":"AppendEntriesReply","version":2}
2026-07-28T10:02:59.195971323Z Sending message to node N3: {"term":1,"senderId":"N10","success":true,"matchIndex":5,"level":"Cluster","type":"AppendEntriesReply","version":2}
2026-07-28T10:02:59.196945885Z Cluster: leader N3 received: {"term":1,"senderId":"N10","success":true,"matchIndex":5,"level":"Cluster","type":"AppendEntriesReply","version":2}
2026-07-28T10:02:59.207291359Z Cluster: leader N3 received: {"term":1,"senderId":"N1","success":true,"matchIndex":5,"level":"Cluster","type":"AppendEntriesReply","version":2}
2026-07-28T10:03:00.207903439Z Cluster: Node N3 - Leader sending heartbeats.
2026-07-28T10:03:00.208400401Z Cluster: leader node: N3 broadcasting append entries message
2026-07-28T10:03:00.208817729Z Sending message to node N1: {"term":1,"leaderId":"N3","prevLogIndex":5,"prevLogTerm":1,"leaderCommit":5,"level":"Cluster","type":"AppendEntries","version":2}
2026-07-28T10:03:00.216849111Z Sending message to node N9: {"term":1,"leaderId":"N3","prevLogIndex":5,"prevLogTerm":1,"leaderCommit":5,"level":"Cluster","type":"AppendEntries","version":2}
2026-07-28T10:03:00.217363339Z Sending message to node N2: {"term":1,"leaderId":"N3","prevLogIndex":5,"prevLogTerm":1,"leaderCommit":5,"level":"Cluster","type":"AppendEntries","version":2}
2026-07-28T10:03:00.217668264Z Sending message to node N10: {"term":1,"leaderId":"N3","prevLogIndex":5,"prevLogTerm":1,"leaderCommit":5,"level":"Cluster","type":"AppendEntries","version":2}
2026-07-28T10:03:00.218137924Z Cluster: follower N1 received: {"term":1,"leaderId":"N3","prevLogIndex":5,"prevLogTerm":1,"leaderCommit":5,"level":"Cluster","type":"AppendEntries","version":2}
2026-07-28T10:03:00.218287480Z Node N1 Cluster: commiting upto index 5
2026-07-28T10:03:00.218357036Z Sending message to node N3: {"term":1,"senderId":"N1","success":true,"matchIndex":5,"level":"Cluster","type":"AppendEntriesReply","version":2}
2026-07-28T10:03:00.218647633Z Cluster: follower N9 received: {"term":1,"leaderId":"N3","prevLogIndex":5,"prevLogTerm":1,"leaderCommit":5,"level":"Cluster","type":"AppendEntries","version":2}
2026-07-28T10:03:00.218738761Z Cluster: follower N2 received: {"term":1,"leaderId":"N3","prevLogIndex":5,"prevLogTerm":1,"leaderCommit":5,"level":"Cluster","type":"AppendEntries","version":2}
2026-07-28T10:03:00.218860071Z Node N2 Cluster: commiting upto index 5
2026-07-28T10:03:00.218792332Z Cluster: follower N10 received: {"term":1,"leaderId":"N3","prevLogIndex":5,"prevLogTerm":1,"leaderCommit":5,"level":"Cluster","type":"AppendEntries","version":2}
2026-07-28T10:03:00.218888315Z Node N9 Cluster: commiting upto index 5
2026-07-28T10:03:00.218960168Z Sending message to node N3: {"term":1,"senderId":"N2","success":true,"matchIndex":5,"level":"Cluster","type":"AppendEntriesReply","version":2}
2026-07-28T10:03:00.219001234Z Node N10 Cluster: commiting upto index 5
2026-07-28T10:03:00.219031279Z Sending message to node N3: {"term":1,"senderId":"N9","success":true,"matchIndex":5,"level":"Cluster","type":"AppendEntriesReply","version":2}
2026-07-28T10:03:00.219139792Z Sending message to node N3: {"term":1,"senderId":"N10","success":true,"matchIndex":5,"level":"Cluster","type":"AppendEntriesReply","version":2}
2026-07-28T10:03:00.219680795Z Cluster: leader N3 received: {"term":1,"senderId":"N2","success":true,"matchIndex":5,"level":"Cluster","type":"AppendEntriesReply","version":2}
2026-07-28T10:03:00.219826053Z Cluster: leader N3 received: {"term":1,"senderId":"N9","success":true,"matchIndex":5,"level":"Cluster","type":"AppendEntriesReply","version":2}
2026-07-28T10:03:00.219885687Z Cluster: leader N3 received: {"term":1,"senderId":"N10","success":true,"matchIndex":5,"level":"Cluster","type":"AppendEntriesReply","version":2}
2026-07-28T10:03:00.220199919Z Cluster: leader N3 received: {"term":1,"senderId":"N1","success":true,"matchIndex":5,"level":"Cluster","type":"AppendEntriesReply","version":2}
2026-07-28T10:03:01.220705339Z Cluster: Node N3 - Leader sending heartbeats.
2026-07-28T10:03:01.221098078Z Cluster: leader node: N3 broadcasting append entries message
2026-07-28T10:03:01.222456975Z Sending message to node N1: {"term":1,"leaderId":"N3","prevLogIndex":5,"prevLogTerm":1,"leaderCommit":5,"level":"Cluster","type":"AppendEntries","version":2}
2026-07-28T10:03:01.223623782Z Sending message to node N9: {"term":1,"leaderId":"N3","prevLogIndex":5,"prevLogTerm":1,"leaderCommit":5,"level":"Cluster","type":"AppendEntries","version":2}
2026-07-28T10:03:01.224326986Z Sending message to node N2: {"term":1,"leaderId":"N3","prevLogIndex":5,"prevLogTerm":1,"leaderCommit":5,"level":"Cluster","type":"AppendEntries","version":2}
2026-07-28T10:03:01.224957755Z Sending message to node N10: {"term":1,"leaderId":"N3","prevLogIndex":5,"prevLogTerm":1,"leaderCommit":5,"level":"Cluster","type":"AppendEntries","version":2}
2026-07-28T10:03:01.225459625Z Cluster: follower N1 received: {"term":1,"leaderId":"N3","prevLogIndex":5,"prevLogTerm":1,"leaderCommit":5,"level":"Cluster","type":"AppendEntries","version":2}
2026-07-28T10:03:01.225644025Z Node N1 Cluster: commiting upto index 5
2026-07-28T10:03:01.225781288Z Sending message to node N3: {"term":1,"senderId":"N1","success":true,"matchIndex":5,"level":"Cluster","type":"AppendEntriesReply","version":2}
2026-07-28T10:03:01.226318065Z Cluster: follower N2 received: {"term":1,"leaderId":"N3","prevLogIndex":5,"prevLogTerm":1,"leaderCommit":5,"level":"Cluster","type":"AppendEntries","version":2}
2026-07-28T10:03:01.226552774Z Node N2 Cluster: commiting upto index 5
2026-07-28T10:03:01.226688603Z Sending message to node N3: {"term":1,"senderId":"N2","success":true,"matchIndex":5,"level":"Cluster","type":"AppendEntriesReply","version":2}
2026-07-28T10:03:01.226631388Z Cluster: follower N9 received: {"term":1,"leaderId":"N3","prevLogIndex":5,"prevLogTerm":1,"leaderCommit":5,"level":"Cluster","type":"AppendEntries","version":2}
2026-07-28T10:03:01.226912251Z Node N9 Cluster: commiting upto index 5
2026-07-28T10:03:01.227087520Z Sending message to node N3: {"term":1,"senderId":"N9","success":true,"matchIndex":5,"level":"Cluster","type":"AppendEntriesReply","version":2}
2026-07-28T10:03:01.227610317Z Cluster: leader N3 received: {"term":1,"senderId":"N2","success":true,"matchIndex":5,"level":"Cluster","type":"AppendEntriesReply","version":2}
2026-07-28T10:03:01.228047474Z Cluster: follower N10 received: {"term":1,"leaderId":"N3","prevLogIndex":5,"prevLogTerm":1,"leaderCommit":5,"level":"Cluster","type":"AppendEntries","version":2}
2026-07-28T10:03:01.228291681Z Cluster: leader N3 received: {"term":1,"senderId":"N9","success":true,"matchIndex":5,"level":"Cluster","type":"AppendEntriesReply","version":2}
2026-07-28T10:03:01.228359372Z Node N10 Cluster: commiting upto index 5
2026-07-28T10:03:01.228628777Z Cluster: leader N3 received: {"term":1,"senderId":"N1","success":true,"matchIndex":5,"level":"Cluster","type":"AppendEntriesReply","version":2}
2026-07-28T10:03:01.228677632Z Sending message to node N3: {"term":1,"senderId":"N10","success":true,"matchIndex":5,"level":"Cluster","type":"AppendEntriesReply","version":2}
2026-07-28T10:03:01.229820342Z Cluster: leader N3 received: {"term":1,"senderId":"N10","success":true,"matchIndex":5,"level":"Cluster","type":"AppendEntriesReply","version":2}
2026-07-28T10:03:02.230270356Z Cluster: Node N3 - Leader sending heartbeats.
2026-07-28T10:03:02.230529009Z Cluster: leader node: N3 broadcasting append entries message
2026-07-28T10:03:02.230864333Z Sending message to node N1: {"term":1,"leaderId":"N3","prevLogIndex":5,"prevLogTerm":1,"leaderCommit":5,"level":"Cluster","type":"AppendEntries","version":2}
2026-07-28T10:03:02.231681171Z Sending message to node N9: {"term":1,"leaderId":"N3","prevLogIndex":5,"prevLogTerm":1,"leaderCommit":5,"level":"Cluster","type":"AppendEntries","version":2}
2026-07-28T10:03:02.232184721Z Sending message to node N2: {"term":1,"leaderId":"N3","prevLogIndex":5,"prevLogTerm":1,"leaderCommit":5,"level":"Cluster","type":"AppendEntries","version":2}
2026-07-28T10:03:02.232332323Z Cluster: follower N1 received: {"term":1,"leaderId":"N3","prevLogIndex":5,"prevLogTerm":1,"leaderCommit":5,"level":"Cluster","type":"AppendEntries","version":2}
2026-07-28T10:03:02.232500743Z Node N1 Cluster: commiting upto index 5
2026-07-28T10:03:02.232594804Z Sending message to node N3: {"term":1,"senderId":"N1","success":true,"matchIndex":5,"level":"Cluster","type":"AppendEntriesReply","version":2}
2026-07-28T10:03:02.232591888Z Sending message to node N10: {"term":1,"leaderId":"N3","prevLogIndex":5,"prevLogTerm":1,"leaderCommit":5,"level":"Cluster","type":"AppendEntries","version":2}
2026-07-28T10:03:02.233823524Z Cluster: follower N2 received: {"term":1,"leaderId":"N3","prevLogIndex":5,"prevLogTerm":1,"leaderCommit":5,"level":"Cluster","type":"AppendEntries","version":2}
2026-07-28T10:03:02.234059377Z Node N2 Cluster: commiting upto index 5
2026-07-28T10:03:02.234071017Z Cluster: leader N3 received: {"term":1,"senderId":"N1","success":true,"matchIndex":5,"level":"Cluster","type":"AppendEntriesReply","version":2}
2026-07-28T10:03:02.234177679Z Sending message to node N3: {"term":1,"senderId":"N2","success":true,"matchIndex":5,"level":"Cluster","type":"AppendEntriesReply","version":2}
2026-07-28T10:03:02.234056105Z Cluster: follower N9 received: {"term":1,"leaderId":"N3","prevLogIndex":5,"prevLogTerm":1,"leaderCommit":5,"level":"Cluster","type":"AppendEntries","version":2}
2026-07-28T10:03:02.234108859Z Cluster: follower N10 received: {"term":1,"leaderId":"N3","prevLogIndex":5,"prevLogTerm":1,"leaderCommit":5,"level":"Cluster","type":"AppendEntries","version":2}
2026-07-28T10:03:02.234299830Z Node N9 Cluster: commiting upto index 5
2026-07-28T10:03:02.234470409Z Node N10 Cluster: commiting upto index 5
2026-07-28T10:03:02.234521730Z Sending message to node N3: {"term":1,"senderId":"N9","success":true,"matchIndex":5,"level":"Cluster","type":"AppendEntriesReply","version":2}
2026-07-28T10:03:02.234777056Z Sending message to node N3: {"term":1,"senderId":"N10","success":true,"matchIndex":5,"level":"Cluster","type":"AppendEntriesReply","version":2}
2026-07-28T10:03:02.235160298Z Cluster: leader N3 received: {"term":1,"senderId":"N2","success":true,"matchIndex":5,"level":"Cluster","type":"AppendEntriesReply","version":2}
2026-07-28T10:03:02.235364389Z Cluster: leader N3 received: {"term":1,"senderId":"N9","success":true,"matchIndex":5,"level":"Cluster","type":"AppendEntriesReply","version":2}
2026-07-28T10:03:02.235695761Z Cluster: leader N3 received: {"term":1,"senderId":"N10","success":true,"matchIndex":5,"level":"Cluster","type":"AppendEntriesReply","version":2}
2026-07-28T10:03:03.235970431Z Cluster: Node N3 - Leader sending heartbeats.
2026-07-28T10:03:03.236094376Z Cluster: leader node: N3 broadcasting append entries message
2026-07-28T10:03:03.236175107Z Sending message to node N1: {"term":1,"leaderId":"N3","prevLogIndex":5,"prevLogTerm":1,"leaderCommit":5,"level":"Cluster","type":"AppendEntries","version":2}
2026-07-28T10:03:03.236510400Z Sending message to node N9: {"term":1,"leaderId":"N3","prevLogIndex":5,"prevLogTerm":1,"leaderCommit":5,"level":"Cluster","type":"AppendEntries","version":2}
2026-07-28T10:03:03.236733937Z Sending message to node N2: {"term":1,"leaderId":"N3","prevLogIndex":5,"prevLogTerm":1,"leaderCommit":5,"level":"Cluster","type":"AppendEntries","version":2}
2026-07-28T10:03:03.236921225Z Sending message to node N10: {"term":1,"leaderId":"N3","prevLogIndex":5,"prevLogTerm":1,"leaderCommit":5,"level":"Cluster","type":"AppendEntries","version":2}
2026-07-28T10:03:03.237173977Z Cluster: follower N1 received: {"term":1,"leaderId":"N3","prevLogIndex":5,"prevLogTerm":1,"leaderCommit":5,"level":"Cluster","type":"AppendEntries","version":2}
2026-07-28T10:03:03.237290649Z Node N1 Cluster: commiting upto index 5
2026-07-28T10:03:03.237345019Z Sending message to node N3: {"term":1,"senderId":"N1","success":true,"matchIndex":5,"level":"Cluster","type":"AppendEntriesReply","version":2}
2026-07-28T10:03:03.237522250Z Cluster: follower N9 received: {"term":1,"leaderId":"N3","prevLogIndex":5,"prevLogTerm":1,"leaderCommit":5,"level":"Cluster","type":"AppendEntries","version":2}
2026-07-28T10:03:03.237729742Z Node N9 Cluster: commiting upto index 5
2026-07-28T10:03:03.238097982Z Cluster: follower N2 received: {"term":1,"leaderId":"N3","prevLogIndex":5,"prevLogTerm":1,"leaderCommit":5,"level":"Cluster","type":"AppendEntries","version":2}
2026-07-28T10:03:03.238201993Z Node N2 Cluster: commiting upto index 5
2026-07-28T10:03:03.238156855Z Cluster: follower N10 received: {"term":1,"leaderId":"N3","prevLogIndex":5,"prevLogTerm":1,"leaderCommit":5,"level":"Cluster","type":"AppendEntries","version":2}
2026-07-28T10:03:03.238285047Z Sending message to node N3: {"term":1,"senderId":"N2","success":true,"matchIndex":5,"level":"Cluster","type":"AppendEntriesReply","version":2}
2026-07-28T10:03:03.238309946Z Node N10 Cluster: commiting upto index 5
2026-07-28T10:03:03.238411018Z Sending message to node N3: {"term":1,"senderId":"N10","success":true,"matchIndex":5,"level":"Cluster","type":"AppendEntriesReply","version":2}
2026-07-28T10:03:03.238659279Z Sending message to node N3: {"term":1,"senderId":"N9","success":true,"matchIndex":5,"level":"Cluster","type":"AppendEntriesReply","version":2}
2026-07-28T10:03:03.239259076Z Cluster: leader N3 received: {"term":1,"senderId":"N1","success":true,"matchIndex":5,"level":"Cluster","type":"AppendEntriesReply","version":2}
2026-07-28T10:03:03.239343144Z Cluster: leader N3 received: {"term":1,"senderId":"N2","success":true,"matchIndex":5,"level":"Cluster","type":"AppendEntriesReply","version":2}
2026-07-28T10:03:03.239371915Z Cluster: leader N3 received: {"term":1,"senderId":"N10","success":true,"matchIndex":5,"level":"Cluster","type":"AppendEntriesReply","version":2}
2026-07-28T10:03:03.239390625Z Cluster: leader N3 received: {"term":1,"senderId":"N9","success":true,"matchIndex":5,"level":"Cluster","type":"AppendEntriesReply","version":2}
2026-07-28T10:03:04.239810668Z Cluster: Node N3 - Leader sending heartbeats.
2026-07-28T10:03:04.240302404Z Cluster: leader node: N3 broadcasting append entries message
2026-07-28T10:03:04.240587093Z Sending message to node N1: {"term":1,"leaderId":"N3","prevLogIndex":5,"prevLogTerm":1,"leaderCommit":5,"level":"Cluster","type":"AppendEntries","version":2}
2026-07-28T10:03:04.242184137Z Sending message to node N9: {"term":1,"leaderId":"N3","prevLogIndex":5,"prevLogTerm":1,"leaderCommit":5,"level":"Cluster","type":"AppendEntries","version":2}
2026-07-28T10:03:04.243047310Z Sending message to node N2: {"term":1,"leaderId":"N3","prevLogIndex":5,"prevLogTerm":1,"leaderCommit":5,"level":"Cluster","type":"AppendEntries","version":2}
2026-07-28T10:03:04.243617976Z Sending message to node N10: {"term":1,"leaderId":"N3","prevLogIndex":5,"prevLogTerm":1,"leaderCommit":5,"level":"Cluster","type":"AppendEntries","version":2}
2026-07-28T10:03:04.245962294Z Cluster: follower N1 received: {"term":1,"leaderId":"N3","prevLogIndex":5,"prevLogTerm":1,"leaderCommit":5,"level":"Cluster","type":"AppendEntries","version":2}
2026-07-28T10:03:04.252096759Z Node N1 Cluster: commiting upto index 5
2026-07-28T10:03:04.252222253Z Sending message to node N3: {"term":1,"senderId":"N1","success":true,"matchIndex":5,"level":"Cluster","type":"AppendEntriesReply","version":2}
2026-07-28T10:03:04.246509693Z Cluster: follower N10 received: {"term":1,"leaderId":"N3","prevLogIndex":5,"prevLogTerm":1,"leaderCommit":5,"level":"Cluster","type":"AppendEntries","version":2}
2026-07-28T10:03:04.252771585Z Node N10 Cluster: commiting upto index 5
2026-07-28T10:03:04.252947380Z Sending message to node N3: {"term":1,"senderId":"N10","success":true,"matchIndex":5,"level":"Cluster","type":"AppendEntriesReply","version":2}
2026-07-28T10:03:04.246969174Z Cluster: follower N2 received: {"term":1,"leaderId":"N3","prevLogIndex":5,"prevLogTerm":1,"leaderCommit":5,"level":"Cluster","type":"AppendEntries","version":2}
2026-07-28T10:03:04.253700166Z Cluster: leader N3 received: {"term":1,"senderId":"N1","success":true,"matchIndex":5,"level":"Cluster","type":"AppendEntriesReply","version":2}
2026-07-28T10:03:04.253789193Z Cluster: leader N3 received: {"term":1,"senderId":"N10","success":true,"matchIndex":5,"level":"Cluster","type":"AppendEntriesReply","version":2}
2026-07-28T10:03:04.253788153Z Node N2 Cluster: commiting upto index 5
2026-07-28T10:03:04.247071159Z Cluster: follower N9 received: {"term":1,"leaderId":"N3","prevLogIndex":5,"prevLogTerm":1,"leaderCommit":5,"level":"Cluster","type":"AppendEntries","version":2}
2026-07-28T10:03:04.253926418Z Sending message to node N3: {"term":1,"senderId":"N2","success":true,"matchIndex":5,"level":"Cluster","type":"AppendEntriesReply","version":2}
2026-07-28T10:03:04.254003831Z Node N9 Cluster: commiting upto index 5
2026-07-28T10:03:04.254181285Z Sending message to node N3: {"term":1,"senderId":"N9","success":true,"matchIndex":5,"level":"Cluster","type":"AppendEntriesReply","version":2}
2026-07-28T10:03:04.254827449Z Cluster: leader N3 received: {"term":1,"senderId":"N9","success":true,"matchIndex":5,"level":"Cluster","type":"AppendEntriesReply","version":2}
2026-07-28T10:03:04.255073042Z Cluster: leader N3 received: {"term":1,"senderId":"N2","success":true,"matchIndex":5,"level":"Cluster","type":"AppendEntriesReply","version":2}
2026-07-28T10:03:05.255563510Z Cluster: Node N3 - Leader sending heartbeats.
2026-07-28T10:03:05.255996998Z Cluster: leader node: N3 broadcasting append entries message
2026-07-28T10:03:05.256472340Z Sending message to node N1: {"term":1,"leaderId":"N3","prevLogIndex":5,"prevLogTerm":1,"leaderCommit":5,"level":"Cluster","type":"AppendEntries","version":2}
2026-07-28T10:03:05.257559671Z Sending message to node N9: {"term":1,"leaderId":"N3","prevLogIndex":5,"prevLogTerm":1,"leaderCommit":5,"level":"Cluster","type":"AppendEntries","version":2}
2026-07-28T10:03:05.259627514Z Cluster: follower N1 received: {"term":1,"leaderId":"N3","prevLogIndex":5,"prevLogTerm":1,"leaderCommit":5,"level":"Cluster","type":"AppendEntries","version":2}
2026-07-28T10:03:05.259955353Z Node N1 Cluster: commiting upto index 5
2026-07-28T10:03:05.260086633Z Sending message to node N3: {"term":1,"senderId":"N1","success":true,"matchIndex":5,"level":"Cluster","type":"AppendEntriesReply","version":2}
2026-07-28T10:03:05.262376910Z Sending message to node N2: {"term":1,"leaderId":"N3","prevLogIndex":5,"prevLogTerm":1,"leaderCommit":5,"level":"Cluster","type":"AppendEntries","version":2}
2026-07-28T10:03:05.262872081Z Cluster: follower N9 received: {"term":1,"leaderId":"N3","prevLogIndex":5,"prevLogTerm":1,"leaderCommit":5,"level":"Cluster","type":"AppendEntries","version":2}
2026-07-28T10:03:05.263068809Z Sending message to node N10: {"term":1,"leaderId":"N3","prevLogIndex":5,"prevLogTerm":1,"leaderCommit":5,"level":"Cluster","type":"AppendEntries","version":2}
2026-07-28T10:03:05.263151654Z Node N9 Cluster: commiting upto index 5
2026-07-28T10:03:05.263377501Z Sending message to node N3: {"term":1,"senderId":"N9","success":true,"matchIndex":5,"level":"Cluster","type":"AppendEntriesReply","version":2}
2026-07-28T10:03:05.263541023Z Cluster: leader N3 received: {"term":1,"senderId":"N1","success":true,"matchIndex":5,"level":"Cluster","type":"AppendEntriesReply","version":2}
2026-07-28T10:03:05.265309846Z Cluster: leader N3 received: {"term":1,"senderId":"N9","success":true,"matchIndex":5,"level":"Cluster","type":"AppendEntriesReply","version":2}
2026-07-28T10:03:05.265378957Z Cluster: follower N2 received: {"term":1,"leaderId":"N3","prevLogIndex":5,"prevLogTerm":1,"leaderCommit":5,"level":"Cluster","type":"AppendEntries","version":2}
2026-07-28T10:03:05.265501162Z Node N2 Cluster: commiting upto index 5
2026-07-28T10:03:05.265590162Z Sending message to node N3: {"term":1,"senderId":"N2","success":true,"matchIndex":5,"level":"Cluster","type":"AppendEntriesReply","version":2}
2026-07-28T10:03:05.265574162Z Cluster: follower N10 received: {"term":1,"leaderId":"N3","prevLogIndex":5,"prevLogTerm":1,"leaderCommit":5,"level":"Cluster","type":"AppendEntries","version":2}
2026-07-28T10:03:05.265930731Z Node N10 Cluster: commiting upto index 5
2026-07-28T10:03:05.266196682Z Sending message to node N3: {"term":1,"senderId":"N10","success":true,"matchIndex":5,"level":"Cluster","type":"AppendEntriesReply","version":2}
2026-07-28T10:03:05.266282402Z Cluster: leader N3 received: {"term":1,"senderId":"N2","success":true,"matchIndex":5,"level":"Cluster","type":"AppendEntriesReply","version":2}
2026-07-28T10:03:05.267183619Z Cluster: leader N3 received: {"term":1,"senderId":"N10","success":true,"matchIndex":5,"level":"Cluster","type":"AppendEntriesReply","version":2}
2026-07-28T10:03:06.267800719Z Cluster: Node N3 - Leader sending heartbeats.
2026-07-28T10:03:06.268208878Z Cluster: leader node: N3 broadcasting append entries message
2026-07-28T10:03:06.268615043Z Sending message to node N1: {"term":1,"leaderId":"N3","prevLogIndex":5,"prevLogTerm":1,"leaderCommit":5,"level":"Cluster","type":"AppendEntries","version":2}
2026-07-28T10:03:06.269967570Z Sending message to node N9: {"term":1,"leaderId":"N3","prevLogIndex":5,"prevLogTerm":1,"leaderCommit":5,"level":"Cluster","type":"AppendEntries","version":2}
2026-07-28T10:03:06.271134223Z Cluster: follower N1 received: {"term":1,"leaderId":"N3","prevLogIndex":5,"prevLogTerm":1,"leaderCommit":5,"level":"Cluster","type":"AppendEntries","version":2}
2026-07-28T10:03:06.271455031Z Node N1 Cluster: commiting upto index 5
2026-07-28T10:03:06.271612061Z Sending message to node N3: {"term":1,"senderId":"N1","success":true,"matchIndex":5,"level":"Cluster","type":"AppendEntriesReply","version":2}
2026-07-28T10:03:06.272403208Z Sending message to node N2: {"term":1,"leaderId":"N3","prevLogIndex":5,"prevLogTerm":1,"leaderCommit":5,"level":"Cluster","type":"AppendEntries","version":2}
2026-07-28T10:03:06.273161305Z Sending message to node N10: {"term":1,"leaderId":"N3","prevLogIndex":5,"prevLogTerm":1,"leaderCommit":5,"level":"Cluster","type":"AppendEntries","version":2}
2026-07-28T10:03:06.273865557Z Cluster: leader N3 received: {"term":1,"senderId":"N1","success":true,"matchIndex":5,"level":"Cluster","type":"AppendEntriesReply","version":2}
2026-07-28T10:03:06.273931417Z Cluster: follower N2 received: {"term":1,"leaderId":"N3","prevLogIndex":5,"prevLogTerm":1,"leaderCommit":5,"level":"Cluster","type":"AppendEntries","version":2}
2026-07-28T10:03:06.274102064Z Node N2 Cluster: commiting upto index 5
2026-07-28T10:03:06.274275128Z Sending message to node N3: {"term":1,"senderId":"N2","success":true,"matchIndex":5,"level":"Cluster","type":"AppendEntriesReply","version":2}
2026-07-28T10:03:06.274781278Z Cluster: follower N10 received: {"term":1,"leaderId":"N3","prevLogIndex":5,"prevLogTerm":1,"leaderCommit":5,"level":"Cluster","type":"AppendEntries","version":2}
2026-07-28T10:03:06.275127010Z Node N10 Cluster: commiting upto index 5
2026-07-28T10:03:06.275255153Z Cluster: leader N3 received: {"term":1,"senderId":"N2","success":true,"matchIndex":5,"level":"Cluster","type":"AppendEntriesReply","version":2}
2026-07-28T10:03:06.275540335Z Sending message to node N3: {"term":1,"senderId":"N10","success":true,"matchIndex":5,"level":"Cluster","type":"AppendEntriesReply","version":2}
2026-07-28T10:03:06.276530092Z Cluster: leader N3 received: {"term":1,"senderId":"N10","success":true,"matchIndex":5,"level":"Cluster","type":"AppendEntriesReply","version":2}
2026-07-28T10:03:06.272042002Z Cluster: follower N9 received: {"term":1,"leaderId":"N3","prevLogIndex":5,"prevLogTerm":1,"leaderCommit":5,"level":"Cluster","type":"AppendEntries","version":2}
2026-07-28T10:03:06.290373781Z Node N9 Cluster: commiting upto index 5
2026-07-28T10:03:06.290782555Z Sending message to node N3: {"term":1,"senderId":"N9","success":true,"matchIndex":5,"level":"Cluster","type":"AppendEntriesReply","version":2}
2026-07-28T10:03:06.292073304Z Cluster: leader N3 received: {"term":1,"senderId":"N9","success":true,"matchIndex":5,"level":"Cluster","type":"AppendEntriesReply","version":2}
2026-07-28T10:03:07.292496407Z Cluster: Node N3 - Leader sending heartbeats.
2026-07-28T10:03:07.292685435Z Cluster: leader node: N3 broadcasting append entries message
2026-07-28T10:03:07.294196632Z Sending message to node N1: {"term":1,"leaderId":"N3","prevLogIndex":5,"prevLogTerm":1,"leaderCommit":5,"level":"Cluster","type":"AppendEntries","version":2}
2026-07-28T10:03:07.294729806Z Sending message to node N9: {"term":1,"leaderId":"N3","prevLogIndex":5,"prevLogTerm":1,"leaderCommit":5,"level":"Cluster","type":"AppendEntries","version":2}
2026-07-28T10:03:07.295040352Z Sending message to node N2: {"term":1,"leaderId":"N3","prevLogIndex":5,"prevLogTerm":1,"leaderCommit":5,"level":"Cluster","type":"AppendEntries","version":2}
2026-07-28T10:03:07.295163326Z Cluster: follower N1 received: {"term":1,"leaderId":"N3","prevLogIndex":5,"prevLogTerm":1,"leaderCommit":5,"level":"Cluster","type":"AppendEntries","version":2}
2026-07-28T10:03:07.295286384Z Node N1 Cluster: commiting upto index 5
2026-07-28T10:03:07.295292978Z Sending message to node N10: {"term":1,"leaderId":"N3","prevLogIndex":5,"prevLogTerm":1,"leaderCommit":5,"level":"Cluster","type":"AppendEntries","version":2}
2026-07-28T10:03:07.295379342Z Sending message to node N3: {"term":1,"senderId":"N1","success":true,"matchIndex":5,"level":"Cluster","type":"AppendEntriesReply","version":2}
2026-07-28T10:03:07.296678739Z Cluster: leader N3 received: {"term":1,"senderId":"N1","success":true,"matchIndex":5,"level":"Cluster","type":"AppendEntriesReply","version":2}
2026-07-28T10:03:07.296953673Z Cluster: follower N2 received: {"term":1,"leaderId":"N3","prevLogIndex":5,"prevLogTerm":1,"leaderCommit":5,"level":"Cluster","type":"AppendEntries","version":2}
2026-07-28T10:03:07.297048918Z Node N2 Cluster: commiting upto index 5
2026-07-28T10:03:07.297140953Z Sending message to node N3: {"term":1,"senderId":"N2","success":true,"matchIndex":5,"level":"Cluster","type":"AppendEntriesReply","version":2}
2026-07-28T10:03:07.298126914Z Cluster: leader N3 received: {"term":1,"senderId":"N2","success":true,"matchIndex":5,"level":"Cluster","type":"AppendEntriesReply","version":2}
2026-07-28T10:03:07.298234717Z Cluster: follower N9 received: {"term":1,"leaderId":"N3","prevLogIndex":5,"prevLogTerm":1,"leaderCommit":5,"level":"Cluster","type":"AppendEntries","version":2}
2026-07-28T10:03:07.298424943Z Node N9 Cluster: commiting upto index 5
2026-07-28T10:03:07.298403385Z Cluster: follower N10 received: {"term":1,"leaderId":"N3","prevLogIndex":5,"prevLogTerm":1,"leaderCommit":5,"level":"Cluster","type":"AppendEntries","version":2}
2026-07-28T10:03:07.298662888Z Sending message to node N3: {"term":1,"senderId":"N9","success":true,"matchIndex":5,"level":"Cluster","type":"AppendEntriesReply","version":2}
2026-07-28T10:03:07.298629016Z Node N10 Cluster: commiting upto index 5
2026-07-28T10:03:07.298869686Z Sending message to node N3: {"term":1,"senderId":"N10","success":true,"matchIndex":5,"level":"Cluster","type":"AppendEntriesReply","version":2}
2026-07-28T10:03:07.300346258Z Cluster: leader N3 received: {"term":1,"senderId":"N9","success":true,"matchIndex":5,"level":"Cluster","type":"AppendEntriesReply","version":2}
2026-07-28T10:03:07.300420500Z Cluster: leader N3 received: {"term":1,"senderId":"N10","success":true,"matchIndex":5,"level":"Cluster","type":"AppendEntriesReply","version":2}
2026-07-28T10:03:08.301127460Z Cluster: Node N3 - Leader sending heartbeats.
2026-07-28T10:03:08.301549153Z Cluster: leader node: N3 broadcasting append entries message
2026-07-28T10:03:08.301910028Z Sending message to node N1: {"term":1,"leaderId":"N3","prevLogIndex":5,"prevLogTerm":1,"leaderCommit":5,"level":"Cluster","type":"AppendEntries","version":2}
2026-07-28T10:03:08.302998749Z Sending message to node N9: {"term":1,"leaderId":"N3","prevLogIndex":5,"prevLogTerm":1,"leaderCommit":5,"level":"Cluster","type":"AppendEntries","version":2}
2026-07-28T10:03:08.303764441Z Sending message to node N2: {"term":1,"leaderId":"N3","prevLogIndex":5,"prevLogTerm":1,"leaderCommit":5,"level":"Cluster","type":"AppendEntries","version":2}
2026-07-28T10:03:08.304543246Z Sending message to node N10: {"term":1,"leaderId":"N3","prevLogIndex":5,"prevLogTerm":1,"leaderCommit":5,"level":"Cluster","type":"AppendEntries","version":2}
2026-07-28T10:03:08.305600333Z Cluster: follower N1 received: {"term":1,"leaderId":"N3","prevLogIndex":5,"prevLogTerm":1,"leaderCommit":5,"level":"Cluster","type":"AppendEntries","version":2}
2026-07-28T10:03:08.305907955Z Node N1 Cluster: commiting upto index 5
2026-07-28T10:03:08.306044767Z Sending message to node N3: {"term":1,"senderId":"N1","success":true,"matchIndex":5,"level":"Cluster","type":"AppendEntriesReply","version":2}
2026-07-28T10:03:08.306080546Z Cluster: follower N9 received: {"term":1,"leaderId":"N3","prevLogIndex":5,"prevLogTerm":1,"leaderCommit":5,"level":"Cluster","type":"AppendEntries","version":2}
2026-07-28T10:03:08.306457289Z Node N9 Cluster: commiting upto index 5
2026-07-28T10:03:08.306786893Z Sending message to node N3: {"term":1,"senderId":"N9","success":true,"matchIndex":5,"level":"Cluster","type":"AppendEntriesReply","version":2}
2026-07-28T10:03:08.306851598Z Cluster: follower N2 received: {"term":1,"leaderId":"N3","prevLogIndex":5,"prevLogTerm":1,"leaderCommit":5,"level":"Cluster","type":"AppendEntries","version":2}
2026-07-28T10:03:08.306825384Z Cluster: follower N10 received: {"term":1,"leaderId":"N3","prevLogIndex":5,"prevLogTerm":1,"leaderCommit":5,"level":"Cluster","type":"AppendEntries","version":2}
2026-07-28T10:03:08.307024032Z Node N2 Cluster: commiting upto index 5
2026-07-28T10:03:08.307179943Z Sending message to node N3: {"term":1,"senderId":"N2","success":true,"matchIndex":5,"level":"Cluster","type":"AppendEntriesReply","version":2}
2026-07-28T10:03:08.307194168Z Node N10 Cluster: commiting upto index 5
2026-07-28T10:03:08.307304810Z Sending message to node N3: {"term":1,"senderId":"N10","success":true,"matchIndex":5,"level":"Cluster","type":"AppendEntriesReply","version":2}
2026-07-28T10:03:08.307598171Z Cluster: leader N3 received: {"term":1,"senderId":"N1","success":true,"matchIndex":5,"level":"Cluster","type":"AppendEntriesReply","version":2}
2026-07-28T10:03:08.307669198Z Cluster: leader N3 received: {"term":1,"senderId":"N9","success":true,"matchIndex":5,"level":"Cluster","type":"AppendEntriesReply","version":2}
2026-07-28T10:03:08.307707860Z Cluster: leader N3 received: {"term":1,"senderId":"N2","success":true,"matchIndex":5,"level":"Cluster","type":"AppendEntriesReply","version":2}
2026-07-28T10:03:08.307725127Z Cluster: leader N3 received: {"term":1,"senderId":"N10","success":true,"matchIndex":5,"level":"Cluster","type":"AppendEntriesReply","version":2}
2026-07-28T10:03:09.308031156Z Cluster: Node N3 - Leader sending heartbeats.
2026-07-28T10:03:09.308319966Z Cluster: leader node: N3 broadcasting append entries message
2026-07-28T10:03:09.308497677Z Sending message to node N1: {"term":1,"leaderId":"N3","prevLogIndex":5,"prevLogTerm":1,"leaderCommit":5,"level":"Cluster","type":"AppendEntries","version":2}
2026-07-28T10:03:09.309143888Z Sending message to node N9: {"term":1,"leaderId":"N3","prevLogIndex":5,"prevLogTerm":1,"leaderCommit":5,"level":"Cluster","type":"AppendEntries","version":2}
2026-07-28T10:03:09.310692493Z Cluster: follower N1 received: {"term":1,"leaderId":"N3","prevLogIndex":5,"prevLogTerm":1,"leaderCommit":5,"level":"Cluster","type":"AppendEntries","version":2}
2026-07-28T10:03:09.318777456Z Node N1 Cluster: commiting upto index 5
2026-07-28T10:03:09.319083203Z Sending message to node N3: {"term":1,"senderId":"N1","success":true,"matchIndex":5,"level":"Cluster","type":"AppendEntriesReply","version":2}
2026-07-28T10:03:09.311471918Z Sending message to node N2: {"term":1,"leaderId":"N3","prevLogIndex":5,"prevLogTerm":1,"leaderCommit":5,"level":"Cluster","type":"AppendEntries","version":2}
2026-07-28T10:03:09.320826523Z Sending message to node N10: {"term":1,"leaderId":"N3","prevLogIndex":5,"prevLogTerm":1,"leaderCommit":5,"level":"Cluster","type":"AppendEntries","version":2}
2026-07-28T10:03:09.312467544Z Cluster: follower N9 received: {"term":1,"leaderId":"N3","prevLogIndex":5,"prevLogTerm":1,"leaderCommit":5,"level":"Cluster","type":"AppendEntries","version":2}
2026-07-28T10:03:09.324127619Z Node N9 Cluster: commiting upto index 5
2026-07-28T10:03:09.324367797Z Sending message to node N3: {"term":1,"senderId":"N9","success":true,"matchIndex":5,"level":"Cluster","type":"AppendEntriesReply","version":2}
2026-07-28T10:03:09.324992468Z Cluster: leader N3 received: {"term":1,"senderId":"N1","success":true,"matchIndex":5,"level":"Cluster","type":"AppendEntriesReply","version":2}
2026-07-28T10:03:09.325395032Z Cluster: follower N2 received: {"term":1,"leaderId":"N3","prevLogIndex":5,"prevLogTerm":1,"leaderCommit":5,"level":"Cluster","type":"AppendEntries","version":2}
2026-07-28T10:03:09.325566871Z Cluster: leader N3 received: {"term":1,"senderId":"N9","success":true,"matchIndex":5,"level":"Cluster","type":"AppendEntriesReply","version":2}
2026-07-28T10:03:09.325566563Z Node N2 Cluster: commiting upto index 5
2026-07-28T10:03:09.325732942Z Sending message to node N3: {"term":1,"senderId":"N2","success":true,"matchIndex":5,"level":"Cluster","type":"AppendEntriesReply","version":2}
2026-07-28T10:03:09.325595800Z Cluster: follower N10 received: {"term":1,"leaderId":"N3","prevLogIndex":5,"prevLogTerm":1,"leaderCommit":5,"level":"Cluster","type":"AppendEntries","version":2}
2026-07-28T10:03:09.325913784Z Node N10 Cluster: commiting upto index 5
2026-07-28T10:03:09.326103387Z Sending message to node N3: {"term":1,"senderId":"N10","success":true,"matchIndex":5,"level":"Cluster","type":"AppendEntriesReply","version":2}
2026-07-28T10:03:09.326300042Z Cluster: leader N3 received: {"term":1,"senderId":"N2","success":true,"matchIndex":5,"level":"Cluster","type":"AppendEntriesReply","version":2}
2026-07-28T10:03:09.326623707Z Cluster: leader N3 received: {"term":1,"senderId":"N10","success":true,"matchIndex":5,"level":"Cluster","type":"AppendEntriesReply","version":2}
2026-07-28T10:03:10.326844615Z Cluster: Node N3 - Leader sending heartbeats.
2026-07-28T10:03:10.326959401Z Cluster: leader node: N3 broadcasting append entries message
2026-07-28T10:03:10.327047015Z Sending message to node N1: {"term":1,"leaderId":"N3","prevLogIndex":5,"prevLogTerm":1,"leaderCommit":5,"level":"Cluster","type":"AppendEntries","version":2}
2026-07-28T10:03:10.327357480Z Sending message to node N9: {"term":1,"leaderId":"N3","prevLogIndex":5,"prevLogTerm":1,"leaderCommit":5,"level":"Cluster","type":"AppendEntries","version":2}
2026-07-28T10:03:10.327562682Z Sending message to node N2: {"term":1,"leaderId":"N3","prevLogIndex":5,"prevLogTerm":1,"leaderCommit":5,"level":"Cluster","type":"AppendEntries","version":2}
2026-07-28T10:03:10.327784844Z Sending message to node N10: {"term":1,"leaderId":"N3","prevLogIndex":5,"prevLogTerm":1,"leaderCommit":5,"level":"Cluster","type":"AppendEntries","version":2}
2026-07-28T10:03:10.328447383Z Cluster: follower N1 received: {"term":1,"leaderId":"N3","prevLogIndex":5,"prevLogTerm":1,"leaderCommit":5,"level":"Cluster","type":"AppendEntries","version":2}
2026-07-28T10:03:10.328631710Z Node N1 Cluster: commiting upto index 5
2026-07-28T10:03:10.328720348Z Sending message to node N3: {"term":1,"senderId":"N1","success":true,"matchIndex":5,"level":"Cluster","type":"AppendEntriesReply","version":2}
2026-07-28T10:03:10.330293219Z Cluster: follower N9 received: {"term":1,"leaderId":"N3","prevLogIndex":5,"prevLogTerm":1,"leaderCommit":5,"level":"Cluster","type":"AppendEntries","version":2}
2026-07-28T10:03:10.330434703Z Node N9 Cluster: commiting upto index 5
2026-07-28T10:03:10.330514701Z Sending message to node N3: {"term":1,"senderId":"N9","success":true,"matchIndex":5,"level":"Cluster","type":"AppendEntriesReply","version":2}
2026-07-28T10:03:10.330617218Z Cluster: follower N2 received: {"term":1,"leaderId":"N3","prevLogIndex":5,"prevLogTerm":1,"leaderCommit":5,"level":"Cluster","type":"AppendEntries","version":2}
2026-07-28T10:03:10.330690540Z Node N2 Cluster: commiting upto index 5
2026-07-28T10:03:10.330779507Z Sending message to node N3: {"term":1,"senderId":"N2","success":true,"matchIndex":5,"level":"Cluster","type":"AppendEntriesReply","version":2}
2026-07-28T10:03:10.330981565Z Cluster: leader N3 received: {"term":1,"senderId":"N1","success":true,"matchIndex":5,"level":"Cluster","type":"AppendEntriesReply","version":2}
2026-07-28T10:03:10.330968520Z Cluster: follower N10 received: {"term":1,"leaderId":"N3","prevLogIndex":5,"prevLogTerm":1,"leaderCommit":5,"level":"Cluster","type":"AppendEntries","version":2}
2026-07-28T10:03:10.331124408Z Node N10 Cluster: commiting upto index 5
2026-07-28T10:03:10.331265711Z Cluster: leader N3 received: {"term":1,"senderId":"N9","success":true,"matchIndex":5,"level":"Cluster","type":"AppendEntriesReply","version":2}
2026-07-28T10:03:10.331248975Z Sending message to node N3: {"term":1,"senderId":"N10","success":true,"matchIndex":5,"level":"Cluster","type":"AppendEntriesReply","version":2}
2026-07-28T10:03:10.332000291Z Cluster: leader N3 received: {"term":1,"senderId":"N10","success":true,"matchIndex":5,"level":"Cluster","type":"AppendEntriesReply","version":2}
2026-07-28T10:03:10.333250291Z Cluster: leader N3 received: {"term":1,"senderId":"N2","success":true,"matchIndex":5,"level":"Cluster","type":"AppendEntriesReply","version":2}
2026-07-28T10:03:13.827976053Z Cluster: Node N3 - Leader sending heartbeats.
2026-07-28T10:03:13.828166139Z Cluster: leader node: N3 broadcasting append entries message
2026-07-28T10:03:13.828334714Z Sending message to node N1: {"term":1,"leaderId":"N3","prevLogIndex":5,"prevLogTerm":1,"leaderCommit":5,"level":"Cluster","type":"AppendEntries","version":2}
2026-07-28T10:03:13.829071198Z Sending message to node N9: {"term":1,"leaderId":"N3","prevLogIndex":5,"prevLogTerm":1,"leaderCommit":5,"level":"Cluster","type":"AppendEntries","version":2}
2026-07-28T10:03:13.829496847Z Sending message to node N2: {"term":1,"leaderId":"N3","prevLogIndex":5,"prevLogTerm":1,"leaderCommit":5,"level":"Cluster","type":"AppendEntries","version":2}
2026-07-28T10:03:13.829901520Z Sending message to node N10: {"term":1,"leaderId":"N3","prevLogIndex":5,"prevLogTerm":1,"leaderCommit":5,"level":"Cluster","type":"AppendEntries","version":2}
2026-07-28T10:03:13.832222472Z Cluster: follower N1 received: {"term":1,"leaderId":"N3","prevLogIndex":5,"prevLogTerm":1,"leaderCommit":5,"level":"Cluster","type":"AppendEntries","version":2}
2026-07-28T10:03:13.832382304Z Node N1 Cluster: commiting upto index 5
2026-07-28T10:03:13.832453911Z Sending message to node N3: {"term":1,"senderId":"N1","success":true,"matchIndex":5,"level":"Cluster","type":"AppendEntriesReply","version":2}
2026-07-28T10:03:13.833034523Z Cluster: follower N10 received: {"term":1,"leaderId":"N3","prevLogIndex":5,"prevLogTerm":1,"leaderCommit":5,"level":"Cluster","type":"AppendEntries","version":2}
2026-07-28T10:03:13.833276708Z Node N10 Cluster: commiting upto index 5
2026-07-28T10:03:13.833438582Z Sending message to node N3: {"term":1,"senderId":"N10","success":true,"matchIndex":5,"level":"Cluster","type":"AppendEntriesReply","version":2}
2026-07-28T10:03:13.834063471Z Cluster: follower N9 received: {"term":1,"leaderId":"N3","prevLogIndex":5,"prevLogTerm":1,"leaderCommit":5,"level":"Cluster","type":"AppendEntries","version":2}
2026-07-28T10:03:13.834248292Z Node N9 Cluster: commiting upto index 5
2026-07-28T10:03:13.834353373Z Sending message to node N3: {"term":1,"senderId":"N9","success":true,"matchIndex":5,"level":"Cluster","type":"AppendEntriesReply","version":2}
2026-07-28T10:03:13.834838681Z Cluster: follower N2 received: {"term":1,"leaderId":"N3","prevLogIndex":5,"prevLogTerm":1,"leaderCommit":5,"level":"Cluster","type":"AppendEntries","version":2}
2026-07-28T10:03:13.834940126Z Node N2 Cluster: commiting upto index 5
2026-07-28T10:03:13.835037491Z Sending message to node N3: {"term":1,"senderId":"N2","success":true,"matchIndex":5,"level":"Cluster","type":"AppendEntriesReply","version":2}
2026-07-28T10:03:13.835462458Z Cluster: leader N3 received: {"term":1,"senderId":"N1","success":true,"matchIndex":5,"level":"Cluster","type":"AppendEntriesReply","version":2}
2026-07-28T10:03:13.835661134Z Cluster: leader N3 received: {"term":1,"senderId":"N10","success":true,"matchIndex":5,"level":"Cluster","type":"AppendEntriesReply","version":2}
2026-07-28T10:03:13.835769907Z Cluster: leader N3 received: {"term":1,"senderId":"N9","success":true,"matchIndex":5,"level":"Cluster","type":"AppendEntriesReply","version":2}
2026-07-28T10:03:13.835809604Z Cluster: leader N3 received: {"term":1,"senderId":"N2","success":true,"matchIndex":5,"level":"Cluster","type":"AppendEntriesReply","version":2}
2026-07-28T10:03:14.836548572Z Cluster: Node N3 - Leader sending heartbeats.
2026-07-28T10:03:14.837060910Z Cluster: leader node: N3 broadcasting append entries message
2026-07-28T10:03:14.837350585Z Sending message to node N1: {"term":1,"leaderId":"N3","prevLogIndex":5,"prevLogTerm":1,"leaderCommit":5,"level":"Cluster","type":"AppendEntries","version":2}
2026-07-28T10:03:14.838564772Z Sending message to node N9: {"term":1,"leaderId":"N3","prevLogIndex":5,"prevLogTerm":1,"leaderCommit":5,"level":"Cluster","type":"AppendEntries","version":2}
2026-07-28T10:03:14.839369759Z Sending message to node N2: {"term":1,"leaderId":"N3","prevLogIndex":5,"prevLogTerm":1,"leaderCommit":5,"level":"Cluster","type":"AppendEntries","version":2}
2026-07-28T10:03:14.840163030Z Sending message to node N10: {"term":1,"leaderId":"N3","prevLogIndex":5,"prevLogTerm":1,"leaderCommit":5,"level":"Cluster","type":"AppendEntries","version":2}
2026-07-28T10:03:14.840493517Z Cluster: follower N1 received: {"term":1,"leaderId":"N3","prevLogIndex":5,"prevLogTerm":1,"leaderCommit":5,"level":"Cluster","type":"AppendEntries","version":2}
2026-07-28T10:03:14.840861391Z Node N1 Cluster: commiting upto index 5
2026-07-28T10:03:14.841085280Z Sending message to node N3: {"term":1,"senderId":"N1","success":true,"matchIndex":5,"level":"Cluster","type":"AppendEntriesReply","version":2}
2026-07-28T10:03:14.842264232Z Cluster: follower N9 received: {"term":1,"leaderId":"N3","prevLogIndex":5,"prevLogTerm":1,"leaderCommit":5,"level":"Cluster","type":"AppendEntries","version":2}
2026-07-28T10:03:14.842631576Z Node N9 Cluster: commiting upto index 5
2026-07-28T10:03:14.842582890Z Cluster: follower N10 received: {"term":1,"leaderId":"N3","prevLogIndex":5,"prevLogTerm":1,"leaderCommit":5,"level":"Cluster","type":"AppendEntries","version":2}
2026-07-28T10:03:14.842864024Z Sending message to node N3: {"term":1,"senderId":"N9","success":true,"matchIndex":5,"level":"Cluster","type":"AppendEntriesReply","version":2}
2026-07-28T10:03:14.842940217Z Node N10 Cluster: commiting upto index 5
2026-07-28T10:03:14.843811674Z Cluster: leader N3 received: {"term":1,"senderId":"N1","success":true,"matchIndex":5,"level":"Cluster","type":"AppendEntriesReply","version":2}
2026-07-28T10:03:14.843909350Z Cluster: follower N2 received: {"term":1,"leaderId":"N3","prevLogIndex":5,"prevLogTerm":1,"leaderCommit":5,"level":"Cluster","type":"AppendEntries","version":2}
2026-07-28T10:03:14.843876537Z Sending message to node N3: {"term":1,"senderId":"N10","success":true,"matchIndex":5,"level":"Cluster","type":"AppendEntriesReply","version":2}
2026-07-28T10:03:14.844020876Z Cluster: leader N3 received: {"term":1,"senderId":"N9","success":true,"matchIndex":5,"level":"Cluster","type":"AppendEntriesReply","version":2}
2026-07-28T10:03:14.844095924Z Node N2 Cluster: commiting upto index 5
2026-07-28T10:03:14.844280300Z Sending message to node N3: {"term":1,"senderId":"N2","success":true,"matchIndex":5,"level":"Cluster","type":"AppendEntriesReply","version":2}
2026-07-28T10:03:14.845390218Z Cluster: leader N3 received: {"term":1,"senderId":"N10","success":true,"matchIndex":5,"level":"Cluster","type":"AppendEntriesReply","version":2}
2026-07-28T10:03:14.845570840Z Cluster: leader N3 received: {"term":1,"senderId":"N2","success":true,"matchIndex":5,"level":"Cluster","type":"AppendEntriesReply","version":2}
2026-07-28T10:03:15.846180368Z Cluster: Node N3 - Leader sending heartbeats.
2026-07-28T10:03:15.846350112Z Cluster: leader node: N3 broadcasting append entries message
2026-07-28T10:03:15.846460002Z Sending message to node N1: {"term":1,"leaderId":"N3","prevLogIndex":5,"prevLogTerm":1,"leaderCommit":5,"level":"Cluster","type":"AppendEntries","version":2}
2026-07-28T10:03:15.846857030Z Sending message to node N9: {"term":1,"leaderId":"N3","prevLogIndex":5,"prevLogTerm":1,"leaderCommit":5,"level":"Cluster","type":"AppendEntries","version":2}
2026-07-28T10:03:15.847132992Z Sending message to node N2: {"term":1,"leaderId":"N3","prevLogIndex":5,"prevLogTerm":1,"leaderCommit":5,"level":"Cluster","type":"AppendEntries","version":2}
2026-07-28T10:03:15.847157201Z Cluster: follower N1 received: {"term":1,"leaderId":"N3","prevLogIndex":5,"prevLogTerm":1,"leaderCommit":5,"level":"Cluster","type":"AppendEntries","version":2}
2026-07-28T10:03:15.847318027Z Node N1 Cluster: commiting upto index 5
2026-07-28T10:03:15.847356405Z Sending message to node N10: {"term":1,"leaderId":"N3","prevLogIndex":5,"prevLogTerm":1,"leaderCommit":5,"level":"Cluster","type":"AppendEntries","version":2}
2026-07-28T10:03:15.847389349Z Sending message to node N3: {"term":1,"senderId":"N1","success":true,"matchIndex":5,"level":"Cluster","type":"AppendEntriesReply","version":2}
2026-07-28T10:03:15.847982762Z Cluster: leader N3 received: {"term":1,"senderId":"N1","success":true,"matchIndex":5,"level":"Cluster","type":"AppendEntriesReply","version":2}
2026-07-28T10:03:15.848013822Z Cluster: follower N9 received: {"term":1,"leaderId":"N3","prevLogIndex":5,"prevLogTerm":1,"leaderCommit":5,"level":"Cluster","type":"AppendEntries","version":2}
2026-07-28T10:03:15.848139153Z Cluster: follower N2 received: {"term":1,"leaderId":"N3","prevLogIndex":5,"prevLogTerm":1,"leaderCommit":5,"level":"Cluster","type":"AppendEntries","version":2}
2026-07-28T10:03:15.848168671Z Node N9 Cluster: commiting upto index 5
2026-07-28T10:03:15.848258455Z Sending message to node N3: {"term":1,"senderId":"N9","success":true,"matchIndex":5,"level":"Cluster","type":"AppendEntriesReply","version":2}
2026-07-28T10:03:15.848266435Z Node N2 Cluster: commiting upto index 5
2026-07-28T10:03:15.848334947Z Sending message to node N3: {"term":1,"senderId":"N2","success":true,"matchIndex":5,"level":"Cluster","type":"AppendEntriesReply","version":2}
2026-07-28T10:03:15.848207675Z Cluster: follower N10 received: {"term":1,"leaderId":"N3","prevLogIndex":5,"prevLogTerm":1,"leaderCommit":5,"level":"Cluster","type":"AppendEntries","version":2}
2026-07-28T10:03:15.848412611Z Node N10 Cluster: commiting upto index 5
2026-07-28T10:03:15.848619195Z Sending message to node N3: {"term":1,"senderId":"N10","success":true,"matchIndex":5,"level":"Cluster","type":"AppendEntriesReply","version":2}
2026-07-28T10:03:15.848776801Z Cluster: leader N3 received: {"term":1,"senderId":"N2","success":true,"matchIndex":5,"level":"Cluster","type":"AppendEntriesReply","version":2}
2026-07-28T10:03:15.848843378Z Cluster: leader N3 received: {"term":1,"senderId":"N9","success":true,"matchIndex":5,"level":"Cluster","type":"AppendEntriesReply","version":2}
2026-07-28T10:03:15.849172263Z Cluster: leader N3 received: {"term":1,"senderId":"N10","success":true,"matchIndex":5,"level":"Cluster","type":"AppendEntriesReply","version":2}
2026-07-28T10:03:16.849610520Z Cluster: Node N3 - Leader sending heartbeats.
2026-07-28T10:03:16.850089826Z Cluster: leader node: N3 broadcasting append entries message
2026-07-28T10:03:16.850256770Z Sending message to node N1: {"term":1,"leaderId":"N3","prevLogIndex":5,"prevLogTerm":1,"leaderCommit":5,"level":"Cluster","type":"AppendEntries","version":2}
2026-07-28T10:03:16.851034704Z Sending message to node N9: {"term":1,"leaderId":"N3","prevLogIndex":5,"prevLogTerm":1,"leaderCommit":5,"level":"Cluster","type":"AppendEntries","version":2}
2026-07-28T10:03:16.851481184Z Cluster: follower N1 received: {"term":1,"leaderId":"N3","prevLogIndex":5,"prevLogTerm":1,"leaderCommit":5,"level":"Cluster","type":"AppendEntries","version":2}
2026-07-28T10:03:16.852293978Z Node N1 Cluster: commiting upto index 5
2026-07-28T10:03:16.852424531Z Sending message to node N3: {"term":1,"senderId":"N1","success":true,"matchIndex":5,"level":"Cluster","type":"AppendEntriesReply","version":2}
2026-07-28T10:03:16.852584551Z Sending message to node N2: {"term":1,"leaderId":"N3","prevLogIndex":5,"prevLogTerm":1,"leaderCommit":5,"level":"Cluster","type":"AppendEntries","version":2}
2026-07-28T10:03:16.853031781Z Sending message to node N10: {"term":1,"leaderId":"N3","prevLogIndex":5,"prevLogTerm":1,"leaderCommit":5,"level":"Cluster","type":"AppendEntries","version":2}
2026-07-28T10:03:16.853127854Z Cluster: follower N9 received: {"term":1,"leaderId":"N3","prevLogIndex":5,"prevLogTerm":1,"leaderCommit":5,"level":"Cluster","type":"AppendEntries","version":2}
2026-07-28T10:03:16.853397851Z Node N9 Cluster: commiting upto index 5
2026-07-28T10:03:16.853424659Z Cluster: leader N3 received: {"term":1,"senderId":"N1","success":true,"matchIndex":5,"level":"Cluster","type":"AppendEntriesReply","version":2}
2026-07-28T10:03:16.853590394Z Sending message to node N3: {"term":1,"senderId":"N9","success":true,"matchIndex":5,"level":"Cluster","type":"AppendEntriesReply","version":2}
2026-07-28T10:03:16.853730384Z Cluster: follower N2 received: {"term":1,"leaderId":"N3","prevLogIndex":5,"prevLogTerm":1,"leaderCommit":5,"level":"Cluster","type":"AppendEntries","version":2}
2026-07-28T10:03:16.853852079Z Node N2 Cluster: commiting upto index 5
2026-07-28T10:03:16.853989847Z Sending message to node N3: {"term":1,"senderId":"N2","success":true,"matchIndex":5,"level":"Cluster","type":"AppendEntriesReply","version":2}
2026-07-28T10:03:16.854154051Z Cluster: follower N10 received: {"term":1,"leaderId":"N3","prevLogIndex":5,"prevLogTerm":1,"leaderCommit":5,"level":"Cluster","type":"AppendEntries","version":2}
2026-07-28T10:03:16.854410589Z Node N10 Cluster: commiting upto index 5
2026-07-28T10:03:16.854537769Z Cluster: leader N3 received: {"term":1,"senderId":"N9","success":true,"matchIndex":5,"level":"Cluster","type":"AppendEntriesReply","version":2}
2026-07-28T10:03:16.854732090Z Sending message to node N3: {"term":1,"senderId":"N10","success":true,"matchIndex":5,"level":"Cluster","type":"AppendEntriesReply","version":2}
2026-07-28T10:03:16.855248788Z Cluster: leader N3 received: {"term":1,"senderId":"N2","success":true,"matchIndex":5,"level":"Cluster","type":"AppendEntriesReply","version":2}
2026-07-28T10:03:16.855759760Z Cluster: leader N3 received: {"term":1,"senderId":"N10","success":true,"matchIndex":5,"level":"Cluster","type":"AppendEntriesReply","version":2}
2026-07-28T10:03:17.856513896Z Cluster: Node N3 - Leader sending heartbeats.
2026-07-28T10:03:17.856811733Z Cluster: leader node: N3 broadcasting append entries message
2026-07-28T10:03:17.856998218Z Sending message to node N1: {"term":1,"leaderId":"N3","prevLogIndex":5,"prevLogTerm":1,"leaderCommit":5,"level":"Cluster","type":"AppendEntries","version":2}
2026-07-28T10:03:17.857714101Z Sending message to node N9: {"term":1,"leaderId":"N3","prevLogIndex":5,"prevLogTerm":1,"leaderCommit":5,"level":"Cluster","type":"AppendEntries","version":2}
2026-07-28T10:03:17.858231175Z Cluster: follower N1 received: {"term":1,"leaderId":"N3","prevLogIndex":5,"prevLogTerm":1,"leaderCommit":5,"level":"Cluster","type":"AppendEntries","version":2}
2026-07-28T10:03:17.858370824Z Sending message to node N2: {"term":1,"leaderId":"N3","prevLogIndex":5,"prevLogTerm":1,"leaderCommit":5,"level":"Cluster","type":"AppendEntries","version":2}
2026-07-28T10:03:17.858520436Z Node N1 Cluster: commiting upto index 5
2026-07-28T10:03:17.858641288Z Sending message to node N3: {"term":1,"senderId":"N1","success":true,"matchIndex":5,"level":"Cluster","type":"AppendEntriesReply","version":2}
2026-07-28T10:03:17.858770598Z Sending message to node N10: {"term":1,"leaderId":"N3","prevLogIndex":5,"prevLogTerm":1,"leaderCommit":5,"level":"Cluster","type":"AppendEntries","version":2}
2026-07-28T10:03:17.859895224Z Cluster: leader N3 received: {"term":1,"senderId":"N1","success":true,"matchIndex":5,"level":"Cluster","type":"AppendEntriesReply","version":2}
2026-07-28T10:03:17.860044199Z Cluster: follower N9 received: {"term":1,"leaderId":"N3","prevLogIndex":5,"prevLogTerm":1,"leaderCommit":5,"level":"Cluster","type":"AppendEntries","version":2}
2026-07-28T10:03:17.860250312Z Cluster: follower N2 received: {"term":1,"leaderId":"N3","prevLogIndex":5,"prevLogTerm":1,"leaderCommit":5,"level":"Cluster","type":"AppendEntries","version":2}
2026-07-28T10:03:17.860390210Z Node N9 Cluster: commiting upto index 5
2026-07-28T10:03:17.860447661Z Node N2 Cluster: commiting upto index 5
2026-07-28T10:03:17.860559989Z Sending message to node N3: {"term":1,"senderId":"N2","success":true,"matchIndex":5,"level":"Cluster","type":"AppendEntriesReply","version":2}
2026-07-28T10:03:17.860644598Z Sending message to node N3: {"term":1,"senderId":"N9","success":true,"matchIndex":5,"level":"Cluster","type":"AppendEntriesReply","version":2}
2026-07-28T10:03:17.860663711Z Cluster: follower N10 received: {"term":1,"leaderId":"N3","prevLogIndex":5,"prevLogTerm":1,"leaderCommit":5,"level":"Cluster","type":"AppendEntries","version":2}
2026-07-28T10:03:17.861169150Z Node N10 Cluster: commiting upto index 5
2026-07-28T10:03:17.861574147Z Cluster: leader N3 received: {"term":1,"senderId":"N2","success":true,"matchIndex":5,"level":"Cluster","type":"AppendEntriesReply","version":2}
2026-07-28T10:03:17.861806469Z Cluster: leader N3 received: {"term":1,"senderId":"N9","success":true,"matchIndex":5,"level":"Cluster","type":"AppendEntriesReply","version":2}
2026-07-28T10:03:17.861710275Z Sending message to node N3: {"term":1,"senderId":"N10","success":true,"matchIndex":5,"level":"Cluster","type":"AppendEntriesReply","version":2}
2026-07-28T10:03:17.863188625Z Cluster: leader N3 received: {"term":1,"senderId":"N10","success":true,"matchIndex":5,"level":"Cluster","type":"AppendEntriesReply","version":2}
2026-07-28T10:03:18.863962275Z Cluster: Node N3 - Leader sending heartbeats.
2026-07-28T10:03:18.864371841Z Cluster: leader node: N3 broadcasting append entries message
2026-07-28T10:03:18.864641088Z Sending message to node N1: {"term":1,"leaderId":"N3","prevLogIndex":5,"prevLogTerm":1,"leaderCommit":5,"level":"Cluster","type":"AppendEntries","version":2}
2026-07-28T10:03:18.865940586Z Sending message to node N9: {"term":1,"leaderId":"N3","prevLogIndex":5,"prevLogTerm":1,"leaderCommit":5,"level":"Cluster","type":"AppendEntries","version":2}
2026-07-28T10:03:18.866663115Z Sending message to node N2: {"term":1,"leaderId":"N3","prevLogIndex":5,"prevLogTerm":1,"leaderCommit":5,"level":"Cluster","type":"AppendEntries","version":2}
2026-07-28T10:03:18.866735642Z Cluster: follower N1 received: {"term":1,"leaderId":"N3","prevLogIndex":5,"prevLogTerm":1,"leaderCommit":5,"level":"Cluster","type":"AppendEntries","version":2}
2026-07-28T10:03:18.867091949Z Node N1 Cluster: commiting upto index 5
2026-07-28T10:03:18.867238678Z Sending message to node N3: {"term":1,"senderId":"N1","success":true,"matchIndex":5,"level":"Cluster","type":"AppendEntriesReply","version":2}
2026-07-28T10:03:18.867312772Z Sending message to node N10: {"term":1,"leaderId":"N3","prevLogIndex":5,"prevLogTerm":1,"leaderCommit":5,"level":"Cluster","type":"AppendEntries","version":2}
2026-07-28T10:03:18.869164612Z Cluster: follower N9 received: {"term":1,"leaderId":"N3","prevLogIndex":5,"prevLogTerm":1,"leaderCommit":5,"level":"Cluster","type":"AppendEntries","version":2}
2026-07-28T10:03:18.869331991Z Cluster: follower N2 received: {"term":1,"leaderId":"N3","prevLogIndex":5,"prevLogTerm":1,"leaderCommit":5,"level":"Cluster","type":"AppendEntries","version":2}
2026-07-28T10:03:18.869598133Z Node N9 Cluster: commiting upto index 5
2026-07-28T10:03:18.869553956Z Node N2 Cluster: commiting upto index 5
2026-07-28T10:03:18.869735580Z Cluster: follower N10 received: {"term":1,"leaderId":"N3","prevLogIndex":5,"prevLogTerm":1,"leaderCommit":5,"level":"Cluster","type":"AppendEntries","version":2}
2026-07-28T10:03:18.869898443Z Sending message to node N3: {"term":1,"senderId":"N9","success":true,"matchIndex":5,"level":"Cluster","type":"AppendEntriesReply","version":2}
2026-07-28T10:03:18.869996244Z Cluster: leader N3 received: {"term":1,"senderId":"N1","success":true,"matchIndex":5,"level":"Cluster","type":"AppendEntriesReply","version":2}
2026-07-28T10:03:18.870037006Z Sending message to node N3: {"term":1,"senderId":"N2","success":true,"matchIndex":5,"level":"Cluster","type":"AppendEntriesReply","version":2}
2026-07-28T10:03:18.870092724Z Node N10 Cluster: commiting upto index 5
2026-07-28T10:03:18.870535687Z Sending message to node N3: {"term":1,"senderId":"N10","success":true,"matchIndex":5,"level":"Cluster","type":"AppendEntriesReply","version":2}
2026-07-28T10:03:18.871009103Z Cluster: leader N3 received: {"term":1,"senderId":"N9","success":true,"matchIndex":5,"level":"Cluster","type":"AppendEntriesReply","version":2}
2026-07-28T10:03:18.871317463Z Cluster: leader N3 received: {"term":1,"senderId":"N2","success":true,"matchIndex":5,"level":"Cluster","type":"AppendEntriesReply","version":2}
2026-07-28T10:03:18.871655919Z Cluster: leader N3 received: {"term":1,"senderId":"N10","success":true,"matchIndex":5,"level":"Cluster","type":"AppendEntriesReply","version":2}
2026-07-28T10:03:19.872371855Z Cluster: Node N3 - Leader sending heartbeats.
2026-07-28T10:03:19.872775233Z Cluster: leader node: N3 broadcasting append entries message
2026-07-28T10:03:19.873071116Z Sending message to node N1: {"term":1,"leaderId":"N3","prevLogIndex":5,"prevLogTerm":1,"leaderCommit":5,"level":"Cluster","type":"AppendEntries","version":2}
2026-07-28T10:03:19.874032632Z Sending message to node N9: {"term":1,"leaderId":"N3","prevLogIndex":5,"prevLogTerm":1,"leaderCommit":5,"level":"Cluster","type":"AppendEntries","version":2}
2026-07-28T10:03:19.874774502Z Sending message to node N2: {"term":1,"leaderId":"N3","prevLogIndex":5,"prevLogTerm":1,"leaderCommit":5,"level":"Cluster","type":"AppendEntries","version":2}
2026-07-28T10:03:19.874865423Z Cluster: follower N1 received: {"term":1,"leaderId":"N3","prevLogIndex":5,"prevLogTerm":1,"leaderCommit":5,"level":"Cluster","type":"AppendEntries","version":2}
2026-07-28T10:03:19.875181824Z Node N1 Cluster: commiting upto index 5
2026-07-28T10:03:19.875305115Z Sending message to node N3: {"term":1,"senderId":"N1","success":true,"matchIndex":5,"level":"Cluster","type":"AppendEntriesReply","version":2}
2026-07-28T10:03:19.875293442Z Sending message to node N10: {"term":1,"leaderId":"N3","prevLogIndex":5,"prevLogTerm":1,"leaderCommit":5,"level":"Cluster","type":"AppendEntries","version":2}
2026-07-28T10:03:19.877482974Z Cluster: follower N9 received: {"term":1,"leaderId":"N3","prevLogIndex":5,"prevLogTerm":1,"leaderCommit":5,"level":"Cluster","type":"AppendEntries","version":2}
2026-07-28T10:03:19.877636458Z Cluster: follower N2 received: {"term":1,"leaderId":"N3","prevLogIndex":5,"prevLogTerm":1,"leaderCommit":5,"level":"Cluster","type":"AppendEntries","version":2}
2026-07-28T10:03:19.877813771Z Node N9 Cluster: commiting upto index 5
2026-07-28T10:03:19.877864196Z Node N2 Cluster: commiting upto index 5
2026-07-28T10:03:19.877784234Z Cluster: follower N10 received: {"term":1,"leaderId":"N3","prevLogIndex":5,"prevLogTerm":1,"leaderCommit":5,"level":"Cluster","type":"AppendEntries","version":2}
2026-07-28T10:03:19.877980177Z Sending message to node N3: {"term":1,"senderId":"N2","success":true,"matchIndex":5,"level":"Cluster","type":"AppendEntriesReply","version":2}
2026-07-28T10:03:19.878004819Z Sending message to node N3: {"term":1,"senderId":"N9","success":true,"matchIndex":5,"level":"Cluster","type":"AppendEntriesReply","version":2}
2026-07-28T10:03:19.878104558Z Cluster: leader N3 received: {"term":1,"senderId":"N1","success":true,"matchIndex":5,"level":"Cluster","type":"AppendEntriesReply","version":2}
2026-07-28T10:03:19.878086957Z Node N10 Cluster: commiting upto index 5
2026-07-28T10:03:19.878290702Z Sending message to node N3: {"term":1,"senderId":"N10","success":true,"matchIndex":5,"level":"Cluster","type":"AppendEntriesReply","version":2}
2026-07-28T10:03:19.879437166Z Cluster: leader N3 received: {"term":1,"senderId":"N9","success":true,"matchIndex":5,"level":"Cluster","type":"AppendEntriesReply","version":2}
2026-07-28T10:03:19.879709337Z Cluster: leader N3 received: {"term":1,"senderId":"N2","success":true,"matchIndex":5,"level":"Cluster","type":"AppendEntriesReply","version":2}
2026-07-28T10:03:19.879797230Z Cluster: leader N3 received: {"term":1,"senderId":"N10","success":true,"matchIndex":5,"level":"Cluster","type":"AppendEntriesReply","version":2}
2026-07-28T10:03:20.880319141Z Cluster: Node N3 - Leader sending heartbeats.
2026-07-28T10:03:20.881130635Z Cluster: leader node: N3 broadcasting append entries message
2026-07-28T10:03:20.881456136Z Sending message to node N1: {"term":1,"leaderId":"N3","prevLogIndex":5,"prevLogTerm":1,"leaderCommit":5,"level":"Cluster","type":"AppendEntries","version":2}
2026-07-28T10:03:20.882416549Z Sending message to node N9: {"term":1,"leaderId":"N3","prevLogIndex":5,"prevLogTerm":1,"leaderCommit":5,"level":"Cluster","type":"AppendEntries","version":2}
2026-07-28T10:03:20.883042846Z Sending message to node N2: {"term":1,"leaderId":"N3","prevLogIndex":5,"prevLogTerm":1,"leaderCommit":5,"level":"Cluster","type":"AppendEntries","version":2}
2026-07-28T10:03:20.883540245Z Sending message to node N10: {"term":1,"leaderId":"N3","prevLogIndex":5,"prevLogTerm":1,"leaderCommit":5,"level":"Cluster","type":"AppendEntries","version":2}
2026-07-28T10:03:20.885701036Z Cluster: follower N1 received: {"term":1,"leaderId":"N3","prevLogIndex":5,"prevLogTerm":1,"leaderCommit":5,"level":"Cluster","type":"AppendEntries","version":2}
2026-07-28T10:03:20.885961397Z Node N1 Cluster: commiting upto index 5
2026-07-28T10:03:20.886070994Z Sending message to node N3: {"term":1,"senderId":"N1","success":true,"matchIndex":5,"level":"Cluster","type":"AppendEntriesReply","version":2}
2026-07-28T10:03:20.885964563Z Cluster: follower N9 received: {"term":1,"leaderId":"N3","prevLogIndex":5,"prevLogTerm":1,"leaderCommit":5,"level":"Cluster","type":"AppendEntries","version":2}
2026-07-28T10:03:20.886135655Z Cluster: follower N2 received: {"term":1,"leaderId":"N3","prevLogIndex":5,"prevLogTerm":1,"leaderCommit":5,"level":"Cluster","type":"AppendEntries","version":2}
2026-07-28T10:03:20.886295674Z Node N2 Cluster: commiting upto index 5
2026-07-28T10:03:20.886389334Z Sending message to node N3: {"term":1,"senderId":"N2","success":true,"matchIndex":5,"level":"Cluster","type":"AppendEntriesReply","version":2}
2026-07-28T10:03:20.886397485Z Node N9 Cluster: commiting upto index 5
2026-07-28T10:03:20.886599091Z Sending message to node N3: {"term":1,"senderId":"N9","success":true,"matchIndex":5,"level":"Cluster","type":"AppendEntriesReply","version":2}
2026-07-28T10:03:20.887018650Z Cluster: follower N10 received: {"term":1,"leaderId":"N3","prevLogIndex":5,"prevLogTerm":1,"leaderCommit":5,"level":"Cluster","type":"AppendEntries","version":2}
2026-07-28T10:03:20.887427543Z Node N10 Cluster: commiting upto index 5
2026-07-28T10:03:20.887909693Z Cluster: leader N3 received: {"term":1,"senderId":"N1","success":true,"matchIndex":5,"level":"Cluster","type":"AppendEntriesReply","version":2}
2026-07-28T10:03:20.887922377Z Sending message to node N3: {"term":1,"senderId":"N10","success":true,"matchIndex":5,"level":"Cluster","type":"AppendEntriesReply","version":2}
2026-07-28T10:03:20.888091935Z Cluster: leader N3 received: {"term":1,"senderId":"N2","success":true,"matchIndex":5,"level":"Cluster","type":"AppendEntriesReply","version":2}
2026-07-28T10:03:20.888661155Z Cluster: leader N3 received: {"term":1,"senderId":"N9","success":true,"matchIndex":5,"level":"Cluster","type":"AppendEntriesReply","version":2}
2026-07-28T10:03:20.888831844Z Cluster: leader N3 received: {"term":1,"senderId":"N10","success":true,"matchIndex":5,"level":"Cluster","type":"AppendEntriesReply","version":2}
2026-07-28T10:03:21.889582899Z Cluster: Node N3 - Leader sending heartbeats.
2026-07-28T10:03:21.890020271Z Cluster: leader node: N3 broadcasting append entries message
2026-07-28T10:03:21.890346097Z Sending message to node N1: {"term":1,"leaderId":"N3","prevLogIndex":5,"prevLogTerm":1,"leaderCommit":5,"level":"Cluster","type":"AppendEntries","version":2}
2026-07-28T10:03:21.893674898Z Sending message to node N9: {"term":1,"leaderId":"N3","prevLogIndex":5,"prevLogTerm":1,"leaderCommit":5,"level":"Cluster","type":"AppendEntries","version":2}
2026-07-28T10:03:21.894032985Z Cluster: follower N1 received: {"term":1,"leaderId":"N3","prevLogIndex":5,"prevLogTerm":1,"leaderCommit":5,"level":"Cluster","type":"AppendEntries","version":2}
2026-07-28T10:03:21.894229107Z Node N1 Cluster: commiting upto index 5
2026-07-28T10:03:21.894266949Z Sending message to node N2: {"term":1,"leaderId":"N3","prevLogIndex":5,"prevLogTerm":1,"leaderCommit":5,"level":"Cluster","type":"AppendEntries","version":2}
2026-07-28T10:03:21.894339328Z Sending message to node N3: {"term":1,"senderId":"N1","success":true,"matchIndex":5,"level":"Cluster","type":"AppendEntriesReply","version":2}
2026-07-28T10:03:21.894651859Z Sending message to node N10: {"term":1,"leaderId":"N3","prevLogIndex":5,"prevLogTerm":1,"leaderCommit":5,"level":"Cluster","type":"AppendEntries","version":2}
2026-07-28T10:03:21.895975962Z Cluster: follower N2 received: {"term":1,"leaderId":"N3","prevLogIndex":5,"prevLogTerm":1,"leaderCommit":5,"level":"Cluster","type":"AppendEntries","version":2}
2026-07-28T10:03:21.896181365Z Cluster: leader N3 received: {"term":1,"senderId":"N1","success":true,"matchIndex":5,"level":"Cluster","type":"AppendEntriesReply","version":2}
2026-07-28T10:03:21.896213516Z Node N2 Cluster: commiting upto index 5
2026-07-28T10:03:21.896215855Z Cluster: follower N9 received: {"term":1,"leaderId":"N3","prevLogIndex":5,"prevLogTerm":1,"leaderCommit":5,"level":"Cluster","type":"AppendEntries","version":2}
2026-07-28T10:03:21.896342702Z Sending message to node N3: {"term":1,"senderId":"N2","success":true,"matchIndex":5,"level":"Cluster","type":"AppendEntriesReply","version":2}
2026-07-28T10:03:21.896437908Z Node N9 Cluster: commiting upto index 5
2026-07-28T10:03:21.896686160Z Sending message to node N3: {"term":1,"senderId":"N9","success":true,"matchIndex":5,"level":"Cluster","type":"AppendEntriesReply","version":2}
2026-07-28T10:03:21.896893945Z Cluster: follower N10 received: {"term":1,"leaderId":"N3","prevLogIndex":5,"prevLogTerm":1,"leaderCommit":5,"level":"Cluster","type":"AppendEntries","version":2}
2026-07-28T10:03:21.897266060Z Node N10 Cluster: commiting upto index 5
2026-07-28T10:03:21.897454948Z Cluster: leader N3 received: {"term":1,"senderId":"N2","success":true,"matchIndex":5,"level":"Cluster","type":"AppendEntriesReply","version":2}
2026-07-28T10:03:21.897628450Z Cluster: leader N3 received: {"term":1,"senderId":"N9","success":true,"matchIndex":5,"level":"Cluster","type":"AppendEntriesReply","version":2}
2026-07-28T10:03:21.897698909Z Sending message to node N3: {"term":1,"senderId":"N10","success":true,"matchIndex":5,"level":"Cluster","type":"AppendEntriesReply","version":2}
2026-07-28T10:03:21.898594251Z Cluster: leader N3 received: {"term":1,"senderId":"N10","success":true,"matchIndex":5,"level":"Cluster","type":"AppendEntriesReply","version":2}
2026-07-28T10:03:22.899105218Z Cluster: Node N3 - Leader sending heartbeats.
2026-07-28T10:03:22.899360475Z Cluster: leader node: N3 broadcasting append entries message
2026-07-28T10:03:22.899776867Z Sending message to node N1: {"term":1,"leaderId":"N3","prevLogIndex":5,"prevLogTerm":1,"leaderCommit":5,"level":"Cluster","type":"AppendEntries","version":2}
2026-07-28T10:03:22.900361325Z Sending message to node N9: {"term":1,"leaderId":"N3","prevLogIndex":5,"prevLogTerm":1,"leaderCommit":5,"level":"Cluster","type":"AppendEntries","version":2}
2026-07-28T10:03:22.900919086Z Sending message to node N2: {"term":1,"leaderId":"N3","prevLogIndex":5,"prevLogTerm":1,"leaderCommit":5,"level":"Cluster","type":"AppendEntries","version":2}
2026-07-28T10:03:22.901325383Z Sending message to node N10: {"term":1,"leaderId":"N3","prevLogIndex":5,"prevLogTerm":1,"leaderCommit":5,"level":"Cluster","type":"AppendEntries","version":2}
2026-07-28T10:03:22.902923228Z Cluster: follower N1 received: {"term":1,"leaderId":"N3","prevLogIndex":5,"prevLogTerm":1,"leaderCommit":5,"level":"Cluster","type":"AppendEntries","version":2}
2026-07-28T10:03:22.902987023Z Cluster: follower N9 received: {"term":1,"leaderId":"N3","prevLogIndex":5,"prevLogTerm":1,"leaderCommit":5,"level":"Cluster","type":"AppendEntries","version":2}
2026-07-28T10:03:22.903124798Z Node N1 Cluster: commiting upto index 5
2026-07-28T10:03:22.903213345Z Sending message to node N3: {"term":1,"senderId":"N1","success":true,"matchIndex":5,"level":"Cluster","type":"AppendEntriesReply","version":2}
2026-07-28T10:03:22.903181740Z Cluster: follower N2 received: {"term":1,"leaderId":"N3","prevLogIndex":5,"prevLogTerm":1,"leaderCommit":5,"level":"Cluster","type":"AppendEntries","version":2}
2026-07-28T10:03:22.903234354Z Node N9 Cluster: commiting upto index 5
2026-07-28T10:03:22.903320929Z Node N2 Cluster: commiting upto index 5
2026-07-28T10:03:22.903477227Z Sending message to node N3: {"term":1,"senderId":"N2","success":true,"matchIndex":5,"level":"Cluster","type":"AppendEntriesReply","version":2}
2026-07-28T10:03:22.903452952Z Sending message to node N3: {"term":1,"senderId":"N9","success":true,"matchIndex":5,"level":"Cluster","type":"AppendEntriesReply","version":2}
2026-07-28T10:03:22.903835616Z Cluster: follower N10 received: {"term":1,"leaderId":"N3","prevLogIndex":5,"prevLogTerm":1,"leaderCommit":5,"level":"Cluster","type":"AppendEntries","version":2}
2026-07-28T10:03:22.904159796Z Node N10 Cluster: commiting upto index 5
2026-07-28T10:03:22.904271367Z Cluster: leader N3 received: {"term":1,"senderId":"N1","success":true,"matchIndex":5,"level":"Cluster","type":"AppendEntriesReply","version":2}
2026-07-28T10:03:22.904405395Z Cluster: leader N3 received: {"term":1,"senderId":"N2","success":true,"matchIndex":5,"level":"Cluster","type":"AppendEntriesReply","version":2}
2026-07-28T10:03:22.904394745Z Sending message to node N3: {"term":1,"senderId":"N10","success":true,"matchIndex":5,"level":"Cluster","type":"AppendEntriesReply","version":2}
2026-07-28T10:03:22.904512242Z Cluster: leader N3 received: {"term":1,"senderId":"N9","success":true,"matchIndex":5,"level":"Cluster","type":"AppendEntriesReply","version":2}
2026-07-28T10:03:22.905206067Z Cluster: leader N3 received: {"term":1,"senderId":"N10","success":true,"matchIndex":5,"level":"Cluster","type":"AppendEntriesReply","version":2}
2026-07-28T10:03:23.096882513Z Cluster: follower N1 received: {"action":"Remove","node":{"id":"N9","ip":"localhost","port":4592},"type":"NodeMsg","version":2}
2026-07-28T10:03:23.097037509Z Sending message to node N3: {"action":"Remove","node":{"id":"N9","ip":"localhost","port":4592},"type":"NodeMsg","version":2}
2026-07-28T10:03:23.097655328Z Cluster: leader N3 received: {"action":"Remove","node":{"id":"N9","ip":"localhost","port":4592},"type":"NodeMsg","version":2}
2026-07-28T10:03:23.097820454Z Cluster: Leader N3 appending log entry
2026-07-28T10:03:23.097881505Z Cluster: leader node: N3 broadcasting append entries message
2026-07-28T10:03:23.097961585Z Sending message to node N1: {"term":1,"leaderId":"N3","prevLogIndex":5,"prevLogTerm":1,"leaderCommit":5,"entries":[{"msg":{"action":"Remove","node":{"id":"N9","ip":"localhost","port":4592},"type":"NodeMsg","version":2},"term":1,"index":6}],"level":"Cluster","type":"AppendEntries","version":2}
2026-07-28T10:03:23.098158849Z Sending message to node N9: {"term":1,"leaderId":"N3","prevLogIndex":5,"prevLogTerm":1,"leaderCommit":5,"entries":[{"msg":{"action":"Remove","node":{"id":"N9","ip":"localhost","port":4592},"type":"NodeMsg","version":2},"term":1,"index":6}],"level":"Cluster","type":"AppendEntries","version":2}
2026-07-28T10:03:23.098397319Z Sending message to node N2: {"term":1,"leaderId":"N3","prevLogIndex":5,"prevLogTerm":1,"leaderCommit":5,"entries":[{"msg":{"action":"Remove","node":{"id":"N9","ip":"localhost","port":4592},"type":"NodeMsg","version":2},"term":1,"index":6}],"level":"Cluster","type":"AppendEntries","version":2}
2026-07-28T10:03:23.098467959Z Cluster: follower N1 received: {"term":1,"leaderId":"N3","prevLogIndex":5,"prevLogTerm":1,"leaderCommit":5,"entries":[{"msg":{"action":"Remove","node":{"id":"N9","ip":"localhost","port":4592},"type":"NodeMsg","version":2},"term":1,"index":6}],"level":"Cluster","type":"AppendEntries","version":2}
2026-07-28T10:03:23.098613925Z Node N1 Cluster: commiting upto index 5
2026-07-28T10:03:23.098629170Z Sending message to node N10: {"term":1,"leaderId":"N3","prevLogIndex":5,"prevLogTerm":1,"leaderCommit":5,"entries":[{"msg":{"action":"Remove","node":{"id":"N9","ip":"localhost","port":4592},"type":"NodeMsg","version":2},"term":1,"index":6}],"level":"Cluster","type":"AppendEntries","version":2}
2026-07-28T10:03:23.098680585Z Sending message to node N3: {"term":1,"senderId":"N1","success":true,"matchIndex":6,"level":"Cluster","type":"AppendEntriesReply","version":2}
2026-07-28T10:03:23.099178733Z Cluster: follower N2 received: {"term":1,"leaderId":"N3","prevLogIndex":5,"prevLogTerm":1,"leaderCommit":5,"entries":[{"msg":{"action":"Remove","node":{"id":"N9","ip":"localhost","port":4592},"type":"NodeMsg","version":2},"term":1,"index":6}],"level":"Cluster","type":"AppendEntries","version":2}
2026-07-28T10:03:23.099263548Z Cluster: leader N3 received: {"term":1,"senderId":"N1","success":true,"matchIndex":6,"level":"Cluster","type":"AppendEntriesReply","version":2}
2026-07-28T10:03:23.099315913Z Node N2 Cluster: commiting upto index 5
2026-07-28T10:03:23.099421452Z Sending message to node N3: {"term":1,"senderId":"N2","success":true,"matchIndex":6,"level":"Cluster","type":"AppendEntriesReply","version":2}
2026-07-28T10:03:23.099346943Z Cluster: follower N9 received: {"term":1,"leaderId":"N3","prevLogIndex":5,"prevLogTerm":1,"leaderCommit":5,"entries":[{"msg":{"action":"Remove","node":{"id":"N9","ip":"localhost","port":4592},"type":"NodeMsg","version":2},"term":1,"index":6}],"level":"Cluster","type":"AppendEntries","version":2}
2026-07-28T10:03:23.099658072Z Node N9 Cluster: commiting upto index 5
2026-07-28T10:03:23.100128810Z Cluster: leader N3 received: {"term":1,"senderId":"N2","success":true,"matchIndex":6,"level":"Cluster","type":"AppendEntriesReply","version":2}
2026-07-28T10:03:23.100078445Z Cluster: follower N10 received: {"term":1,"leaderId":"N3","prevLogIndex":5,"prevLogTerm":1,"leaderCommit":5,"entries":[{"msg":{"action":"Remove","node":{"id":"N9","ip":"localhost","port":4592},"type":"NodeMsg","version":2},"term":1,"index":6}],"level":"Cluster","type":"AppendEntries","version":2}
2026-07-28T10:03:23.100137224Z Sending message to node N3: {"term":1,"senderId":"N9","success":true,"matchIndex":6,"level":"Cluster","type":"AppendEntriesReply","version":2}
2026-07-28T10:03:23.100267016Z Node N10 Cluster: commiting upto index 5
2026-07-28T10:03:23.100307523Z Node N3 Cluster: commiting upto index 6
2026-07-28T10:03:23.100426393Z Cluster: leader node: N3 broadcasting append entries message
2026-07-28T10:03:23.100456014Z Sending message to node N3: {"term":1,"senderId":"N10","success":true,"matchIndex":6,"level":"Cluster","type":"AppendEntriesReply","version":2}
2026-07-28T10:03:23.100511762Z Sending message to node N1: {"term":1,"leaderId":"N3","prevLogIndex":6,"prevLogTerm":1,"leaderCommit":6,"level":"Cluster","type":"AppendEntries","version":2}
2026-07-28T10:03:23.100817768Z Sending message to node N9: {"term":1,"leaderId":"N3","prevLogIndex":5,"prevLogTerm":1,"leaderCommit":6,"entries":[{"msg":{"action":"Remove","node":{"id":"N9","ip":"localhost","port":4592},"type":"NodeMsg","version":2},"term":1,"index":6}],"level":"Cluster","type":"AppendEntries","version":2}
2026-07-28T10:03:23.101090827Z Sending message to node N2: {"term":1,"leaderId":"N3","prevLogIndex":6,"prevLogTerm":1,"leaderCommit":6,"level":"Cluster","type":"AppendEntries","version":2}
2026-07-28T10:03:23.101397342Z Sending message to node N10: {"term":1,"leaderId":"N3","prevLogIndex":5,"prevLogTerm":1,"leaderCommit":6,"entries":[{"msg":{"action":"Remove","node":{"id":"N9","ip":"localhost","port":4592},"type":"NodeMsg","version":2},"term":1,"index":6}],"level":"Cluster","type":"AppendEntries","version":2}
2026-07-28T10:03:23.101678404Z Cluster: leader N3 received: {"term":1,"senderId":"N9","success":true,"matchIndex":6,"level":"Cluster","type":"AppendEntriesReply","version":2}
2026-07-28T10:03:23.101699373Z Cluster: follower N2 received: {"term":1,"leaderId":"N3","prevLogIndex":6,"prevLogTerm":1,"leaderCommit":6,"level":"Cluster","type":"AppendEntries","version":2}
2026-07-28T10:03:23.101783881Z Node N2 Cluster: commiting upto index 6
2026-07-28T10:03:23.101787242Z Cluster: leader N3 received: {"nodes":{"N1":{"id":"N1","ip":"localhost","port":4567},"N2":{"id":"N2","ip":"localhost","port":4568},"N3":{"id":"N3","ip":"localhost","port":4569},"N10":{"id":"N10","ip":"localhost","port":4591}},"action":"Update","type":"Update","version":3}
2026-07-28T10:03:23.101820897Z Node N3 Cluster level raft recieved config update request
2026-07-28T10:03:23.101882955Z Cluster: leader N3 received: {"term":1,"senderId":"N10","success":true,"matchIndex":6,"level":"Cluster","type":"AppendEntriesReply","version":2}
2026-07-28T10:03:23.101894973Z Sending message to node N3: {"term":1,"senderId":"N2","success":true,"matchIndex":6,"level":"Cluster","type":"AppendEntriesReply","version":2}
2026-07-28T10:03:23.102231609Z Cluster: follower N1 received: {"term":1,"leaderId":"N3","prevLogIndex":6,"prevLogTerm":1,"leaderCommit":6,"level":"Cluster","type":"AppendEntries","version":2}
2026-07-28T10:03:23.102232428Z Cluster: follower N9 received: {"term":1,"leaderId":"N3","prevLogIndex":5,"prevLogTerm":1,"leaderCommit":6,"entries":[{"msg":{"action":"Remove","node":{"id":"N9","ip":"localhost","port":4592},"type":"NodeMsg","version":2},"term":1,"index":6}],"level":"Cluster","type":"AppendEntries","version":2}
2026-07-28T10:03:23.102367447Z Cluster: leader N3 received: {"term":1,"senderId":"N2","success":true,"matchIndex":6,"level":"Cluster","type":"AppendEntriesReply","version":2}
2026-07-28T10:03:23.102386094Z Node N1 Cluster: commiting upto index 6
2026-07-28T10:03:23.102506848Z Sending message to node N3: {"term":1,"senderId":"N1","success":true,"matchIndex":6,"level":"Cluster","type":"AppendEntriesReply","version":2}
2026-07-28T10:03:23.102511625Z Cluster: follower N10 received: {"term":1,"leaderId":"N3","prevLogIndex":5,"prevLogTerm":1,"leaderCommit":6,"entries":[{"msg":{"action":"Remove","node":{"id":"N9","ip":"localhost","port":4592},"type":"NodeMsg","version":2},"term":1,"index":6}],"level":"Cluster","type":"AppendEntries","version":2}
2026-07-28T10:03:23.102559061Z Node N9 Cluster: commiting upto index 6
2026-07-28T10:03:23.102685153Z Node N10 Cluster: commiting upto index 6
2026-07-28T10:03:23.102867327Z Sending message to node N3: {"term":1,"senderId":"N10","success":true,"matchIndex":6,"level":"Cluster","type":"AppendEntriesReply","version":2}
2026-07-28T10:03:23.103105959Z Cluster: leader N3 received: {"term":1,"senderId":"N1","success":true,"matchIndex":6,"level":"Cluster","type":"AppendEntriesReply","version":2}
2026-07-28T10:03:23.103033847Z Sending message to node N3: {"term":1,"senderId":"N9","success":true,"matchIndex":6,"level":"Cluster","type":"AppendEntriesReply","version":2}
2026-07-28T10:03:23.103539181Z Cluster: leader N3 received: {"term":1,"senderId":"N10","success":true,"matchIndex":6,"level":"Cluster","type":"AppendEntriesReply","version":2}
2026-07-28T10:03:23.103571817Z Cluster: follower N2 received: {"nodes":{"N1":{"id":"N1","ip":"localhost","port":4567},"N2":{"id":"N2","ip":"localhost","port":4568},"N3":{"id":"N3","ip":"localhost","port":4569},"N10":{"id":"N10","ip":"localhost","port":4591}},"action":"Update","type":"Update","version":3}
2026-07-28T10:03:23.103623981Z Cluster: follower N1 received: {"nodes":{"N1":{"id":"N1","ip":"localhost","port":4567},"N2":{"id":"N2","ip":"localhost","port":4568},"N3":{"id":"N3","ip":"localhost","port":4569},"N10":{"id":"N10","ip":"localhost","port":4591}},"action":"Update","type":"Update","version":3}
2026-07-28T10:03:23.103716061Z Node N2 Cluster level raft recieved config update request
2026-07-28T10:03:23.103890502Z Node N1 Cluster level raft recieved config update request
2026-07-28T10:03:23.104124115Z Cluster: follower N9 received: {"nodes":{"N1":{"id":"N1","ip":"localhost","port":4567},"N2":{"id":"N2","ip":"localhost","port":4568},"N3":{"id":"N3","ip":"localhost","port":4569},"N10":{"id":"N10","ip":"localhost","port":4591}},"action":"Update","type":"Update","version":3}
2026-07-28T10:03:23.104389918Z Cluster: follower N10 received: {"nodes":{"N1":{"id":"N1","ip":"localhost","port":4567},"N2":{"id":"N2","ip":"localhost","port":4568},"N3":{"id":"N3","ip":"localhost","port":4569},"N10":{"id":"N10","ip":"localhost","port":4591}},"action":"Update","type":"Update","version":3}
2026-07-28T10:03:23.104429383Z Node N9 Cluster level raft recieved config update request
2026-07-28T10:03:23.104597510Z Node N10 Cluster level raft recieved config update request
2026-07-28T10:03:23.104852185Z Cluster: leader N3 received: {"term":1,"senderId":"N9","success":true,"matchIndex":6,"level":"Cluster","type":"AppendEntriesReply","version":2}
2026-07-28T10:03:24.105371685Z Cluster: Node N3 - Leader sending heartbeats.
2026-07-28T10:03:24.105436880Z Cluster: leader node: N3 broadcasting append entries message
2026-07-28T10:03:24.105573736Z Sending message to node N1: {"term":1,"leaderId":"N3","prevLogIndex":6,"prevLogTerm":1,"leaderCommit":6,"entries":[{"msg":{"nodes":{"N1":{"id":"N1","ip":"localhost","port":4567},"N2":{"id":"N2","ip":"localhost","port":4568},"N3":{"id":"N3","ip":"localhost","port":4569},"N10":{"id":"N10","ip":"localhost","port":4591}},"oldNodes":{"N1":{"id":"N1","ip":"localhost","port":4567},"N9":{"id":"N9","ip":"localhost","port":4590},"N2":{"id":"N2","ip":"localhost","port":4568},"N10":{"id":"N10","ip":"localhost","port":4591},"N3":{"id":"N3","ip":"localhost","port":4569}},"jointConfig":true,"targetVersion":3,"type":"RaftConfig","version":3},"term":1,"index":7}],"level":"Cluster","type":"AppendEntries","version":2}
2026-07-28T10:03:24.105802855Z Sending message to node N9: {"term":1,"leaderId":"N3","prevLogIndex":6,"prevLogTerm":1,"leaderCommit":6,"entries":[{"msg":{"nodes":{"N1":{"id":"N1","ip":"localhost","port":4567},"N2":{"id":"N2","ip":"localhost","port":4568},"N3":{"id":"N3","ip":"localhost","port":4569},"N10":{"id":"N10","ip":"localhost","port":4591}},"oldNodes":{"N1":{"id":"N1","ip":"localhost","port":4567},"N9":{"id":"N9","ip":"localhost","port":4590},"N2":{"id":"N2","ip":"localhost","port":4568},"N10":{"id":"N10","ip":"localhost","port":4591},"N3":{"id":"N3","ip":"localhost","port":4569}},"jointConfig":true,"targetVersion":3,"type":"RaftConfig","version":3},"term":1,"index":7}],"level":"Cluster","type":"AppendEntries","version":2}
2026-07-28T10:03:24.105962570Z Sending message to node N2: {"term":1,"leaderId":"N3","prevLogIndex":6,"prevLogTerm":1,"leaderCommit":6,"entries":[{"msg":{"nodes":{"N1":{"id":"N1","ip":"localhost","port":4567},"N2":{"id":"N2","ip":"localhost","port":4568},"N3":{"id":"N3","ip":"localhost","port":4569},"N10":{"id":"N10","ip":"localhost","port":4591}},"oldNodes":{"N1":{"id":"N1","ip":"localhost","port":4567},"N9":{"id":"N9","ip":"localhost","port":4590},"N2":{"id":"N2","ip":"localhost","port":4568},"N10":{"id":"N10","ip":"localhost","port":4591},"N3":{"id":"N3","ip":"localhost","port":4569}},"jointConfig":true,"targetVersion":3,"type":"RaftConfig","version":3},"term":1,"index":7}],"level":"Cluster","type":"AppendEntries","version":2}
2026-07-28T10:03:24.106088816Z Sending message to node N10: {"term":1,"leaderId":"N3","prevLogIndex":6,"prevLogTerm":1,"leaderCommit":6,"entries":[{"msg":{"nodes":{"N1":{"id":"N1","ip":"localhost","port":4567},"N2":{"id":"N2","ip":"localhost","port":4568},"N3":{"id":"N3","ip":"localhost","port":4569},"N10":{"id":"N10","ip":"localhost","port":4591}},"oldNodes":{"N1":{"id":"N1","ip":"localhost","port":4567},"N9":{"id":"N9","ip":"localhost","port":4590},"N2":{"id":"N2","ip":"localhost","port":4568},"N10":{"id":"N10","ip":"localhost","port":4591},"N3":{"id":"N3","ip":"localhost","port":4569}},"jointConfig":true,"targetVersion":3,"type":"RaftConfig","version":3},"term":1,"index":7}],"level":"Cluster","type":"AppendEntries","version":2}
2026-07-28T10:03:24.106242768Z Cluster: follower N1 received: {"term":1,"leaderId":"N3","prevLogIndex":6,"prevLogTerm":1,"leaderCommit":6,"entries":[{"msg":{"nodes":{"N1":{"id":"N1","ip":"localhost","port":4567},"N2":{"id":"N2","ip":"localhost","port":4568},"N3":{"id":"N3","ip":"localhost","port":4569},"N10":{"id":"N10","ip":"localhost","port":4591}},"oldNodes":{"N1":{"id":"N1","ip":"localhost","port":4567},"N9":{"id":"N9","ip":"localhost","port":4590},"N2":{"id":"N2","ip":"localhost","port":4568},"N10":{"id":"N10","ip":"localhost","port":4591},"N3":{"id":"N3","ip":"localhost","port":4569}},"jointConfig":true,"targetVersion":3,"type":"RaftConfig","version":3},"term":1,"index":7}],"level":"Cluster","type":"AppendEntries","version":2}
2026-07-28T10:03:24.106339905Z Node N1 Cluster: commiting upto index 6
2026-07-28T10:03:24.106408218Z Sending message to node N3: {"term":1,"senderId":"N1","success":true,"matchIndex":7,"level":"Cluster","type":"AppendEntriesReply","version":2}
2026-07-28T10:03:24.106751976Z Cluster: follower N2 received: {"term":1,"leaderId":"N3","prevLogIndex":6,"prevLogTerm":1,"leaderCommit":6,"entries":[{"msg":{"nodes":{"N1":{"id":"N1","ip":"localhost","port":4567},"N2":{"id":"N2","ip":"localhost","port":4568},"N3":{"id":"N3","ip":"localhost","port":4569},"N10":{"id":"N10","ip":"localhost","port":4591}},"oldNodes":{"N1":{"id":"N1","ip":"localhost","port":4567},"N9":{"id":"N9","ip":"localhost","port":4590},"N2":{"id":"N2","ip":"localhost","port":4568},"N10":{"id":"N10","ip":"localhost","port":4591},"N3":{"id":"N3","ip":"localhost","port":4569}},"jointConfig":true,"targetVersion":3,"type":"RaftConfig","version":3},"term":1,"index":7}],"level":"Cluster","type":"AppendEntries","version":2}
2026-07-28T10:03:24.106946740Z Node N2 Cluster: commiting upto index 6
2026-07-28T10:03:24.106826714Z Cluster: follower N9 received: {"term":1,"leaderId":"N3","prevLogIndex":6,"prevLogTerm":1,"leaderCommit":6,"entries":[{"msg":{"nodes":{"N1":{"id":"N1","ip":"localhost","port":4567},"N2":{"id":"N2","ip":"localhost","port":4568},"N3":{"id":"N3","ip":"localhost","port":4569},"N10":{"id":"N10","ip":"localhost","port":4591}},"oldNodes":{"N1":{"id":"N1","ip":"localhost","port":4567},"N9":{"id":"N9","ip":"localhost","port":4590},"N2":{"id":"N2","ip":"localhost","port":4568},"N10":{"id":"N10","ip":"localhost","port":4591},"N3":{"id":"N3","ip":"localhost","port":4569}},"jointConfig":true,"targetVersion":3,"type":"RaftConfig","version":3},"term":1,"index":7}],"level":"Cluster","type":"AppendEntries","version":2}
2026-07-28T10:03:24.107033973Z Sending message to node N3: {"term":1,"senderId":"N2","success":true,"matchIndex":7,"level":"Cluster","type":"AppendEntriesReply","version":2}
2026-07-28T10:03:24.107065161Z Node N9 Cluster: commiting upto index 6
2026-07-28T10:03:24.107326650Z Cluster: leader N3 received: {"term":1,"senderId":"N1","success":true,"matchIndex":7,"level":"Cluster","type":"AppendEntriesReply","version":2}
2026-07-28T10:03:24.109072181Z Cluster: leader N3 received: {"term":1,"senderId":"N2","success":true,"matchIndex":7,"level":"Cluster","type":"AppendEntriesReply","version":2}
2026-07-28T10:03:24.109003684Z Cluster: follower N10 received: {"term":1,"leaderId":"N3","prevLogIndex":6,"prevLogTerm":1,"leaderCommit":6,"entries":[{"msg":{"nodes":{"N1":{"id":"N1","ip":"localhost","port":4567},"N2":{"id":"N2","ip":"localhost","port":4568},"N3":{"id":"N3","ip":"localhost","port":4569},"N10":{"id":"N10","ip":"localhost","port":4591}},"oldNodes":{"N1":{"id":"N1","ip":"localhost","port":4567},"N9":{"id":"N9","ip":"localhost","port":4590},"N2":{"id":"N2","ip":"localhost","port":4568},"N10":{"id":"N10","ip":"localhost","port":4591},"N3":{"id":"N3","ip":"localhost","port":4569}},"jointConfig":true,"targetVersion":3,"type":"RaftConfig","version":3},"term":1,"index":7}],"level":"Cluster","type":"AppendEntries","version":2}
2026-07-28T10:03:24.109352444Z Node N10 Cluster: commiting upto index 6
2026-07-28T10:03:24.107210719Z Sending message to node N3: {"term":1,"senderId":"N9","success":true,"matchIndex":7,"level":"Cluster","type":"AppendEntriesReply","version":2}
2026-07-28T10:03:24.109605489Z Sending message to node N3: {"term":1,"senderId":"N10","success":true,"matchIndex":7,"level":"Cluster","type":"AppendEntriesReply","version":2}
2026-07-28T10:03:24.111155326Z Cluster: leader N3 received: {"term":1,"senderId":"N9","success":true,"matchIndex":7,"level":"Cluster","type":"AppendEntriesReply","version":2}
2026-07-28T10:03:24.111242348Z Node N3 Cluster: commiting upto index 7
2026-07-28T10:03:24.111298931Z Cluster: leader node: N3 broadcasting append entries message
2026-07-28T10:03:24.111405313Z Sending message to node N1: {"term":1,"leaderId":"N3","prevLogIndex":7,"prevLogTerm":1,"leaderCommit":7,"entries":[{"msg":{"nodes":{"N1":{"id":"N1","ip":"localhost","port":4567},"N2":{"id":"N2","ip":"localhost","port":4568},"N3":{"id":"N3","ip":"localhost","port":4569},"N10":{"id":"N10","ip":"localhost","port":4591}},"jointConfig":false,"targetVersion":3,"type":"RaftConfig","version":3},"term":1,"index":8}],"level":"Cluster","type":"AppendEntries","version":2}
2026-07-28T10:03:24.111584258Z Sending message to node N9: {"term":1,"leaderId":"N3","prevLogIndex":7,"prevLogTerm":1,"leaderCommit":7,"entries":[{"msg":{"nodes":{"N1":{"id":"N1","ip":"localhost","port":4567},"N2":{"id":"N2","ip":"localhost","port":4568},"N3":{"id":"N3","ip":"localhost","port":4569},"N10":{"id":"N10","ip":"localhost","port":4591}},"jointConfig":false,"targetVersion":3,"type":"RaftConfig","version":3},"term":1,"index":8}],"level":"Cluster","type":"AppendEntries","version":2}
2026-07-28T10:03:24.111758425Z Sending message to node N2: {"term":1,"leaderId":"N3","prevLogIndex":7,"prevLogTerm":1,"leaderCommit":7,"entries":[{"msg":{"nodes":{"N1":{"id":"N1","ip":"localhost","port":4567},"N2":{"id":"N2","ip":"localhost","port":4568},"N3":{"id":"N3","ip":"localhost","port":4569},"N10":{"id":"N10","ip":"localhost","port":4591}},"jointConfig":false,"targetVersion":3,"type":"RaftConfig","version":3},"term":1,"index":8}],"level":"Cluster","type":"AppendEntries","version":2}
2026-07-28T10:03:24.111898640Z Cluster: follower N1 received: {"term":1,"leaderId":"N3","prevLogIndex":7,"prevLogTerm":1,"leaderCommit":7,"entries":[{"msg":{"nodes":{"N1":{"id":"N1","ip":"localhost","port":4567},"N2":{"id":"N2","ip":"localhost","port":4568},"N3":{"id":"N3","ip":"localhost","port":4569},"N10":{"id":"N10","ip":"localhost","port":4591}},"jointConfig":false,"targetVersion":3,"type":"RaftConfig","version":3},"term":1,"index":8}],"level":"Cluster","type":"AppendEntries","version":2}
2026-07-28T10:03:24.111933240Z Sending message to node N10: {"term":1,"leaderId":"N3","prevLogIndex":6,"prevLogTerm":1,"leaderCommit":7,"entries":[{"msg":{"nodes":{"N1":{"id":"N1","ip":"localhost","port":4567},"N2":{"id":"N2","ip":"localhost","port":4568},"N3":{"id":"N3","ip":"localhost","port":4569},"N10":{"id":"N10","ip":"localhost","port":4591}},"oldNodes":{"N1":{"id":"N1","ip":"localhost","port":4567},"N9":{"id":"N9","ip":"localhost","port":4590},"N2":{"id":"N2","ip":"localhost","port":4568},"N10":{"id":"N10","ip":"localhost","port":4591},"N3":{"id":"N3","ip":"localhost","port":4569}},"jointConfig":true,"targetVersion":3,"type":"RaftConfig","version":3},"term":1,"index":7},{"msg":{"nodes":{"N1":{"id":"N1","ip":"localhost","port":4567},"N2":{"id":"N2","ip":"localhost","port":4568},"N3":{"id":"N3","ip":"localhost","port":4569},"N10":{"id":"N10","ip":"localhost","port":4591}},"jointConfig":false,"targetVersion":3,"type":"RaftConfig","version":3},"term":1,"index":8}],"level":"Cluster","type":"AppendEntries","version":2}
2026-07-28T10:03:24.112003924Z Node N1 Cluster: commiting upto index 7
2026-07-28T10:03:24.112040932Z Cluster: leader N3 received: {"term":1,"senderId":"N10","success":true,"matchIndex":7,"level":"Cluster","type":"AppendEntriesReply","version":2}
2026-07-28T10:03:24.112185710Z Sending message to node N3: {"term":1,"senderId":"N1","success":true,"matchIndex":8,"level":"Cluster","type":"AppendEntriesReply","version":2}
2026-07-28T10:03:24.112457720Z Cluster: follower N9 received: {"term":1,"leaderId":"N3","prevLogIndex":7,"prevLogTerm":1,"leaderCommit":7,"entries":[{"msg":{"nodes":{"N1":{"id":"N1","ip":"localhost","port":4567},"N2":{"id":"N2","ip":"localhost","port":4568},"N3":{"id":"N3","ip":"localhost","port":4569},"N10":{"id":"N10","ip":"localhost","port":4591}},"jointConfig":false,"targetVersion":3,"type":"RaftConfig","version":3},"term":1,"index":8}],"level":"Cluster","type":"AppendEntries","version":2}
2026-07-28T10:03:24.112573364Z Cluster: follower N10 received: {"term":1,"leaderId":"N3","prevLogIndex":6,"prevLogTerm":1,"leaderCommit":7,"entries":[{"msg":{"nodes":{"N1":{"id":"N1","ip":"localhost","port":4567},"N2":{"id":"N2","ip":"localhost","port":4568},"N3":{"id":"N3","ip":"localhost","port":4569},"N10":{"id":"N10","ip":"localhost","port":4591}},"oldNodes":{"N1":{"id":"N1","ip":"localhost","port":4567},"N9":{"id":"N9","ip":"localhost","port":4590},"N2":{"id":"N2","ip":"localhost","port":4568},"N10":{"id":"N10","ip":"localhost","port":4591},"N3":{"id":"N3","ip":"localhost","port":4569}},"jointConfig":true,"targetVersion":3,"type":"RaftConfig","version":3},"term":1,"index":7},{"msg":{"nodes":{"N1":{"id":"N1","ip":"localhost","port":4567},"N2":{"id":"N2","ip":"localhost","port":4568},"N3":{"id":"N3","ip":"localhost","port":4569},"N10":{"id":"N10","ip":"localhost","port":4591}},"jointConfig":false,"targetVersion":3,"type":"RaftConfig","version":3},"term":1,"index":8}],"level":"Cluster","type":"AppendEntries","version":2}
2026-07-28T10:03:24.112685517Z Node N10 Cluster: commiting upto index 7
2026-07-28T10:03:24.112648778Z Node N9 Cluster: commiting upto index 7
2026-07-28T10:03:24.112835687Z Sending message to node N3: {"term":1,"senderId":"N10","success":true,"matchIndex":8,"level":"Cluster","type":"AppendEntriesReply","version":2}
2026-07-28T10:03:24.112879155Z Cluster: follower N2 received: {"term":1,"leaderId":"N3","prevLogIndex":7,"prevLogTerm":1,"leaderCommit":7,"entries":[{"msg":{"nodes":{"N1":{"id":"N1","ip":"localhost","port":4567},"N2":{"id":"N2","ip":"localhost","port":4568},"N3":{"id":"N3","ip":"localhost","port":4569},"N10":{"id":"N10","ip":"localhost","port":4591}},"jointConfig":false,"targetVersion":3,"type":"RaftConfig","version":3},"term":1,"index":8}],"level":"Cluster","type":"AppendEntries","version":2}
2026-07-28T10:03:24.112939778Z Node N2 Cluster: commiting upto index 7
2026-07-28T10:03:24.113002975Z Sending message to node N3: {"term":1,"senderId":"N2","success":true,"matchIndex":8,"level":"Cluster","type":"AppendEntriesReply","version":2}
2026-07-28T10:03:24.113016628Z Sending message to node N3: {"term":1,"senderId":"N9","success":true,"matchIndex":8,"level":"Cluster","type":"AppendEntriesReply","version":2}
2026-07-28T10:03:24.113190618Z Cluster: leader N3 received: {"term":1,"senderId":"N1","success":true,"matchIndex":8,"level":"Cluster","type":"AppendEntriesReply","version":2}
2026-07-28T10:03:24.113548515Z Cluster: leader N3 received: {"term":1,"senderId":"N10","success":true,"matchIndex":8,"level":"Cluster","type":"AppendEntriesReply","version":2}
2026-07-28T10:03:24.113592652Z Cluster: leader N3 received: {"term":1,"senderId":"N2","success":true,"matchIndex":8,"level":"Cluster","type":"AppendEntriesReply","version":2}
2026-07-28T10:03:24.113631354Z Node N3 Cluster: commiting upto index 8
2026-07-28T10:03:24.113720508Z Cluster: leader node: N3 broadcasting append entries message
2026-07-28T10:03:24.113772042Z Sending message to node N1: {"term":1,"leaderId":"N3","prevLogIndex":8,"prevLogTerm":1,"leaderCommit":8,"level":"Cluster","type":"AppendEntries","version":3}
2026-07-28T10:03:24.113940762Z Sending message to node N2: {"term":1,"leaderId":"N3","prevLogIndex":8,"prevLogTerm":1,"leaderCommit":8,"level":"Cluster","type":"AppendEntries","version":3}
2026-07-28T10:03:24.114096551Z Cluster: follower N1 received: {"term":1,"leaderId":"N3","prevLogIndex":8,"prevLogTerm":1,"leaderCommit":8,"level":"Cluster","type":"AppendEntries","version":3}
2026-07-28T10:03:24.114112742Z Sending message to node N10: {"term":1,"leaderId":"N3","prevLogIndex":8,"prevLogTerm":1,"leaderCommit":8,"level":"Cluster","type":"AppendEntries","version":3}
2026-07-28T10:03:24.114176304Z Node N1 Cluster: commiting upto index 8
2026-07-28T10:03:24.114268905Z Sending message to node N3: {"term":1,"senderId":"N1","success":true,"matchIndex":8,"level":"Cluster","type":"AppendEntriesReply","version":3}
2026-07-28T10:03:24.114291114Z Cluster: leader N3 received: {"term":1,"senderId":"N9","success":true,"matchIndex":8,"level":"Cluster","type":"AppendEntriesReply","version":2}
2026-07-28T10:03:24.114516595Z Cluster: follower N2 received: {"term":1,"leaderId":"N3","prevLogIndex":8,"prevLogTerm":1,"leaderCommit":8,"level":"Cluster","type":"AppendEntries","version":3}
2026-07-28T10:03:24.114651992Z Node N2 Cluster: commiting upto index 8
2026-07-28T10:03:24.114711641Z Cluster: follower N10 received: {"term":1,"leaderId":"N3","prevLogIndex":8,"prevLogTerm":1,"leaderCommit":8,"level":"Cluster","type":"AppendEntries","version":3}
2026-07-28T10:03:24.114836067Z Node N10 Cluster: commiting upto index 8
2026-07-28T10:03:24.114880677Z Sending message to node N3: {"term":1,"senderId":"N2","success":true,"matchIndex":8,"level":"Cluster","type":"AppendEntriesReply","version":3}
2026-07-28T10:03:24.115015467Z Sending message to node N3: {"term":1,"senderId":"N10","success":true,"matchIndex":8,"level":"Cluster","type":"AppendEntriesReply","version":3}
2026-07-28T10:03:24.115155891Z Cluster: leader N3 received: {"term":1,"senderId":"N1","success":true,"matchIndex":8,"level":"Cluster","type":"AppendEntriesReply","version":3}
2026-07-28T10:03:24.115381955Z Cluster: leader N3 received: {"term":1,"senderId":"N2","success":true,"matchIndex":8,"level":"Cluster","type":"AppendEntriesReply","version":3}
2026-07-28T10:03:24.115443704Z Cluster: leader N3 received: {"term":1,"senderId":"N10","success":true,"matchIndex":8,"level":"Cluster","type":"AppendEntriesReply","version":3}
2026-07-28T10:03:25.120883884Z Cluster: Node N3 - Leader sending heartbeats.
2026-07-28T10:03:25.121023428Z Cluster: leader node: N3 broadcasting append entries message
2026-07-28T10:03:25.121178343Z Sending message to node N1: {"term":1,"leaderId":"N3","prevLogIndex":8,"prevLogTerm":1,"leaderCommit":8,"level":"Cluster","type":"AppendEntries","version":3}
2026-07-28T10:03:25.121660291Z Sending message to node N2: {"term":1,"leaderId":"N3","prevLogIndex":8,"prevLogTerm":1,"leaderCommit":8,"level":"Cluster","type":"AppendEntries","version":3}
2026-07-28T10:03:25.122018732Z Sending message to node N10: {"term":1,"leaderId":"N3","prevLogIndex":8,"prevLogTerm":1,"leaderCommit":8,"level":"Cluster","type":"AppendEntries","version":3}
2026-07-28T10:03:25.123108461Z Cluster: follower N1 received: {"term":1,"leaderId":"N3","prevLogIndex":8,"prevLogTerm":1,"leaderCommit":8,"level":"Cluster","type":"AppendEntries","version":3}
2026-07-28T10:03:25.123306451Z Node N1 Cluster: commiting upto index 8
2026-07-28T10:03:25.123290204Z Cluster: follower N2 received: {"term":1,"leaderId":"N3","prevLogIndex":8,"prevLogTerm":1,"leaderCommit":8,"level":"Cluster","type":"AppendEntries","version":3}
2026-07-28T10:03:25.123381737Z Sending message to node N3: {"term":1,"senderId":"N1","success":true,"matchIndex":8,"level":"Cluster","type":"AppendEntriesReply","version":3}
2026-07-28T10:03:25.123404060Z Node N2 Cluster: commiting upto index 8
2026-07-28T10:03:25.123481201Z Sending message to node N3: {"term":1,"senderId":"N2","success":true,"matchIndex":8,"level":"Cluster","type":"AppendEntriesReply","version":3}
2026-07-28T10:03:25.124001764Z Cluster: follower N10 received: {"term":1,"leaderId":"N3","prevLogIndex":8,"prevLogTerm":1,"leaderCommit":8,"level":"Cluster","type":"AppendEntries","version":3}
2026-07-28T10:03:25.124165973Z Cluster: leader N3 received: {"term":1,"senderId":"N1","success":true,"matchIndex":8,"level":"Cluster","type":"AppendEntriesReply","version":3}
2026-07-28T10:03:25.124248095Z Node N10 Cluster: commiting upto index 8
2026-07-28T10:03:25.124331197Z Cluster: leader N3 received: {"term":1,"senderId":"N2","success":true,"matchIndex":8,"level":"Cluster","type":"AppendEntriesReply","version":3}
2026-07-28T10:03:25.124458214Z Sending message to node N3: {"term":1,"senderId":"N10","success":true,"matchIndex":8,"level":"Cluster","type":"AppendEntriesReply","version":3}
2026-07-28T10:03:25.125219159Z Cluster: leader N3 received: {"term":1,"senderId":"N10","success":true,"matchIndex":8,"level":"Cluster","type":"AppendEntriesReply","version":3}
2026-07-28T10:03:26.127909221Z Cluster: Node N3 - Leader sending heartbeats.
2026-07-28T10:03:26.128124845Z Cluster: leader node: N3 broadcasting append entries message
2026-07-28T10:03:26.128292063Z Sending message to node N1: {"term":1,"leaderId":"N3","prevLogIndex":8,"prevLogTerm":1,"leaderCommit":8,"level":"Cluster","type":"AppendEntries","version":3}
2026-07-28T10:03:26.128794240Z Sending message to node N2: {"term":1,"leaderId":"N3","prevLogIndex":8,"prevLogTerm":1,"leaderCommit":8,"level":"Cluster","type":"AppendEntries","version":3}
2026-07-28T10:03:26.129230342Z Sending message to node N10: {"term":1,"leaderId":"N3","prevLogIndex":8,"prevLogTerm":1,"leaderCommit":8,"level":"Cluster","type":"AppendEntries","version":3}
2026-07-28T10:03:26.130367101Z Cluster: follower N1 received: {"term":1,"leaderId":"N3","prevLogIndex":8,"prevLogTerm":1,"leaderCommit":8,"level":"Cluster","type":"AppendEntries","version":3}
2026-07-28T10:03:26.130508494Z Node N1 Cluster: commiting upto index 8
2026-07-28T10:03:26.130592789Z Sending message to node N3: {"term":1,"senderId":"N1","success":true,"matchIndex":8,"level":"Cluster","type":"AppendEntriesReply","version":3}
2026-07-28T10:03:26.131243183Z Cluster: follower N2 received: {"term":1,"leaderId":"N3","prevLogIndex":8,"prevLogTerm":1,"leaderCommit":8,"level":"Cluster","type":"AppendEntries","version":3}
2026-07-28T10:03:26.131428722Z Node N2 Cluster: commiting upto index 8
2026-07-28T10:03:26.131538989Z Sending message to node N3: {"term":1,"senderId":"N2","success":true,"matchIndex":8,"level":"Cluster","type":"AppendEntriesReply","version":3}
2026-07-28T10:03:26.132712083Z Cluster: leader N3 received: {"term":1,"senderId":"N1","success":true,"matchIndex":8,"level":"Cluster","type":"AppendEntriesReply","version":3}
2026-07-28T10:03:26.132819952Z Cluster: leader N3 received: {"term":1,"senderId":"N2","success":true,"matchIndex":8,"level":"Cluster","type":"AppendEntriesReply","version":3}
2026-07-28T10:03:26.133178247Z Cluster: follower N10 received: {"term":1,"leaderId":"N3","prevLogIndex":8,"prevLogTerm":1,"leaderCommit":8,"level":"Cluster","type":"AppendEntries","version":3}
2026-07-28T10:03:26.133379974Z Node N10 Cluster: commiting upto index 8
2026-07-28T10:03:26.133525940Z Sending message to node N3: {"term":1,"senderId":"N10","success":true,"matchIndex":8,"level":"Cluster","type":"AppendEntriesReply","version":3}
2026-07-28T10:03:26.134397652Z Cluster: leader N3 received: {"term":1,"senderId":"N10","success":true,"matchIndex":8,"level":"Cluster","type":"AppendEntriesReply","version":3}
2026-07-28T10:03:27.135440130Z Cluster: Node N3 - Leader sending heartbeats.
2026-07-28T10:03:27.135788937Z Cluster: leader node: N3 broadcasting append entries message
2026-07-28T10:03:27.136021513Z Sending message to node N1: {"term":1,"leaderId":"N3","prevLogIndex":8,"prevLogTerm":1,"leaderCommit":8,"level":"Cluster","type":"AppendEntries","version":3}
2026-07-28T10:03:27.136628805Z Sending message to node N2: {"term":1,"leaderId":"N3","prevLogIndex":8,"prevLogTerm":1,"leaderCommit":8,"level":"Cluster","type":"AppendEntries","version":3}
2026-07-28T10:03:27.137075418Z Sending message to node N10: {"term":1,"leaderId":"N3","prevLogIndex":8,"prevLogTerm":1,"leaderCommit":8,"level":"Cluster","type":"AppendEntries","version":3}
2026-07-28T10:03:27.138690240Z Cluster: follower N1 received: {"term":1,"leaderId":"N3","prevLogIndex":8,"prevLogTerm":1,"leaderCommit":8,"level":"Cluster","type":"AppendEntries","version":3}
2026-07-28T10:03:27.138836891Z Node N1 Cluster: commiting upto index 8
2026-07-28T10:03:27.138916462Z Sending message to node N3: {"term":1,"senderId":"N1","success":true,"matchIndex":8,"level":"Cluster","type":"AppendEntriesReply","version":3}
2026-07-28T10:03:27.139199700Z Cluster: follower N2 received: {"term":1,"leaderId":"N3","prevLogIndex":8,"prevLogTerm":1,"leaderCommit":8,"level":"Cluster","type":"AppendEntries","version":3}
2026-07-28T10:03:27.139296524Z Cluster: follower N10 received: {"term":1,"leaderId":"N3","prevLogIndex":8,"prevLogTerm":1,"leaderCommit":8,"level":"Cluster","type":"AppendEntries","version":3}
2026-07-28T10:03:27.139424778Z Node N2 Cluster: commiting upto index 8
2026-07-28T10:03:27.139587832Z Node N10 Cluster: commiting upto index 8
2026-07-28T10:03:27.139725126Z Sending message to node N3: {"term":1,"senderId":"N2","success":true,"matchIndex":8,"level":"Cluster","type":"AppendEntriesReply","version":3}
2026-07-28T10:03:27.139841888Z Sending message to node N3: {"term":1,"senderId":"N10","success":true,"matchIndex":8,"level":"Cluster","type":"AppendEntriesReply","version":3}
2026-07-28T10:03:27.139907392Z Cluster: leader N3 received: {"term":1,"senderId":"N1","success":true,"matchIndex":8,"level":"Cluster","type":"AppendEntriesReply","version":3}
2026-07-28T10:03:27.140594264Z Cluster: leader N3 received: {"term":1,"senderId":"N2","success":true,"matchIndex":8,"level":"Cluster","type":"AppendEntriesReply","version":3}
2026-07-28T10:03:27.140835260Z Cluster: leader N3 received: {"term":1,"senderId":"N10","success":true,"matchIndex":8,"level":"Cluster","type":"AppendEntriesReply","version":3}
2026-07-28T10:03:28.117877855Z Cluster: Node N9 - Election timeout elapsed. starting election.
2026-07-28T10:03:28.118840195Z Cluster: Candidate N9 Broadcasting message to all nodes: {"term":2,"candidateId":"N9","lastLogIndex":8,"lastLogTerm":1,"level":"Cluster","type":"RequestVote","version":2}
2026-07-28T10:03:28.124000785Z Cluster: follower N2 received: {"term":2,"candidateId":"N9","lastLogIndex":8,"lastLogTerm":1,"level":"Cluster","type":"RequestVote","version":2}
2026-07-28T10:03:28.124025468Z Cluster: follower N1 received: {"term":2,"candidateId":"N9","lastLogIndex":8,"lastLogTerm":1,"level":"Cluster","type":"RequestVote","version":2}
2026-07-28T10:03:28.124107706Z Cluster: leader N3 received: {"term":2,"candidateId":"N9","lastLogIndex":8,"lastLogTerm":1,"level":"Cluster","type":"RequestVote","version":2}
2026-07-28T10:03:28.124143891Z Cluster: Follower N1 received: {"term":2,"candidateId":"N9","lastLogIndex":8,"lastLogTerm":1,"level":"Cluster","type":"RequestVote","version":2}
2026-07-28T10:03:28.124150513Z Cluster: Follower N2 received: {"term":2,"candidateId":"N9","lastLogIndex":8,"lastLogTerm":1,"level":"Cluster","type":"RequestVote","version":2}
2026-07-28T10:03:28.124227858Z Cluster: Follower N3 received: {"term":2,"candidateId":"N9","lastLogIndex":8,"lastLogTerm":1,"level":"Cluster","type":"RequestVote","version":2}
2026-07-28T10:03:28.125626712Z Cluster: follower N10 received: {"term":2,"candidateId":"N9","lastLogIndex":8,"lastLogTerm":1,"level":"Cluster","type":"RequestVote","version":2}
2026-07-28T10:03:28.125848261Z Cluster: Follower N10 received: {"term":2,"candidateId":"N9","lastLogIndex":8,"lastLogTerm":1,"level":"Cluster","type":"RequestVote","version":2}
2026-07-28T10:03:30.468849118Z Cluster: Node N3 - Election timeout elapsed. starting election.
2026-07-28T10:03:30.469198047Z Cluster: Candidate N3 Broadcasting message to all nodes: {"term":3,"candidateId":"N3","lastLogIndex":8,"lastLogTerm":1,"level":"Cluster","type":"RequestVote","version":3}
2026-07-28T10:03:30.470522858Z Cluster: follower N1 received: {"term":3,"candidateId":"N3","lastLogIndex":8,"lastLogTerm":1,"level":"Cluster","type":"RequestVote","version":3}
2026-07-28T10:03:30.470846728Z Cluster: Follower N1 received: {"term":3,"candidateId":"N3","lastLogIndex":8,"lastLogTerm":1,"level":"Cluster","type":"RequestVote","version":3}
2026-07-28T10:03:30.470965155Z Sending message to node N3: {"term":3,"senderId":"N1","voteGranted":true,"level":"Cluster","type":"RequestVoteReply","version":3}
2026-07-28T10:03:30.470921533Z Cluster: follower N2 received: {"term":3,"candidateId":"N3","lastLogIndex":8,"lastLogTerm":1,"level":"Cluster","type":"RequestVote","version":3}
2026-07-28T10:03:30.471083056Z Cluster: Follower N2 received: {"term":3,"candidateId":"N3","lastLogIndex":8,"lastLogTerm":1,"level":"Cluster","type":"RequestVote","version":3}
2026-07-28T10:03:30.471265897Z Sending message to node N3: {"term":3,"senderId":"N2","voteGranted":true,"level":"Cluster","type":"RequestVoteReply","version":3}
2026-07-28T10:03:30.472165973Z Cluster: candidate N3 received: {"term":3,"senderId":"N1","voteGranted":true,"level":"Cluster","type":"RequestVoteReply","version":3}
2026-07-28T10:03:30.472369479Z Cluster: candidate N3 received: {"term":3,"senderId":"N2","voteGranted":true,"level":"Cluster","type":"RequestVoteReply","version":3}
2026-07-28T10:03:30.472489848Z Cluster: Node N3 - Leader sending heartbeats.
2026-07-28T10:03:30.472528946Z Cluster: leader node: N3 broadcasting append entries message
2026-07-28T10:03:30.472596945Z Sending message to node N1: {"term":3,"leaderId":"N3","prevLogIndex":8,"prevLogTerm":1,"leaderCommit":8,"level":"Cluster","type":"AppendEntries","version":3}
2026-07-28T10:03:30.472985404Z Sending message to node N2: {"term":3,"leaderId":"N3","prevLogIndex":8,"prevLogTerm":1,"leaderCommit":8,"level":"Cluster","type":"AppendEntries","version":3}
2026-07-28T10:03:30.473223899Z Cluster: follower N1 received: {"term":3,"leaderId":"N3","prevLogIndex":8,"prevLogTerm":1,"leaderCommit":8,"level":"Cluster","type":"AppendEntries","version":3}
2026-07-28T10:03:30.473308799Z Sending message to node N10: {"term":3,"leaderId":"N3","prevLogIndex":8,"prevLogTerm":1,"leaderCommit":8,"level":"Cluster","type":"AppendEntries","version":3}
2026-07-28T10:03:30.473403293Z Node N1 Cluster: commiting upto index 8
2026-07-28T10:03:30.473486314Z Sending message to node N3: {"term":3,"senderId":"N1","success":true,"matchIndex":8,"level":"Cluster","type":"AppendEntriesReply","version":3}
2026-07-28T10:03:30.473775282Z Cluster: follower N2 received: {"term":3,"leaderId":"N3","prevLogIndex":8,"prevLogTerm":1,"leaderCommit":8,"level":"Cluster","type":"AppendEntries","version":3}
2026-07-28T10:03:30.473921760Z Node N2 Cluster: commiting upto index 8
2026-07-28T10:03:30.474011956Z Sending message to node N3: {"term":3,"senderId":"N2","success":true,"matchIndex":8,"level":"Cluster","type":"AppendEntriesReply","version":3}
2026-07-28T10:03:30.474346943Z Cluster: leader N3 received: {"term":3,"senderId":"N1","success":true,"matchIndex":8,"level":"Cluster","type":"AppendEntriesReply","version":3}
2026-07-28T10:03:30.474529139Z Cluster: leader N3 received: {"term":3,"senderId":"N2","success":true,"matchIndex":8,"level":"Cluster","type":"AppendEntriesReply","version":3}
2026-07-28T10:03:31.474873056Z Cluster: Node N3 - Leader sending heartbeats.
2026-07-28T10:03:31.475020066Z Cluster: leader node: N3 broadcasting append entries message
2026-07-28T10:03:31.475113590Z Sending message to node N1: {"term":3,"leaderId":"N3","prevLogIndex":8,"prevLogTerm":1,"leaderCommit":8,"level":"Cluster","type":"AppendEntries","version":3}
2026-07-28T10:03:31.475483551Z Sending message to node N2: {"term":3,"leaderId":"N3","prevLogIndex":8,"prevLogTerm":1,"leaderCommit":8,"level":"Cluster","type":"AppendEntries","version":3}
2026-07-28T10:03:31.475792921Z Sending message to node N10: {"term":3,"leaderId":"N3","prevLogIndex":8,"prevLogTerm":1,"leaderCommit":8,"level":"Cluster","type":"AppendEntries","version":3}
2026-07-28T10:03:31.475837283Z Cluster: follower N1 received: {"term":3,"leaderId":"N3","prevLogIndex":8,"prevLogTerm":1,"leaderCommit":8,"level":"Cluster","type":"AppendEntries","version":3}
2026-07-28T10:03:31.475965318Z Node N1 Cluster: commiting upto index 8
2026-07-28T10:03:31.476071338Z Sending message to node N3: {"term":3,"senderId":"N1","success":true,"matchIndex":8,"level":"Cluster","type":"AppendEntriesReply","version":3}
2026-07-28T10:03:31.476113763Z Cluster: follower N2 received: {"term":3,"leaderId":"N3","prevLogIndex":8,"prevLogTerm":1,"leaderCommit":8,"level":"Cluster","type":"AppendEntries","version":3}
2026-07-28T10:03:31.476267750Z Node N2 Cluster: commiting upto index 8
2026-07-28T10:03:31.476376543Z Sending message to node N3: {"term":3,"senderId":"N2","success":true,"matchIndex":8,"level":"Cluster","type":"AppendEntriesReply","version":3}
2026-07-28T10:03:31.476571873Z Cluster: leader N3 received: {"term":3,"senderId":"N1","success":true,"matchIndex":8,"level":"Cluster","type":"AppendEntriesReply","version":3}
2026-07-28T10:03:31.476914044Z Cluster: leader N3 received: {"term":3,"senderId":"N2","success":true,"matchIndex":8,"level":"Cluster","type":"AppendEntriesReply","version":3}
2026-07-28T10:03:32.477442537Z Cluster: Node N3 - Leader sending heartbeats.
2026-07-28T10:03:32.477870058Z Cluster: leader node: N3 broadcasting append entries message
2026-07-28T10:03:32.478194523Z Sending message to node N1: {"term":3,"leaderId":"N3","prevLogIndex":8,"prevLogTerm":1,"leaderCommit":8,"level":"Cluster","type":"AppendEntries","version":3}
2026-07-28T10:03:32.479067372Z Sending message to node N2: {"term":3,"leaderId":"N3","prevLogIndex":8,"prevLogTerm":1,"leaderCommit":8,"level":"Cluster","type":"AppendEntries","version":3}
2026-07-28T10:03:32.480488387Z Cluster: follower N1 received: {"term":3,"leaderId":"N3","prevLogIndex":8,"prevLogTerm":1,"leaderCommit":8,"level":"Cluster","type":"AppendEntries","version":3}
2026-07-28T10:03:32.480787957Z Node N1 Cluster: commiting upto index 8
2026-07-28T10:03:32.480909952Z Sending message to node N3: {"term":3,"senderId":"N1","success":true,"matchIndex":8,"level":"Cluster","type":"AppendEntriesReply","version":3}
2026-07-28T10:03:32.488323177Z Sending message to node N10: {"term":3,"leaderId":"N3","prevLogIndex":8,"prevLogTerm":1,"leaderCommit":8,"level":"Cluster","type":"AppendEntries","version":3}
2026-07-28T10:03:32.488796797Z Cluster: leader N3 received: {"term":3,"senderId":"N1","success":true,"matchIndex":8,"level":"Cluster","type":"AppendEntriesReply","version":3}
2026-07-28T10:03:32.489482734Z Cluster: follower N2 received: {"term":3,"leaderId":"N3","prevLogIndex":8,"prevLogTerm":1,"leaderCommit":8,"level":"Cluster","type":"AppendEntries","version":3}
2026-07-28T10:03:32.489615594Z Node N2 Cluster: commiting upto index 8
2026-07-28T10:03:32.489737366Z Sending message to node N3: {"term":3,"senderId":"N2","success":true,"matchIndex":8,"level":"Cluster","type":"AppendEntriesReply","version":3}
2026-07-28T10:03:32.491223001Z Cluster: leader N3 received: {"term":3,"senderId":"N2","success":true,"matchIndex":8,"level":"Cluster","type":"AppendEntriesReply","version":3}
2026-07-28T10:03:33.491771998Z Cluster: Node N3 - Leader sending heartbeats.
2026-07-28T10:03:33.491841844Z Cluster: leader node: N3 broadcasting append entries message
2026-07-28T10:03:33.491904903Z Sending message to node N1: {"term":3,"leaderId":"N3","prevLogIndex":8,"prevLogTerm":1,"leaderCommit":8,"level":"Cluster","type":"AppendEntries","version":3}
2026-07-28T10:03:33.492131629Z Sending message to node N2: {"term":3,"leaderId":"N3","prevLogIndex":8,"prevLogTerm":1,"leaderCommit":8,"level":"Cluster","type":"AppendEntries","version":3}
2026-07-28T10:03:33.492245936Z Sending message to node N10: {"term":3,"leaderId":"N3","prevLogIndex":8,"prevLogTerm":1,"leaderCommit":8,"level":"Cluster","type":"AppendEntries","version":3}
2026-07-28T10:03:33.492885741Z Cluster: follower N1 received: {"term":3,"leaderId":"N3","prevLogIndex":8,"prevLogTerm":1,"leaderCommit":8,"level":"Cluster","type":"AppendEntries","version":3}
2026-07-28T10:03:33.492913911Z Cluster: follower N2 received: {"term":3,"leaderId":"N3","prevLogIndex":8,"prevLogTerm":1,"leaderCommit":8,"level":"Cluster","type":"AppendEntries","version":3}
2026-07-28T10:03:33.492976669Z Node N2 Cluster: commiting upto index 8
2026-07-28T10:03:33.492975945Z Node N1 Cluster: commiting upto index 8
2026-07-28T10:03:33.493012014Z Sending message to node N3: {"term":3,"senderId":"N1","success":true,"matchIndex":8,"level":"Cluster","type":"AppendEntriesReply","version":3}
2026-07-28T10:03:33.493049170Z Sending message to node N3: {"term":3,"senderId":"N2","success":true,"matchIndex":8,"level":"Cluster","type":"AppendEntriesReply","version":3}
2026-07-28T10:03:33.493682025Z Cluster: leader N3 received: {"term":3,"senderId":"N1","success":true,"matchIndex":8,"level":"Cluster","type":"AppendEntriesReply","version":3}
2026-07-28T10:03:33.493741190Z Cluster: leader N3 received: {"term":3,"senderId":"N2","success":true,"matchIndex":8,"level":"Cluster","type":"AppendEntriesReply","version":3}
2026-07-28T10:03:34.494314982Z Cluster: Node N3 - Leader sending heartbeats.
2026-07-28T10:03:34.494680693Z Cluster: leader node: N3 broadcasting append entries message
2026-07-28T10:03:34.494928903Z Sending message to node N1: {"term":3,"leaderId":"N3","prevLogIndex":8,"prevLogTerm":1,"leaderCommit":8,"level":"Cluster","type":"AppendEntries","version":3}
2026-07-28T10:03:34.496238851Z Sending message to node N2: {"term":3,"leaderId":"N3","prevLogIndex":8,"prevLogTerm":1,"leaderCommit":8,"level":"Cluster","type":"AppendEntries","version":3}
2026-07-28T10:03:34.496881403Z Sending message to node N10: {"term":3,"leaderId":"N3","prevLogIndex":8,"prevLogTerm":1,"leaderCommit":8,"level":"Cluster","type":"AppendEntries","version":3}
2026-07-28T10:03:34.500259740Z Cluster: follower N1 received: {"term":3,"leaderId":"N3","prevLogIndex":8,"prevLogTerm":1,"leaderCommit":8,"level":"Cluster","type":"AppendEntries","version":3}
2026-07-28T10:03:34.500497746Z Node N1 Cluster: commiting upto index 8
2026-07-28T10:03:34.500678523Z Sending message to node N3: {"term":3,"senderId":"N1","success":true,"matchIndex":8,"level":"Cluster","type":"AppendEntriesReply","version":3}
2026-07-28T10:03:34.501011474Z Cluster: follower N2 received: {"term":3,"leaderId":"N3","prevLogIndex":8,"prevLogTerm":1,"leaderCommit":8,"level":"Cluster","type":"AppendEntries","version":3}
2026-07-28T10:03:34.501235283Z Node N2 Cluster: commiting upto index 8
2026-07-28T10:03:34.501357998Z Sending message to node N3: {"term":3,"senderId":"N2","success":true,"matchIndex":8,"level":"Cluster","type":"AppendEntriesReply","version":3}
2026-07-28T10:03:34.502097425Z Cluster: leader N3 received: {"term":3,"senderId":"N1","success":true,"matchIndex":8,"level":"Cluster","type":"AppendEntriesReply","version":3}
2026-07-28T10:03:34.502279067Z Cluster: leader N3 received: {"term":3,"senderId":"N2","success":true,"matchIndex":8,"level":"Cluster","type":"AppendEntriesReply","version":3}
2026-07-28T10:03:35.502862018Z Cluster: Node N3 - Leader sending heartbeats.
2026-07-28T10:03:35.503202804Z Cluster: leader node: N3 broadcasting append entries message
2026-07-28T10:03:35.503505895Z Sending message to node N1: {"term":3,"leaderId":"N3","prevLogIndex":8,"prevLogTerm":1,"leaderCommit":8,"level":"Cluster","type":"AppendEntries","version":3}
2026-07-28T10:03:35.504541441Z Sending message to node N2: {"term":3,"leaderId":"N3","prevLogIndex":8,"prevLogTerm":1,"leaderCommit":8,"level":"Cluster","type":"AppendEntries","version":3}
2026-07-28T10:03:35.505245655Z Sending message to node N10: {"term":3,"leaderId":"N3","prevLogIndex":8,"prevLogTerm":1,"leaderCommit":8,"level":"Cluster","type":"AppendEntries","version":3}
2026-07-28T10:03:35.507475251Z Cluster: follower N1 received: {"term":3,"leaderId":"N3","prevLogIndex":8,"prevLogTerm":1,"leaderCommit":8,"level":"Cluster","type":"AppendEntries","version":3}
2026-07-28T10:03:35.507882282Z Node N1 Cluster: commiting upto index 8
2026-07-28T10:03:35.508000810Z Sending message to node N3: {"term":3,"senderId":"N1","success":true,"matchIndex":8,"level":"Cluster","type":"AppendEntriesReply","version":3}
2026-07-28T10:03:35.508072030Z Cluster: follower N2 received: {"term":3,"leaderId":"N3","prevLogIndex":8,"prevLogTerm":1,"leaderCommit":8,"level":"Cluster","type":"AppendEntries","version":3}
2026-07-28T10:03:35.508241240Z Node N2 Cluster: commiting upto index 8
2026-07-28T10:03:35.508419817Z Sending message to node N3: {"term":3,"senderId":"N2","success":true,"matchIndex":8,"level":"Cluster","type":"AppendEntriesReply","version":3}
2026-07-28T10:03:35.509410068Z Cluster: leader N3 received: {"term":3,"senderId":"N1","success":true,"matchIndex":8,"level":"Cluster","type":"AppendEntriesReply","version":3}
2026-07-28T10:03:35.527918795Z Cluster: leader N3 received: {"term":3,"senderId":"N2","success":true,"matchIndex":8,"level":"Cluster","type":"AppendEntriesReply","version":3}
2026-07-28T10:03:36.528480628Z Cluster: Node N3 - Leader sending heartbeats.
2026-07-28T10:03:36.528898989Z Cluster: leader node: N3 broadcasting append entries message
2026-07-28T10:03:36.529218543Z Sending message to node N1: {"term":3,"leaderId":"N3","prevLogIndex":8,"prevLogTerm":1,"leaderCommit":8,"level":"Cluster","type":"AppendEntries","version":3}
2026-07-28T10:03:36.530962262Z Sending message to node N2: {"term":3,"leaderId":"N3","prevLogIndex":8,"prevLogTerm":1,"leaderCommit":8,"level":"Cluster","type":"AppendEntries","version":3}
2026-07-28T10:03:36.532024236Z Sending message to node N10: {"term":3,"leaderId":"N3","prevLogIndex":8,"prevLogTerm":1,"leaderCommit":8,"level":"Cluster","type":"AppendEntries","version":3}
2026-07-28T10:03:36.535582192Z Cluster: follower N1 received: {"term":3,"leaderId":"N3","prevLogIndex":8,"prevLogTerm":1,"leaderCommit":8,"level":"Cluster","type":"AppendEntries","version":3}
2026-07-28T10:03:36.535962194Z Node N1 Cluster: commiting upto index 8
2026-07-28T10:03:36.536064629Z Cluster: follower N2 received: {"term":3,"leaderId":"N3","prevLogIndex":8,"prevLogTerm":1,"leaderCommit":8,"level":"Cluster","type":"AppendEntries","version":3}
2026-07-28T10:03:36.536155694Z Sending message to node N3: {"term":3,"senderId":"N1","success":true,"matchIndex":8,"level":"Cluster","type":"AppendEntriesReply","version":3}
2026-07-28T10:03:36.536223526Z Node N2 Cluster: commiting upto index 8
2026-07-28T10:03:36.536336283Z Sending message to node N3: {"term":3,"senderId":"N2","success":true,"matchIndex":8,"level":"Cluster","type":"AppendEntriesReply","version":3}
2026-07-28T10:03:36.537466242Z Cluster: leader N3 received: {"term":3,"senderId":"N1","success":true,"matchIndex":8,"level":"Cluster","type":"AppendEntriesReply","version":3}
2026-07-28T10:03:36.537657233Z Cluster: leader N3 received: {"term":3,"senderId":"N2","success":true,"matchIndex":8,"level":"Cluster","type":"AppendEntriesReply","version":3}
2026-07-28T10:03:37.538122935Z Cluster: Node N3 - Leader sending heartbeats.
2026-07-28T10:03:37.538565001Z Cluster: leader node: N3 broadcasting append entries message
2026-07-28T10:03:37.538928614Z Sending message to node N1: {"term":3,"leaderId":"N3","prevLogIndex":8,"prevLogTerm":1,"leaderCommit":8,"level":"Cluster","type":"AppendEntries","version":3}
2026-07-28T10:03:37.540168465Z Sending message to node N2: {"term":3,"leaderId":"N3","prevLogIndex":8,"prevLogTerm":1,"leaderCommit":8,"level":"Cluster","type":"AppendEntries","version":3}
2026-07-28T10:03:37.546695286Z Cluster: follower N1 received: {"term":3,"leaderId":"N3","prevLogIndex":8,"prevLogTerm":1,"leaderCommit":8,"level":"Cluster","type":"AppendEntries","version":3}
2026-07-28T10:03:37.546879459Z Node N1 Cluster: commiting upto index 8
2026-07-28T10:03:37.546988102Z Sending message to node N3: {"term":3,"senderId":"N1","success":true,"matchIndex":8,"level":"Cluster","type":"AppendEntriesReply","version":3}
2026-07-28T10:03:37.547928662Z Sending message to node N10: {"term":3,"leaderId":"N3","prevLogIndex":8,"prevLogTerm":1,"leaderCommit":8,"level":"Cluster","type":"AppendEntries","version":3}
2026-07-28T10:03:37.548330073Z Cluster: leader N3 received: {"term":3,"senderId":"N1","success":true,"matchIndex":8,"level":"Cluster","type":"AppendEntriesReply","version":3}
2026-07-28T10:03:37.548553633Z Cluster: follower N2 received: {"term":3,"leaderId":"N3","prevLogIndex":8,"prevLogTerm":1,"leaderCommit":8,"level":"Cluster","type":"AppendEntries","version":3}
2026-07-28T10:03:37.548705281Z Node N2 Cluster: commiting upto index 8
2026-07-28T10:03:37.548782682Z Sending message to node N3: {"term":3,"senderId":"N2","success":true,"matchIndex":8,"level":"Cluster","type":"AppendEntriesReply","version":3}
2026-07-28T10:03:37.549919428Z Cluster: leader N3 received: {"term":3,"senderId":"N2","success":true,"matchIndex":8,"level":"Cluster","type":"AppendEntriesReply","version":3}
2026-07-28T10:03:38.550165503Z Cluster: Node N3 - Leader sending heartbeats.
2026-07-28T10:03:38.550277123Z Cluster: leader node: N3 broadcasting append entries message
2026-07-28T10:03:38.550360329Z Sending message to node N1: {"term":3,"leaderId":"N3","prevLogIndex":8,"prevLogTerm":1,"leaderCommit":8,"level":"Cluster","type":"AppendEntries","version":3}
2026-07-28T10:03:38.550567099Z Sending message to node N2: {"term":3,"leaderId":"N3","prevLogIndex":8,"prevLogTerm":1,"leaderCommit":8,"level":"Cluster","type":"AppendEntries","version":3}
2026-07-28T10:03:38.550683535Z Sending message to node N10: {"term":3,"leaderId":"N3","prevLogIndex":8,"prevLogTerm":1,"leaderCommit":8,"level":"Cluster","type":"AppendEntries","version":3}
2026-07-28T10:03:38.550752539Z Cluster: follower N1 received: {"term":3,"leaderId":"N3","prevLogIndex":8,"prevLogTerm":1,"leaderCommit":8,"level":"Cluster","type":"AppendEntries","version":3}
2026-07-28T10:03:38.550855260Z Node N1 Cluster: commiting upto index 8
2026-07-28T10:03:38.550907356Z Sending message to node N3: {"term":3,"senderId":"N1","success":true,"matchIndex":8,"level":"Cluster","type":"AppendEntriesReply","version":3}
2026-07-28T10:03:38.550987263Z Cluster: follower N2 received: {"term":3,"leaderId":"N3","prevLogIndex":8,"prevLogTerm":1,"leaderCommit":8,"level":"Cluster","type":"AppendEntries","version":3}
2026-07-28T10:03:38.551091663Z Node N2 Cluster: commiting upto index 8
2026-07-28T10:03:38.551155926Z Sending message to node N3: {"term":3,"senderId":"N2","success":true,"matchIndex":8,"level":"Cluster","type":"AppendEntriesReply","version":3}
2026-07-28T10:03:38.551258206Z Cluster: leader N3 received: {"term":3,"senderId":"N1","success":true,"matchIndex":8,"level":"Cluster","type":"AppendEntriesReply","version":3}
2026-07-28T10:03:38.551473776Z Cluster: leader N3 received: {"term":3,"senderId":"N2","success":true,"matchIndex":8,"level":"Cluster","type":"AppendEntriesReply","version":3}
2026-07-28T10:03:39.551972534Z Cluster: Node N3 - Leader sending heartbeats.
2026-07-28T10:03:39.552208941Z Cluster: leader node: N3 broadcasting append entries message
2026-07-28T10:03:39.552377649Z Sending message to node N1: {"term":3,"leaderId":"N3","prevLogIndex":8,"prevLogTerm":1,"leaderCommit":8,"level":"Cluster","type":"AppendEntries","version":3}
2026-07-28T10:03:39.552951862Z Sending message to node N2: {"term":3,"leaderId":"N3","prevLogIndex":8,"prevLogTerm":1,"leaderCommit":8,"level":"Cluster","type":"AppendEntries","version":3}
2026-07-28T10:03:39.553327673Z Sending message to node N10: {"term":3,"leaderId":"N3","prevLogIndex":8,"prevLogTerm":1,"leaderCommit":8,"level":"Cluster","type":"AppendEntries","version":3}
2026-07-28T10:03:39.555249921Z Cluster: follower N1 received: {"term":3,"leaderId":"N3","prevLogIndex":8,"prevLogTerm":1,"leaderCommit":8,"level":"Cluster","type":"AppendEntries","version":3}
2026-07-28T10:03:39.555659524Z Node N1 Cluster: commiting upto index 8
2026-07-28T10:03:39.555878340Z Sending message to node N3: {"term":3,"senderId":"N1","success":true,"matchIndex":8,"level":"Cluster","type":"AppendEntriesReply","version":3}
2026-07-28T10:03:39.559431792Z Cluster: follower N2 received: {"term":3,"leaderId":"N3","prevLogIndex":8,"prevLogTerm":1,"leaderCommit":8,"level":"Cluster","type":"AppendEntries","version":3}
2026-07-28T10:03:39.559545200Z Node N2 Cluster: commiting upto index 8
2026-07-28T10:03:39.559609638Z Sending message to node N3: {"term":3,"senderId":"N2","success":true,"matchIndex":8,"level":"Cluster","type":"AppendEntriesReply","version":3}
2026-07-28T10:03:39.560207916Z Cluster: leader N3 received: {"term":3,"senderId":"N1","success":true,"matchIndex":8,"level":"Cluster","type":"AppendEntriesReply","version":3}
2026-07-28T10:03:39.560317116Z Cluster: leader N3 received: {"term":3,"senderId":"N2","success":true,"matchIndex":8,"level":"Cluster","type":"AppendEntriesReply","version":3}
2026-07-28T10:03:40.560859793Z Cluster: Node N3 - Leader sending heartbeats.
2026-07-28T10:03:40.561205847Z Cluster: leader node: N3 broadcasting append entries message
2026-07-28T10:03:40.561602660Z Sending message to node N1: {"term":3,"leaderId":"N3","prevLogIndex":8,"prevLogTerm":1,"leaderCommit":8,"level":"Cluster","type":"AppendEntries","version":3}
2026-07-28T10:03:40.562588550Z Sending message to node N2: {"term":3,"leaderId":"N3","prevLogIndex":8,"prevLogTerm":1,"leaderCommit":8,"level":"Cluster","type":"AppendEntries","version":3}
2026-07-28T10:03:40.563188055Z Sending message to node N10: {"term":3,"leaderId":"N3","prevLogIndex":8,"prevLogTerm":1,"leaderCommit":8,"level":"Cluster","type":"AppendEntries","version":3}
2026-07-28T10:03:40.563979876Z Cluster: follower N1 received: {"term":3,"leaderId":"N3","prevLogIndex":8,"prevLogTerm":1,"leaderCommit":8,"level":"Cluster","type":"AppendEntries","version":3}
2026-07-28T10:03:40.564243745Z Cluster: follower N2 received: {"term":3,"leaderId":"N3","prevLogIndex":8,"prevLogTerm":1,"leaderCommit":8,"level":"Cluster","type":"AppendEntries","version":3}
2026-07-28T10:03:40.564323957Z Node N1 Cluster: commiting upto index 8
2026-07-28T10:03:40.564443455Z Sending message to node N3: {"term":3,"senderId":"N1","success":true,"matchIndex":8,"level":"Cluster","type":"AppendEntriesReply","version":3}
2026-07-28T10:03:40.564553108Z Node N2 Cluster: commiting upto index 8
2026-07-28T10:03:40.564690871Z Sending message to node N3: {"term":3,"senderId":"N2","success":true,"matchIndex":8,"level":"Cluster","type":"AppendEntriesReply","version":3}
2026-07-28T10:03:40.565861997Z Cluster: leader N3 received: {"term":3,"senderId":"N1","success":true,"matchIndex":8,"level":"Cluster","type":"AppendEntriesReply","version":3}
2026-07-28T10:03:40.566105973Z Cluster: leader N3 received: {"term":3,"senderId":"N2","success":true,"matchIndex":8,"level":"Cluster","type":"AppendEntriesReply","version":3}
2026-07-28T10:03:41.566619115Z Cluster: Node N3 - Leader sending heartbeats.
2026-07-28T10:03:41.567048639Z Cluster: leader node: N3 broadcasting append entries message
2026-07-28T10:03:41.567315562Z Sending message to node N1: {"term":3,"leaderId":"N3","prevLogIndex":8,"prevLogTerm":1,"leaderCommit":8,"level":"Cluster","type":"AppendEntries","version":3}
2026-07-28T10:03:41.568257753Z Sending message to node N2: {"term":3,"leaderId":"N3","prevLogIndex":8,"prevLogTerm":1,"leaderCommit":8,"level":"Cluster","type":"AppendEntries","version":3}
2026-07-28T10:03:41.568828591Z Sending message to node N10: {"term":3,"leaderId":"N3","prevLogIndex":8,"prevLogTerm":1,"leaderCommit":8,"level":"Cluster","type":"AppendEntries","version":3}
2026-07-28T10:03:41.570461224Z Cluster: follower N1 received: {"term":3,"leaderId":"N3","prevLogIndex":8,"prevLogTerm":1,"leaderCommit":8,"level":"Cluster","type":"AppendEntries","version":3}
2026-07-28T10:03:41.570762665Z Node N1 Cluster: commiting upto index 8
2026-07-28T10:03:41.570885508Z Sending message to node N3: {"term":3,"senderId":"N1","success":true,"matchIndex":8,"level":"Cluster","type":"AppendEntriesReply","version":3}
2026-07-28T10:03:41.572397425Z Cluster: follower N2 received: {"term":3,"leaderId":"N3","prevLogIndex":8,"prevLogTerm":1,"leaderCommit":8,"level":"Cluster","type":"AppendEntries","version":3}
2026-07-28T10:03:41.572444514Z Cluster: leader N3 received: {"term":3,"senderId":"N1","success":true,"matchIndex":8,"level":"Cluster","type":"AppendEntriesReply","version":3}
2026-07-28T10:03:41.572653949Z Node N2 Cluster: commiting upto index 8
2026-07-28T10:03:41.572776327Z Sending message to node N3: {"term":3,"senderId":"N2","success":true,"matchIndex":8,"level":"Cluster","type":"AppendEntriesReply","version":3}
2026-07-28T10:03:41.576058310Z Cluster: leader N3 received: {"term":3,"senderId":"N2","success":true,"matchIndex":8,"level":"Cluster","type":"AppendEntriesReply","version":3}
2026-07-28T10:03:42.576698158Z Cluster: Node N3 - Leader sending heartbeats.
2026-07-28T10:03:42.577061392Z Cluster: leader node: N3 broadcasting append entries message
2026-07-28T10:03:42.577394249Z Sending message to node N1: {"term":3,"leaderId":"N3","prevLogIndex":8,"prevLogTerm":1,"leaderCommit":8,"level":"Cluster","type":"AppendEntries","version":3}
2026-07-28T10:03:42.578239384Z Sending message to node N2: {"term":3,"leaderId":"N3","prevLogIndex":8,"prevLogTerm":1,"leaderCommit":8,"level":"Cluster","type":"AppendEntries","version":3}
2026-07-28T10:03:42.581025746Z Sending message to node N10: {"term":3,"leaderId":"N3","prevLogIndex":8,"prevLogTerm":1,"leaderCommit":8,"level":"Cluster","type":"AppendEntries","version":3}
2026-07-28T10:03:42.582784591Z Cluster: follower N2 received: {"term":3,"leaderId":"N3","prevLogIndex":8,"prevLogTerm":1,"leaderCommit":8,"level":"Cluster","type":"AppendEntries","version":3}
2026-07-28T10:03:42.583056785Z Node N2 Cluster: commiting upto index 8
2026-07-28T10:03:42.583173034Z Sending message to node N3: {"term":3,"senderId":"N2","success":true,"matchIndex":8,"level":"Cluster","type":"AppendEntriesReply","version":3}
2026-07-28T10:03:42.584650133Z Cluster: leader N3 received: {"term":3,"senderId":"N2","success":true,"matchIndex":8,"level":"Cluster","type":"AppendEntriesReply","version":3}
2026-07-28T10:03:42.580101192Z Cluster: follower N1 received: {"term":3,"leaderId":"N3","prevLogIndex":8,"prevLogTerm":1,"leaderCommit":8,"level":"Cluster","type":"AppendEntries","version":3}
2026-07-28T10:03:42.592187980Z Node N1 Cluster: commiting upto index 8
2026-07-28T10:03:42.592374352Z Sending message to node N3: {"term":3,"senderId":"N1","success":true,"matchIndex":8,"level":"Cluster","type":"AppendEntriesReply","version":3}
2026-07-28T10:03:42.593361448Z Cluster: leader N3 received: {"term":3,"senderId":"N1","success":true,"matchIndex":8,"level":"Cluster","type":"AppendEntriesReply","version":3}
2026-07-28T10:03:43.593825889Z Cluster: Node N3 - Leader sending heartbeats.
2026-07-28T10:03:43.594189466Z Cluster: leader node: N3 broadcasting append entries message
2026-07-28T10:03:43.594456114Z Sending message to node N1: {"term":3,"leaderId":"N3","prevLogIndex":8,"prevLogTerm":1,"leaderCommit":8,"level":"Cluster","type":"AppendEntries","version":3}
2026-07-28T10:03:43.595334722Z Sending message to node N2: {"term":3,"leaderId":"N3","prevLogIndex":8,"prevLogTerm":1,"leaderCommit":8,"level":"Cluster","type":"AppendEntries","version":3}
2026-07-28T10:03:43.596160098Z Sending message to node N10: {"term":3,"leaderId":"N3","prevLogIndex":8,"prevLogTerm":1,"leaderCommit":8,"level":"Cluster","type":"AppendEntries","version":3}
2026-07-28T10:03:43.596308248Z Cluster: follower N1 received: {"term":3,"leaderId":"N3","prevLogIndex":8,"prevLogTerm":1,"leaderCommit":8,"level":"Cluster","type":"AppendEntries","version":3}
2026-07-28T10:03:43.596571156Z Node N1 Cluster: commiting upto index 8
2026-07-28T10:03:43.596736454Z Cluster: follower N2 received: {"term":3,"leaderId":"N3","prevLogIndex":8,"prevLogTerm":1,"leaderCommit":8,"level":"Cluster","type":"AppendEntries","version":3}
2026-07-28T10:03:43.596805575Z Sending message to node N3: {"term":3,"senderId":"N1","success":true,"matchIndex":8,"level":"Cluster","type":"AppendEntriesReply","version":3}
2026-07-28T10:03:43.597041353Z Node N2 Cluster: commiting upto index 8
2026-07-28T10:03:43.597286694Z Sending message to node N3: {"term":3,"senderId":"N2","success":true,"matchIndex":8,"level":"Cluster","type":"AppendEntriesReply","version":3}
2026-07-28T10:03:43.597844016Z Cluster: leader N3 received: {"term":3,"senderId":"N1","success":true,"matchIndex":8,"level":"Cluster","type":"AppendEntriesReply","version":3}
2026-07-28T10:03:43.598108472Z Cluster: leader N3 received: {"term":3,"senderId":"N2","success":true,"matchIndex":8,"level":"Cluster","type":"AppendEntriesReply","version":3}
2026-07-28T10:03:44.598591322Z Cluster: Node N3 - Leader sending heartbeats.
2026-07-28T10:03:44.598983750Z Cluster: leader node: N3 broadcasting append entries message
2026-07-28T10:03:44.599247369Z Sending message to node N1: {"term":3,"leaderId":"N3","prevLogIndex":8,"prevLogTerm":1,"leaderCommit":8,"level":"Cluster","type":"AppendEntries","version":3}
2026-07-28T10:03:44.600196972Z Sending message to node N2: {"term":3,"leaderId":"N3","prevLogIndex":8,"prevLogTerm":1,"leaderCommit":8,"level":"Cluster","type":"AppendEntries","version":3}
2026-07-28T10:03:44.600857186Z Sending message to node N10: {"term":3,"leaderId":"N3","prevLogIndex":8,"prevLogTerm":1,"leaderCommit":8,"level":"Cluster","type":"AppendEntries","version":3}
2026-07-28T10:03:44.604254043Z Cluster: follower N2 received: {"term":3,"leaderId":"N3","prevLogIndex":8,"prevLogTerm":1,"leaderCommit":8,"level":"Cluster","type":"AppendEntries","version":3}
2026-07-28T10:03:44.604588124Z Node N2 Cluster: commiting upto index 8
2026-07-28T10:03:44.604717676Z Sending message to node N3: {"term":3,"senderId":"N2","success":true,"matchIndex":8,"level":"Cluster","type":"AppendEntriesReply","version":3}
2026-07-28T10:03:44.606014Z Cluster: follower N1 received: {"term":3,"leaderId":"N3","prevLogIndex":8,"prevLogTerm":1,"leaderCommit":8,"level":"Cluster","type":"AppendEntries","version":3}
2026-07-28T10:03:44.606151415Z Node N1 Cluster: commiting upto index 8
2026-07-28T10:03:44.606224581Z Sending message to node N3: {"term":3,"senderId":"N1","success":true,"matchIndex":8,"level":"Cluster","type":"AppendEntriesReply","version":3}
2026-07-28T10:03:44.607301444Z Cluster: leader N3 received: {"term":3,"senderId":"N2","success":true,"matchIndex":8,"level":"Cluster","type":"AppendEntriesReply","version":3}
2026-07-28T10:03:44.607526795Z Cluster: leader N3 received: {"term":3,"senderId":"N1","success":true,"matchIndex":8,"level":"Cluster","type":"AppendEntriesReply","version":3}
2026-07-28T10:03:45.608030879Z Cluster: Node N3 - Leader sending heartbeats.
2026-07-28T10:03:45.608393556Z Cluster: leader node: N3 broadcasting append entries message
2026-07-28T10:03:45.608645851Z Sending message to node N1: {"term":3,"leaderId":"N3","prevLogIndex":8,"prevLogTerm":1,"leaderCommit":8,"level":"Cluster","type":"AppendEntries","version":3}
2026-07-28T10:03:45.609472018Z Sending message to node N2: {"term":3,"leaderId":"N3","prevLogIndex":8,"prevLogTerm":1,"leaderCommit":8,"level":"Cluster","type":"AppendEntries","version":3}
2026-07-28T10:03:45.610044890Z Sending message to node N10: {"term":3,"leaderId":"N3","prevLogIndex":8,"prevLogTerm":1,"leaderCommit":8,"level":"Cluster","type":"AppendEntries","version":3}
2026-07-28T10:03:45.610451166Z Cluster: follower N1 received: {"term":3,"leaderId":"N3","prevLogIndex":8,"prevLogTerm":1,"leaderCommit":8,"level":"Cluster","type":"AppendEntries","version":3}
2026-07-28T10:03:45.610728401Z Node N1 Cluster: commiting upto index 8
2026-07-28T10:03:45.611018452Z Sending message to node N3: {"term":3,"senderId":"N1","success":true,"matchIndex":8,"level":"Cluster","type":"AppendEntriesReply","version":3}
2026-07-28T10:03:45.612124564Z Cluster: follower N2 received: {"term":3,"leaderId":"N3","prevLogIndex":8,"prevLogTerm":1,"leaderCommit":8,"level":"Cluster","type":"AppendEntries","version":3}
2026-07-28T10:03:45.612395473Z Node N2 Cluster: commiting upto index 8
2026-07-28T10:03:45.612539568Z Sending message to node N3: {"term":3,"senderId":"N2","success":true,"matchIndex":8,"level":"Cluster","type":"AppendEntriesReply","version":3}
2026-07-28T10:03:45.612809869Z Cluster: leader N3 received: {"term":3,"senderId":"N1","success":true,"matchIndex":8,"level":"Cluster","type":"AppendEntriesReply","version":3}
2026-07-28T10:03:45.613602559Z Cluster: leader N3 received: {"term":3,"senderId":"N2","success":true,"matchIndex":8,"level":"Cluster","type":"AppendEntriesReply","version":3}
2026-07-28T10:03:49.019275515Z Cluster: Node N3 - Leader sending heartbeats.
2026-07-28T10:03:49.019617522Z Cluster: leader node: N3 broadcasting append entries message
2026-07-28T10:03:49.019866188Z Sending message to node N1: {"term":3,"leaderId":"N3","prevLogIndex":8,"prevLogTerm":1,"leaderCommit":8,"level":"Cluster","type":"AppendEntries","version":3}
2026-07-28T10:03:49.020666136Z Sending message to node N2: {"term":3,"leaderId":"N3","prevLogIndex":8,"prevLogTerm":1,"leaderCommit":8,"level":"Cluster","type":"AppendEntries","version":3}
2026-07-28T10:03:49.021366665Z Sending message to node N10: {"term":3,"leaderId":"N3","prevLogIndex":8,"prevLogTerm":1,"leaderCommit":8,"level":"Cluster","type":"AppendEntries","version":3}
2026-07-28T10:03:49.023201137Z Cluster: follower N1 received: {"term":3,"leaderId":"N3","prevLogIndex":8,"prevLogTerm":1,"leaderCommit":8,"level":"Cluster","type":"AppendEntries","version":3}
2026-07-28T10:03:49.023542825Z Node N1 Cluster: commiting upto index 8
2026-07-28T10:03:49.023701822Z Sending message to node N3: {"term":3,"senderId":"N1","success":true,"matchIndex":8,"level":"Cluster","type":"AppendEntriesReply","version":3}
2026-07-28T10:03:49.025979248Z Cluster: follower N2 received: {"term":3,"leaderId":"N3","prevLogIndex":8,"prevLogTerm":1,"leaderCommit":8,"level":"Cluster","type":"AppendEntries","version":3}
2026-07-28T10:03:49.026212640Z Node N2 Cluster: commiting upto index 8
2026-07-28T10:03:49.026344062Z Sending message to node N3: {"term":3,"senderId":"N2","success":true,"matchIndex":8,"level":"Cluster","type":"AppendEntriesReply","version":3}
2026-07-28T10:03:49.026538966Z Cluster: leader N3 received: {"term":3,"senderId":"N1","success":true,"matchIndex":8,"level":"Cluster","type":"AppendEntriesReply","version":3}
2026-07-28T10:03:49.027225850Z Cluster: leader N3 received: {"term":3,"senderId":"N2","success":true,"matchIndex":8,"level":"Cluster","type":"AppendEntriesReply","version":3}
2026-07-28T10:03:50.028118084Z Cluster: Node N3 - Leader sending heartbeats.
2026-07-28T10:03:50.028516680Z Cluster: leader node: N3 broadcasting append entries message
2026-07-28T10:03:50.029030997Z Sending message to node N1: {"term":3,"leaderId":"N3","prevLogIndex":8,"prevLogTerm":1,"leaderCommit":8,"level":"Cluster","type":"AppendEntries","version":3}
2026-07-28T10:03:50.030132456Z Sending message to node N2: {"term":3,"leaderId":"N3","prevLogIndex":8,"prevLogTerm":1,"leaderCommit":8,"level":"Cluster","type":"AppendEntries","version":3}
2026-07-28T10:03:50.030866455Z Sending message to node N10: {"term":3,"leaderId":"N3","prevLogIndex":8,"prevLogTerm":1,"leaderCommit":8,"level":"Cluster","type":"AppendEntries","version":3}
2026-07-28T10:03:50.033219660Z Cluster: follower N2 received: {"term":3,"leaderId":"N3","prevLogIndex":8,"prevLogTerm":1,"leaderCommit":8,"level":"Cluster","type":"AppendEntries","version":3}
2026-07-28T10:03:50.033343498Z Cluster: follower N1 received: {"term":3,"leaderId":"N3","prevLogIndex":8,"prevLogTerm":1,"leaderCommit":8,"level":"Cluster","type":"AppendEntries","version":3}
2026-07-28T10:03:50.033505305Z Node N2 Cluster: commiting upto index 8
2026-07-28T10:03:50.033531505Z Node N1 Cluster: commiting upto index 8
2026-07-28T10:03:50.033666893Z Sending message to node N3: {"term":3,"senderId":"N2","success":true,"matchIndex":8,"level":"Cluster","type":"AppendEntriesReply","version":3}
2026-07-28T10:03:50.033696773Z Sending message to node N3: {"term":3,"senderId":"N1","success":true,"matchIndex":8,"level":"Cluster","type":"AppendEntriesReply","version":3}
2026-07-28T10:03:50.035150611Z Cluster: leader N3 received: {"term":3,"senderId":"N1","success":true,"matchIndex":8,"level":"Cluster","type":"AppendEntriesReply","version":3}
2026-07-28T10:03:50.035373074Z Cluster: leader N3 received: {"term":3,"senderId":"N2","success":true,"matchIndex":8,"level":"Cluster","type":"AppendEntriesReply","version":3}
2026-07-28T10:03:51.035785257Z Cluster: Node N3 - Leader sending heartbeats.
2026-07-28T10:03:51.036019837Z Cluster: leader node: N3 broadcasting append entries message
2026-07-28T10:03:51.036174497Z Sending message to node N1: {"term":3,"leaderId":"N3","prevLogIndex":8,"prevLogTerm":1,"leaderCommit":8,"level":"Cluster","type":"AppendEntries","version":3}
2026-07-28T10:03:51.036686263Z Sending message to node N2: {"term":3,"leaderId":"N3","prevLogIndex":8,"prevLogTerm":1,"leaderCommit":8,"level":"Cluster","type":"AppendEntries","version":3}
2026-07-28T10:03:51.037228230Z Sending message to node N10: {"term":3,"leaderId":"N3","prevLogIndex":8,"prevLogTerm":1,"leaderCommit":8,"level":"Cluster","type":"AppendEntries","version":3}
2026-07-28T10:03:51.037402994Z Cluster: follower N1 received: {"term":3,"leaderId":"N3","prevLogIndex":8,"prevLogTerm":1,"leaderCommit":8,"level":"Cluster","type":"AppendEntries","version":3}
2026-07-28T10:03:51.037579508Z Node N1 Cluster: commiting upto index 8
2026-07-28T10:03:51.037663769Z Sending message to node N3: {"term":3,"senderId":"N1","success":true,"matchIndex":8,"level":"Cluster","type":"AppendEntriesReply","version":3}
2026-07-28T10:03:51.038047867Z Cluster: follower N2 received: {"term":3,"leaderId":"N3","prevLogIndex":8,"prevLogTerm":1,"leaderCommit":8,"level":"Cluster","type":"AppendEntries","version":3}
2026-07-28T10:03:51.038405290Z Node N2 Cluster: commiting upto index 8
2026-07-28T10:03:51.038507502Z Sending message to node N3: {"term":3,"senderId":"N2","success":true,"matchIndex":8,"level":"Cluster","type":"AppendEntriesReply","version":3}
2026-07-28T10:03:51.039218039Z Cluster: leader N3 received: {"term":3,"senderId":"N2","success":true,"matchIndex":8,"level":"Cluster","type":"AppendEntriesReply","version":3}
2026-07-28T10:03:51.040011606Z Cluster: leader N3 received: {"term":3,"senderId":"N1","success":true,"matchIndex":8,"level":"Cluster","type":"AppendEntriesReply","version":3}
2026-07-28T10:03:52.040417424Z Cluster: Node N3 - Leader sending heartbeats.
2026-07-28T10:03:52.040569702Z Cluster: leader node: N3 broadcasting append entries message
2026-07-28T10:03:52.040650952Z Sending message to node N1: {"term":3,"leaderId":"N3","prevLogIndex":8,"prevLogTerm":1,"leaderCommit":8,"level":"Cluster","type":"AppendEntries","version":3}
2026-07-28T10:03:52.041351015Z Sending message to node N2: {"term":3,"leaderId":"N3","prevLogIndex":8,"prevLogTerm":1,"leaderCommit":8,"level":"Cluster","type":"AppendEntries","version":3}
2026-07-28T10:03:52.041843514Z Sending message to node N10: {"term":3,"leaderId":"N3","prevLogIndex":8,"prevLogTerm":1,"leaderCommit":8,"level":"Cluster","type":"AppendEntries","version":3}
2026-07-28T10:03:52.042115918Z Cluster: follower N1 received: {"term":3,"leaderId":"N3","prevLogIndex":8,"prevLogTerm":1,"leaderCommit":8,"level":"Cluster","type":"AppendEntries","version":3}
2026-07-28T10:03:52.042289537Z Node N1 Cluster: commiting upto index 8
2026-07-28T10:03:52.042357398Z Sending message to node N3: {"term":3,"senderId":"N1","success":true,"matchIndex":8,"level":"Cluster","type":"AppendEntriesReply","version":3}
2026-07-28T10:03:52.042828009Z Cluster: follower N2 received: {"term":3,"leaderId":"N3","prevLogIndex":8,"prevLogTerm":1,"leaderCommit":8,"level":"Cluster","type":"AppendEntries","version":3}
2026-07-28T10:03:52.042956767Z Node N2 Cluster: commiting upto index 8
2026-07-28T10:03:52.042982685Z Cluster: leader N3 received: {"term":3,"senderId":"N1","success":true,"matchIndex":8,"level":"Cluster","type":"AppendEntriesReply","version":3}
2026-07-28T10:03:52.043029807Z Sending message to node N3: {"term":3,"senderId":"N2","success":true,"matchIndex":8,"level":"Cluster","type":"AppendEntriesReply","version":3}
2026-07-28T10:03:52.043511004Z Cluster: leader N3 received: {"term":3,"senderId":"N2","success":true,"matchIndex":8,"level":"Cluster","type":"AppendEntriesReply","version":3}
2026-07-28T10:03:53.044125907Z Cluster: Node N3 - Leader sending heartbeats.
2026-07-28T10:03:53.045176087Z Cluster: leader node: N3 broadcasting append entries message
2026-07-28T10:03:53.045279290Z Sending message to node N1: {"term":3,"leaderId":"N3","prevLogIndex":8,"prevLogTerm":1,"leaderCommit":8,"level":"Cluster","type":"AppendEntries","version":3}
2026-07-28T10:03:53.045638366Z Sending message to node N2: {"term":3,"leaderId":"N3","prevLogIndex":8,"prevLogTerm":1,"leaderCommit":8,"level":"Cluster","type":"AppendEntries","version":3}
2026-07-28T10:03:53.045980328Z Cluster: follower N1 received: {"term":3,"leaderId":"N3","prevLogIndex":8,"prevLogTerm":1,"leaderCommit":8,"level":"Cluster","type":"AppendEntries","version":3}
2026-07-28T10:03:53.046087602Z Node N1 Cluster: commiting upto index 8
2026-07-28T10:03:53.046131371Z Sending message to node N3: {"term":3,"senderId":"N1","success":true,"matchIndex":8,"level":"Cluster","type":"AppendEntriesReply","version":3}
2026-07-28T10:03:53.046595973Z Sending message to node N10: {"term":3,"leaderId":"N3","prevLogIndex":8,"prevLogTerm":1,"leaderCommit":8,"level":"Cluster","type":"AppendEntries","version":3}
2026-07-28T10:03:53.046969497Z Cluster: leader N3 received: {"term":3,"senderId":"N1","success":true,"matchIndex":8,"level":"Cluster","type":"AppendEntriesReply","version":3}
2026-07-28T10:03:53.047162703Z Cluster: follower N2 received: {"term":3,"leaderId":"N3","prevLogIndex":8,"prevLogTerm":1,"leaderCommit":8,"level":"Cluster","type":"AppendEntries","version":3}
2026-07-28T10:03:53.047240734Z Node N2 Cluster: commiting upto index 8
2026-07-28T10:03:53.047289757Z Sending message to node N3: {"term":3,"senderId":"N2","success":true,"matchIndex":8,"level":"Cluster","type":"AppendEntriesReply","version":3}
2026-07-28T10:03:53.047562463Z Cluster: leader N3 received: {"term":3,"senderId":"N2","success":true,"matchIndex":8,"level":"Cluster","type":"AppendEntriesReply","version":3}
2026-07-28T10:03:54.048102561Z Cluster: Node N3 - Leader sending heartbeats.
2026-07-28T10:03:54.048540077Z Cluster: leader node: N3 broadcasting append entries message
2026-07-28T10:03:54.049011561Z Sending message to node N1: {"term":3,"leaderId":"N3","prevLogIndex":8,"prevLogTerm":1,"leaderCommit":8,"level":"Cluster","type":"AppendEntries","version":3}
2026-07-28T10:03:54.049923191Z Sending message to node N2: {"term":3,"leaderId":"N3","prevLogIndex":8,"prevLogTerm":1,"leaderCommit":8,"level":"Cluster","type":"AppendEntries","version":3}
2026-07-28T10:03:54.050584579Z Sending message to node N10: {"term":3,"leaderId":"N3","prevLogIndex":8,"prevLogTerm":1,"leaderCommit":8,"level":"Cluster","type":"AppendEntries","version":3}
2026-07-28T10:03:54.051574772Z Cluster: follower N1 received: {"term":3,"leaderId":"N3","prevLogIndex":8,"prevLogTerm":1,"leaderCommit":8,"level":"Cluster","type":"AppendEntries","version":3}
2026-07-28T10:03:54.051892875Z Node N1 Cluster: commiting upto index 8
2026-07-28T10:03:54.052029698Z Sending message to node N3: {"term":3,"senderId":"N1","success":true,"matchIndex":8,"level":"Cluster","type":"AppendEntriesReply","version":3}
2026-07-28T10:03:54.052569761Z Cluster: follower N2 received: {"term":3,"leaderId":"N3","prevLogIndex":8,"prevLogTerm":1,"leaderCommit":8,"level":"Cluster","type":"AppendEntries","version":3}
2026-07-28T10:03:54.052919813Z Node N2 Cluster: commiting upto index 8
2026-07-28T10:03:54.053179111Z Sending message to node N3: {"term":3,"senderId":"N2","success":true,"matchIndex":8,"level":"Cluster","type":"AppendEntriesReply","version":3}
2026-07-28T10:03:54.053404697Z Cluster: leader N3 received: {"term":3,"senderId":"N1","success":true,"matchIndex":8,"level":"Cluster","type":"AppendEntriesReply","version":3}
2026-07-28T10:03:54.054149306Z Cluster: leader N3 received: {"term":3,"senderId":"N2","success":true,"matchIndex":8,"level":"Cluster","type":"AppendEntriesReply","version":3}
2026-07-28T10:03:55.054606149Z Cluster: Node N3 - Leader sending heartbeats.
2026-07-28T10:03:55.054895268Z Cluster: leader node: N3 broadcasting append entries message
2026-07-28T10:03:55.055092148Z Sending message to node N1: {"term":3,"leaderId":"N3","prevLogIndex":8,"prevLogTerm":1,"leaderCommit":8,"level":"Cluster","type":"AppendEntries","version":3}
2026-07-28T10:03:55.055857440Z Sending message to node N2: {"term":3,"leaderId":"N3","prevLogIndex":8,"prevLogTerm":1,"leaderCommit":8,"level":"Cluster","type":"AppendEntries","version":3}
2026-07-28T10:03:55.056371134Z Cluster: follower N1 received: {"term":3,"leaderId":"N3","prevLogIndex":8,"prevLogTerm":1,"leaderCommit":8,"level":"Cluster","type":"AppendEntries","version":3}
2026-07-28T10:03:55.056619872Z Sending message to node N10: {"term":3,"leaderId":"N3","prevLogIndex":8,"prevLogTerm":1,"leaderCommit":8,"level":"Cluster","type":"AppendEntries","version":3}
2026-07-28T10:03:55.056848829Z Node N1 Cluster: commiting upto index 8
2026-07-28T10:03:55.057064142Z Sending message to node N3: {"term":3,"senderId":"N1","success":true,"matchIndex":8,"level":"Cluster","type":"AppendEntriesReply","version":3}
2026-07-28T10:03:55.057281080Z Cluster: follower N2 received: {"term":3,"leaderId":"N3","prevLogIndex":8,"prevLogTerm":1,"leaderCommit":8,"level":"Cluster","type":"AppendEntries","version":3}
2026-07-28T10:03:55.057529964Z Node N2 Cluster: commiting upto index 8
2026-07-28T10:03:55.057747589Z Sending message to node N3: {"term":3,"senderId":"N2","success":true,"matchIndex":8,"level":"Cluster","type":"AppendEntriesReply","version":3}
2026-07-28T10:03:55.057926796Z Cluster: leader N3 received: {"term":3,"senderId":"N1","success":true,"matchIndex":8,"level":"Cluster","type":"AppendEntriesReply","version":3}
2026-07-28T10:03:55.058739494Z Cluster: leader N3 received: {"term":3,"senderId":"N2","success":true,"matchIndex":8,"level":"Cluster","type":"AppendEntriesReply","version":3}
2026-07-28T10:03:56.059255513Z Cluster: Node N3 - Leader sending heartbeats.
2026-07-28T10:03:56.059519881Z Cluster: leader node: N3 broadcasting append entries message
2026-07-28T10:03:56.059681828Z Sending message to node N1: {"term":3,"leaderId":"N3","prevLogIndex":8,"prevLogTerm":1,"leaderCommit":8,"level":"Cluster","type":"AppendEntries","version":3}
2026-07-28T10:03:56.060203741Z Sending message to node N2: {"term":3,"leaderId":"N3","prevLogIndex":8,"prevLogTerm":1,"leaderCommit":8,"level":"Cluster","type":"AppendEntries","version":3}
2026-07-28T10:03:56.060626098Z Sending message to node N10: {"term":3,"leaderId":"N3","prevLogIndex":8,"prevLogTerm":1,"leaderCommit":8,"level":"Cluster","type":"AppendEntries","version":3}
2026-07-28T10:03:56.060564094Z Cluster: follower N1 received: {"term":3,"leaderId":"N3","prevLogIndex":8,"prevLogTerm":1,"leaderCommit":8,"level":"Cluster","type":"AppendEntries","version":3}
2026-07-28T10:03:56.060862099Z Node N1 Cluster: commiting upto index 8
2026-07-28T10:03:56.060962893Z Sending message to node N3: {"term":3,"senderId":"N1","success":true,"matchIndex":8,"level":"Cluster","type":"AppendEntriesReply","version":3}
2026-07-28T10:03:56.061333242Z Cluster: follower N2 received: {"term":3,"leaderId":"N3","prevLogIndex":8,"prevLogTerm":1,"leaderCommit":8,"level":"Cluster","type":"AppendEntries","version":3}
2026-07-28T10:03:56.061560320Z Node N2 Cluster: commiting upto index 8
2026-07-28T10:03:56.061679966Z Sending message to node N3: {"term":3,"senderId":"N2","success":true,"matchIndex":8,"level":"Cluster","type":"AppendEntriesReply","version":3}
2026-07-28T10:03:56.061793011Z Cluster: leader N3 received: {"term":3,"senderId":"N1","success":true,"matchIndex":8,"level":"Cluster","type":"AppendEntriesReply","version":3}
2026-07-28T10:03:56.062423503Z Cluster: leader N3 received: {"term":3,"senderId":"N2","success":true,"matchIndex":8,"level":"Cluster","type":"AppendEntriesReply","version":3}
2026-07-28T10:03:57.062747083Z Cluster: Node N3 - Leader sending heartbeats.
2026-07-28T10:03:57.062837696Z Cluster: leader node: N3 broadcasting append entries message
2026-07-28T10:03:57.062891837Z Sending message to node N1: {"term":3,"leaderId":"N3","prevLogIndex":8,"prevLogTerm":1,"leaderCommit":8,"level":"Cluster","type":"AppendEntries","version":3}
2026-07-28T10:03:57.063084136Z Sending message to node N2: {"term":3,"leaderId":"N3","prevLogIndex":8,"prevLogTerm":1,"leaderCommit":8,"level":"Cluster","type":"AppendEntries","version":3}
2026-07-28T10:03:57.063219261Z Sending message to node N10: {"term":3,"leaderId":"N3","prevLogIndex":8,"prevLogTerm":1,"leaderCommit":8,"level":"Cluster","type":"AppendEntries","version":3}
2026-07-28T10:03:57.063254152Z Cluster: follower N1 received: {"term":3,"leaderId":"N3","prevLogIndex":8,"prevLogTerm":1,"leaderCommit":8,"level":"Cluster","type":"AppendEntries","version":3}
2026-07-28T10:03:57.063348902Z Node N1 Cluster: commiting upto index 8
2026-07-28T10:03:57.063406531Z Sending message to node N3: {"term":3,"senderId":"N1","success":true,"matchIndex":8,"level":"Cluster","type":"AppendEntriesReply","version":3}
2026-07-28T10:03:57.063480199Z Cluster: follower N2 received: {"term":3,"leaderId":"N3","prevLogIndex":8,"prevLogTerm":1,"leaderCommit":8,"level":"Cluster","type":"AppendEntries","version":3}
2026-07-28T10:03:57.063565868Z Node N2 Cluster: commiting upto index 8
2026-07-28T10:03:57.063623278Z Sending message to node N3: {"term":3,"senderId":"N2","success":true,"matchIndex":8,"level":"Cluster","type":"AppendEntriesReply","version":3}
2026-07-28T10:03:57.063667785Z Cluster: leader N3 received: {"term":3,"senderId":"N1","success":true,"matchIndex":8,"level":"Cluster","type":"AppendEntriesReply","version":3}
2026-07-28T10:03:57.063892159Z Cluster: leader N3 received: {"term":3,"senderId":"N2","success":true,"matchIndex":8,"level":"Cluster","type":"AppendEntriesReply","version":3}
2026-07-28T10:03:58.064259342Z Cluster: Node N3 - Leader sending heartbeats.
2026-07-28T10:03:58.064864455Z Cluster: leader node: N3 broadcasting append entries message
2026-07-28T10:03:58.065220714Z Sending message to node N1: {"term":3,"leaderId":"N3","prevLogIndex":8,"prevLogTerm":1,"leaderCommit":8,"level":"Cluster","type":"AppendEntries","version":3}
2026-07-28T10:03:58.065994193Z Sending message to node N2: {"term":3,"leaderId":"N3","prevLogIndex":8,"prevLogTerm":1,"leaderCommit":8,"level":"Cluster","type":"AppendEntries","version":3}
2026-07-28T10:03:58.066390772Z Sending message to node N10: {"term":3,"leaderId":"N3","prevLogIndex":8,"prevLogTerm":1,"leaderCommit":8,"level":"Cluster","type":"AppendEntries","version":3}
2026-07-28T10:03:58.066482075Z Cluster: follower N1 received: {"term":3,"leaderId":"N3","prevLogIndex":8,"prevLogTerm":1,"leaderCommit":8,"level":"Cluster","type":"AppendEntries","version":3}
2026-07-28T10:03:58.066652100Z Node N1 Cluster: commiting upto index 8
2026-07-28T10:03:58.066733711Z Sending message to node N3: {"term":3,"senderId":"N1","success":true,"matchIndex":8,"level":"Cluster","type":"AppendEntriesReply","version":3}
2026-07-28T10:03:58.067473794Z Cluster: follower N2 received: {"term":3,"leaderId":"N3","prevLogIndex":8,"prevLogTerm":1,"leaderCommit":8,"level":"Cluster","type":"AppendEntries","version":3}
2026-07-28T10:03:58.067644657Z Node N2 Cluster: commiting upto index 8
2026-07-28T10:03:58.067854696Z Sending message to node N3: {"term":3,"senderId":"N2","success":true,"matchIndex":8,"level":"Cluster","type":"AppendEntriesReply","version":3}
2026-07-28T10:03:58.067833515Z Cluster: leader N3 received: {"term":3,"senderId":"N1","success":true,"matchIndex":8,"level":"Cluster","type":"AppendEntriesReply","version":3}
2026-07-28T10:03:58.068498354Z Cluster: leader N3 received: {"term":3,"senderId":"N2","success":true,"matchIndex":8,"level":"Cluster","type":"AppendEntriesReply","version":3}
2026-07-28T10:03:59.068825015Z Cluster: Node N3 - Leader sending heartbeats.
2026-07-28T10:03:59.068913406Z Cluster: leader node: N3 broadcasting append entries message
2026-07-28T10:03:59.068971640Z Sending message to node N1: {"term":3,"leaderId":"N3","prevLogIndex":8,"prevLogTerm":1,"leaderCommit":8,"level":"Cluster","type":"AppendEntries","version":3}
2026-07-28T10:03:59.069172224Z Sending message to node N2: {"term":3,"leaderId":"N3","prevLogIndex":8,"prevLogTerm":1,"leaderCommit":8,"level":"Cluster","type":"AppendEntries","version":3}
2026-07-28T10:03:59.069284790Z Sending message to node N10: {"term":3,"leaderId":"N3","prevLogIndex":8,"prevLogTerm":1,"leaderCommit":8,"level":"Cluster","type":"AppendEntries","version":3}
2026-07-28T10:03:59.069333475Z Cluster: follower N1 received: {"term":3,"leaderId":"N3","prevLogIndex":8,"prevLogTerm":1,"leaderCommit":8,"level":"Cluster","type":"AppendEntries","version":3}
2026-07-28T10:03:59.069431782Z Node N1 Cluster: commiting upto index 8
2026-07-28T10:03:59.069483961Z Sending message to node N3: {"term":3,"senderId":"N1","success":true,"matchIndex":8,"level":"Cluster","type":"AppendEntriesReply","version":3}
2026-07-28T10:03:59.069538505Z Cluster: follower N2 received: {"term":3,"leaderId":"N3","prevLogIndex":8,"prevLogTerm":1,"leaderCommit":8,"level":"Cluster","type":"AppendEntries","version":3}
2026-07-28T10:03:59.069626342Z Node N2 Cluster: commiting upto index 8
2026-07-28T10:03:59.069728304Z Sending message to node N3: {"term":3,"senderId":"N2","success":true,"matchIndex":8,"level":"Cluster","type":"AppendEntriesReply","version":3}
2026-07-28T10:03:59.069746035Z Cluster: leader N3 received: {"term":3,"senderId":"N1","success":true,"matchIndex":8,"level":"Cluster","type":"AppendEntriesReply","version":3}
2026-07-28T10:03:59.069991946Z Cluster: leader N3 received: {"term":3,"senderId":"N2","success":true,"matchIndex":8,"level":"Cluster","type":"AppendEntriesReply","version":3}
2026-07-28T10:04:00.070228211Z Cluster: Node N3 - Leader sending heartbeats.
2026-07-28T10:04:00.071108326Z Cluster: leader node: N3 broadcasting append entries message
2026-07-28T10:04:00.071203242Z Sending message to node N1: {"term":3,"leaderId":"N3","prevLogIndex":8,"prevLogTerm":1,"leaderCommit":8,"level":"Cluster","type":"AppendEntries","version":3}
2026-07-28T10:04:00.071580112Z Sending message to node N2: {"term":3,"leaderId":"N3","prevLogIndex":8,"prevLogTerm":1,"leaderCommit":8,"level":"Cluster","type":"AppendEntries","version":3}
2026-07-28T10:04:00.071710168Z Cluster: follower N1 received: {"term":3,"leaderId":"N3","prevLogIndex":8,"prevLogTerm":1,"leaderCommit":8,"level":"Cluster","type":"AppendEntries","version":3}
2026-07-28T10:04:00.071755613Z Sending message to node N10: {"term":3,"leaderId":"N3","prevLogIndex":8,"prevLogTerm":1,"leaderCommit":8,"level":"Cluster","type":"AppendEntries","version":3}
2026-07-28T10:04:00.071787932Z Node N1 Cluster: commiting upto index 8
2026-07-28T10:04:00.071822671Z Sending message to node N3: {"term":3,"senderId":"N1","success":true,"matchIndex":8,"level":"Cluster","type":"AppendEntriesReply","version":3}
2026-07-28T10:04:00.072297703Z Cluster: follower N2 received: {"term":3,"leaderId":"N3","prevLogIndex":8,"prevLogTerm":1,"leaderCommit":8,"level":"Cluster","type":"AppendEntries","version":3}
2026-07-28T10:04:00.072440042Z Cluster: leader N3 received: {"term":3,"senderId":"N1","success":true,"matchIndex":8,"level":"Cluster","type":"AppendEntriesReply","version":3}
2026-07-28T10:04:00.072685828Z Node N2 Cluster: commiting upto index 8
2026-07-28T10:04:00.072796727Z Sending message to node N3: {"term":3,"senderId":"N2","success":true,"matchIndex":8,"level":"Cluster","type":"AppendEntriesReply","version":3}
2026-07-28T10:04:00.073131104Z Cluster: leader N3 received: {"term":3,"senderId":"N2","success":true,"matchIndex":8,"level":"Cluster","type":"AppendEntriesReply","version":3}
2026-07-28T10:04:01.073364788Z Cluster: Node N3 - Leader sending heartbeats.
2026-07-28T10:04:01.073500244Z Cluster: leader node: N3 broadcasting append entries message
2026-07-28T10:04:01.073564910Z Sending message to node N1: {"term":3,"leaderId":"N3","prevLogIndex":8,"prevLogTerm":1,"leaderCommit":8,"level":"Cluster","type":"AppendEntries","version":3}
2026-07-28T10:04:01.073835452Z Sending message to node N2: {"term":3,"leaderId":"N3","prevLogIndex":8,"prevLogTerm":1,"leaderCommit":8,"level":"Cluster","type":"AppendEntries","version":3}
2026-07-28T10:04:01.073985779Z Sending message to node N10: {"term":3,"leaderId":"N3","prevLogIndex":8,"prevLogTerm":1,"leaderCommit":8,"level":"Cluster","type":"AppendEntries","version":3}
2026-07-28T10:04:01.074237182Z Cluster: follower N1 received: {"term":3,"leaderId":"N3","prevLogIndex":8,"prevLogTerm":1,"leaderCommit":8,"level":"Cluster","type":"AppendEntries","version":3}
2026-07-28T10:04:01.074347077Z Node N1 Cluster: commiting upto index 8
2026-07-28T10:04:01.074314919Z Cluster: follower N2 received: {"term":3,"leaderId":"N3","prevLogIndex":8,"prevLogTerm":1,"leaderCommit":8,"level":"Cluster","type":"AppendEntries","version":3}
2026-07-28T10:04:01.074401460Z Node N2 Cluster: commiting upto index 8
2026-07-28T10:04:01.074412107Z Sending message to node N3: {"term":3,"senderId":"N1","success":true,"matchIndex":8,"level":"Cluster","type":"AppendEntriesReply","version":3}
2026-07-28T10:04:01.074481928Z Sending message to node N3: {"term":3,"senderId":"N2","success":true,"matchIndex":8,"level":"Cluster","type":"AppendEntriesReply","version":3}
2026-07-28T10:04:01.074720203Z Cluster: leader N3 received: {"term":3,"senderId":"N1","success":true,"matchIndex":8,"level":"Cluster","type":"AppendEntriesReply","version":3}
2026-07-28T10:04:01.074802530Z Cluster: leader N3 received: {"term":3,"senderId":"N2","success":true,"matchIndex":8,"level":"Cluster","type":"AppendEntriesReply","version":3}
2026-07-28T10:04:02.075008177Z Cluster: Node N3 - Leader sending heartbeats.
2026-07-28T10:04:02.075132462Z Cluster: leader node: N3 broadcasting append entries message
2026-07-28T10:04:02.075204527Z Sending message to node N1: {"term":3,"leaderId":"N3","prevLogIndex":8,"prevLogTerm":1,"leaderCommit":8,"level":"Cluster","type":"AppendEntries","version":3}
2026-07-28T10:04:02.075429364Z Sending message to node N2: {"term":3,"leaderId":"N3","prevLogIndex":8,"prevLogTerm":1,"leaderCommit":8,"level":"Cluster","type":"AppendEntries","version":3}
2026-07-28T10:04:02.075549572Z Sending message to node N10: {"term":3,"leaderId":"N3","prevLogIndex":8,"prevLogTerm":1,"leaderCommit":8,"level":"Cluster","type":"AppendEntries","version":3}
2026-07-28T10:04:02.075645027Z Cluster: follower N1 received: {"term":3,"leaderId":"N3","prevLogIndex":8,"prevLogTerm":1,"leaderCommit":8,"level":"Cluster","type":"AppendEntries","version":3}
2026-07-28T10:04:02.075714905Z Node N1 Cluster: commiting upto index 8
2026-07-28T10:04:02.075747140Z Sending message to node N3: {"term":3,"senderId":"N1","success":true,"matchIndex":8,"level":"Cluster","type":"AppendEntriesReply","version":3}
2026-07-28T10:04:02.076000237Z Cluster: leader N3 received: {"term":3,"senderId":"N1","success":true,"matchIndex":8,"level":"Cluster","type":"AppendEntriesReply","version":3}
2026-07-28T10:04:02.076242200Z Cluster: follower N2 received: {"term":3,"leaderId":"N3","prevLogIndex":8,"prevLogTerm":1,"leaderCommit":8,"level":"Cluster","type":"AppendEntries","version":3}
2026-07-28T10:04:02.076327444Z Node N2 Cluster: commiting upto index 8
2026-07-28T10:04:02.076406651Z Sending message to node N3: {"term":3,"senderId":"N2","success":true,"matchIndex":8,"level":"Cluster","type":"AppendEntriesReply","version":3}
2026-07-28T10:04:02.077327661Z Cluster: leader N3 received: {"term":3,"senderId":"N2","success":true,"matchIndex":8,"level":"Cluster","type":"AppendEntriesReply","version":3}
2026-07-28T10:04:03.077592797Z Cluster: Node N3 - Leader sending heartbeats.
2026-07-28T10:04:03.077703780Z Cluster: leader node: N3 broadcasting append entries message
2026-07-28T10:04:03.077757451Z Sending message to node N1: {"term":3,"leaderId":"N3","prevLogIndex":8,"prevLogTerm":1,"leaderCommit":8,"level":"Cluster","type":"AppendEntries","version":3}
2026-07-28T10:04:03.077975624Z Sending message to node N2: {"term":3,"leaderId":"N3","prevLogIndex":8,"prevLogTerm":1,"leaderCommit":8,"level":"Cluster","type":"AppendEntries","version":3}
2026-07-28T10:04:03.078107679Z Sending message to node N10: {"term":3,"leaderId":"N3","prevLogIndex":8,"prevLogTerm":1,"leaderCommit":8,"level":"Cluster","type":"AppendEntries","version":3}
2026-07-28T10:04:03.078160208Z Cluster: follower N1 received: {"term":3,"leaderId":"N3","prevLogIndex":8,"prevLogTerm":1,"leaderCommit":8,"level":"Cluster","type":"AppendEntries","version":3}
2026-07-28T10:04:03.078258531Z Node N1 Cluster: commiting upto index 8
2026-07-28T10:04:03.078317949Z Sending message to node N3: {"term":3,"senderId":"N1","success":true,"matchIndex":8,"level":"Cluster","type":"AppendEntriesReply","version":3}
2026-07-28T10:04:03.078409185Z Cluster: follower N2 received: {"term":3,"leaderId":"N3","prevLogIndex":8,"prevLogTerm":1,"leaderCommit":8,"level":"Cluster","type":"AppendEntries","version":3}
2026-07-28T10:04:03.078498237Z Node N2 Cluster: commiting upto index 8
2026-07-28T10:04:03.078560757Z Sending message to node N3: {"term":3,"senderId":"N2","success":true,"matchIndex":8,"level":"Cluster","type":"AppendEntriesReply","version":3}
2026-07-28T10:04:03.078604972Z Cluster: leader N3 received: {"term":3,"senderId":"N1","success":true,"matchIndex":8,"level":"Cluster","type":"AppendEntriesReply","version":3}
2026-07-28T10:04:03.078829192Z Cluster: leader N3 received: {"term":3,"senderId":"N2","success":true,"matchIndex":8,"level":"Cluster","type":"AppendEntriesReply","version":3}
2026-07-28T10:04:04.079168892Z Cluster: Node N3 - Leader sending heartbeats.
2026-07-28T10:04:04.079399605Z Cluster: leader node: N3 broadcasting append entries message
2026-07-28T10:04:04.079529019Z Sending message to node N1: {"term":3,"leaderId":"N3","prevLogIndex":8,"prevLogTerm":1,"leaderCommit":8,"level":"Cluster","type":"AppendEntries","version":3}
2026-07-28T10:04:04.080092254Z Sending message to node N2: {"term":3,"leaderId":"N3","prevLogIndex":8,"prevLogTerm":1,"leaderCommit":8,"level":"Cluster","type":"AppendEntries","version":3}
2026-07-28T10:04:04.080393299Z Cluster: follower N1 received: {"term":3,"leaderId":"N3","prevLogIndex":8,"prevLogTerm":1,"leaderCommit":8,"level":"Cluster","type":"AppendEntries","version":3}
2026-07-28T10:04:04.080553591Z Sending message to node N10: {"term":3,"leaderId":"N3","prevLogIndex":8,"prevLogTerm":1,"leaderCommit":8,"level":"Cluster","type":"AppendEntries","version":3}
2026-07-28T10:04:04.080678105Z Node N1 Cluster: commiting upto index 8
2026-07-28T10:04:04.080856444Z Sending message to node N3: {"term":3,"senderId":"N1","success":true,"matchIndex":8,"level":"Cluster","type":"AppendEntriesReply","version":3}
2026-07-28T10:04:04.081357540Z Cluster: follower N2 received: {"term":3,"leaderId":"N3","prevLogIndex":8,"prevLogTerm":1,"leaderCommit":8,"level":"Cluster","type":"AppendEntries","version":3}
2026-07-28T10:04:04.081587008Z Node N2 Cluster: commiting upto index 8
2026-07-28T10:04:04.081712286Z Sending message to node N3: {"term":3,"senderId":"N2","success":true,"matchIndex":8,"level":"Cluster","type":"AppendEntriesReply","version":3}
2026-07-28T10:04:04.081853508Z Cluster: leader N3 received: {"term":3,"senderId":"N1","success":true,"matchIndex":8,"level":"Cluster","type":"AppendEntriesReply","version":3}
2026-07-28T10:04:04.082394368Z Cluster: leader N3 received: {"term":3,"senderId":"N2","success":true,"matchIndex":8,"level":"Cluster","type":"AppendEntriesReply","version":3}
2026-07-28T10:04:05.082639534Z Cluster: Node N3 - Leader sending heartbeats.
2026-07-28T10:04:05.082749446Z Cluster: leader node: N3 broadcasting append entries message
2026-07-28T10:04:05.082811581Z Sending message to node N1: {"term":3,"leaderId":"N3","prevLogIndex":8,"prevLogTerm":1,"leaderCommit":8,"level":"Cluster","type":"AppendEntries","version":3}
2026-07-28T10:04:05.083051093Z Sending message to node N2: {"term":3,"leaderId":"N3","prevLogIndex":8,"prevLogTerm":1,"leaderCommit":8,"level":"Cluster","type":"AppendEntries","version":3}
2026-07-28T10:04:05.083181635Z Sending message to node N10: {"term":3,"leaderId":"N3","prevLogIndex":8,"prevLogTerm":1,"leaderCommit":8,"level":"Cluster","type":"AppendEntries","version":3}
2026-07-28T10:04:05.083266421Z Cluster: follower N1 received: {"term":3,"leaderId":"N3","prevLogIndex":8,"prevLogTerm":1,"leaderCommit":8,"level":"Cluster","type":"AppendEntries","version":3}
2026-07-28T10:04:05.083370878Z Node N1 Cluster: commiting upto index 8
2026-07-28T10:04:05.083410090Z Sending message to node N3: {"term":3,"senderId":"N1","success":true,"matchIndex":8,"level":"Cluster","type":"AppendEntriesReply","version":3}
2026-07-28T10:04:05.083919232Z Cluster: leader N3 received: {"term":3,"senderId":"N1","success":true,"matchIndex":8,"level":"Cluster","type":"AppendEntriesReply","version":3}
2026-07-28T10:04:05.083905894Z Cluster: follower N2 received: {"term":3,"leaderId":"N3","prevLogIndex":8,"prevLogTerm":1,"leaderCommit":8,"level":"Cluster","type":"AppendEntries","version":3}
2026-07-28T10:04:05.083973935Z Node N2 Cluster: commiting upto index 8
2026-07-28T10:04:05.084014817Z Sending message to node N3: {"term":3,"senderId":"N2","success":true,"matchIndex":8,"level":"Cluster","type":"AppendEntriesReply","version":3}
2026-07-28T10:04:05.084294588Z Cluster: leader N3 received: {"term":3,"senderId":"N2","success":true,"matchIndex":8,"level":"Cluster","type":"AppendEntriesReply","version":3}
2026-07-28T10:04:06.084623513Z Cluster: Node N3 - Leader sending heartbeats.
2026-07-28T10:04:06.084896303Z Cluster: leader node: N3 broadcasting append entries message
2026-07-28T10:04:06.085013189Z Sending message to node N1: {"term":3,"leaderId":"N3","prevLogIndex":8,"prevLogTerm":1,"leaderCommit":8,"level":"Cluster","type":"AppendEntries","version":3}
2026-07-28T10:04:06.085470126Z Sending message to node N2: {"term":3,"leaderId":"N3","prevLogIndex":8,"prevLogTerm":1,"leaderCommit":8,"level":"Cluster","type":"AppendEntries","version":3}
2026-07-28T10:04:06.085770483Z Sending message to node N10: {"term":3,"leaderId":"N3","prevLogIndex":8,"prevLogTerm":1,"leaderCommit":8,"level":"Cluster","type":"AppendEntries","version":3}
2026-07-28T10:04:06.085915400Z Cluster: follower N1 received: {"term":3,"leaderId":"N3","prevLogIndex":8,"prevLogTerm":1,"leaderCommit":8,"level":"Cluster","type":"AppendEntries","version":3}
2026-07-28T10:04:06.086112705Z Node N1 Cluster: commiting upto index 8
2026-07-28T10:04:06.086189479Z Sending message to node N3: {"term":3,"senderId":"N1","success":true,"matchIndex":8,"level":"Cluster","type":"AppendEntriesReply","version":3}
2026-07-28T10:04:06.086604399Z Cluster: leader N3 received: {"term":3,"senderId":"N1","success":true,"matchIndex":8,"level":"Cluster","type":"AppendEntriesReply","version":3}
2026-07-28T10:04:06.086715308Z Cluster: follower N2 received: {"term":3,"leaderId":"N3","prevLogIndex":8,"prevLogTerm":1,"leaderCommit":8,"level":"Cluster","type":"AppendEntries","version":3}
2026-07-28T10:04:06.086788627Z Node N2 Cluster: commiting upto index 8
2026-07-28T10:04:06.086843319Z Sending message to node N3: {"term":3,"senderId":"N2","success":true,"matchIndex":8,"level":"Cluster","type":"AppendEntriesReply","version":3}
2026-07-28T10:04:06.087369570Z Cluster: leader N3 received: {"term":3,"senderId":"N2","success":true,"matchIndex":8,"level":"Cluster","type":"AppendEntriesReply","version":3}
2026-07-28T10:04:07.087655617Z Cluster: Node N3 - Leader sending heartbeats.
2026-07-28T10:04:07.087783959Z Cluster: leader node: N3 broadcasting append entries message
2026-07-28T10:04:07.087866708Z Sending message to node N1: {"term":3,"leaderId":"N3","prevLogIndex":8,"prevLogTerm":1,"leaderCommit":8,"level":"Cluster","type":"AppendEntries","version":3}
2026-07-28T10:04:07.088150487Z Sending message to node N2: {"term":3,"leaderId":"N3","prevLogIndex":8,"prevLogTerm":1,"leaderCommit":8,"level":"Cluster","type":"AppendEntries","version":3}
2026-07-28T10:04:07.088353858Z Sending message to node N10: {"term":3,"leaderId":"N3","prevLogIndex":8,"prevLogTerm":1,"leaderCommit":8,"level":"Cluster","type":"AppendEntries","version":3}
2026-07-28T10:04:07.088512990Z Cluster: follower N1 received: {"term":3,"leaderId":"N3","prevLogIndex":8,"prevLogTerm":1,"leaderCommit":8,"level":"Cluster","type":"AppendEntries","version":3}
2026-07-28T10:04:07.088625740Z Node N1 Cluster: commiting upto index 8
2026-07-28T10:04:07.088749184Z Sending message to node N3: {"term":3,"senderId":"N1","success":true,"matchIndex":8,"level":"Cluster","type":"AppendEntriesReply","version":3}
2026-07-28T10:04:07.089191688Z Cluster: follower N2 received: {"term":3,"leaderId":"N3","prevLogIndex":8,"prevLogTerm":1,"leaderCommit":8,"level":"Cluster","type":"AppendEntries","version":3}
2026-07-28T10:04:07.089307731Z Node N2 Cluster: commiting upto index 8
2026-07-28T10:04:07.089373626Z Sending message to node N3: {"term":3,"senderId":"N2","success":true,"matchIndex":8,"level":"Cluster","type":"AppendEntriesReply","version":3}
2026-07-28T10:04:07.089925886Z Cluster: leader N3 received: {"term":3,"senderId":"N1","success":true,"matchIndex":8,"level":"Cluster","type":"AppendEntriesReply","version":3}
2026-07-28T10:04:07.090264585Z Cluster: leader N3 received: {"term":3,"senderId":"N2","success":true,"matchIndex":8,"level":"Cluster","type":"AppendEntriesReply","version":3}
2026-07-28T10:04:08.090575398Z Cluster: Node N3 - Leader sending heartbeats.
2026-07-28T10:04:08.090779059Z Cluster: leader node: N3 broadcasting append entries message
2026-07-28T10:04:08.090908307Z Sending message to node N1: {"term":3,"leaderId":"N3","prevLogIndex":8,"prevLogTerm":1,"leaderCommit":8,"level":"Cluster","type":"AppendEntries","version":3}
2026-07-28T10:04:08.091308982Z Sending message to node N2: {"term":3,"leaderId":"N3","prevLogIndex":8,"prevLogTerm":1,"leaderCommit":8,"level":"Cluster","type":"AppendEntries","version":3}
2026-07-28T10:04:08.091601727Z Sending message to node N10: {"term":3,"leaderId":"N3","prevLogIndex":8,"prevLogTerm":1,"leaderCommit":8,"level":"Cluster","type":"AppendEntries","version":3}
2026-07-28T10:04:08.092265565Z Cluster: follower N1 received: {"term":3,"leaderId":"N3","prevLogIndex":8,"prevLogTerm":1,"leaderCommit":8,"level":"Cluster","type":"AppendEntries","version":3}
2026-07-28T10:04:08.092446898Z Node N1 Cluster: commiting upto index 8
2026-07-28T10:04:08.092430566Z Cluster: follower N2 received: {"term":3,"leaderId":"N3","prevLogIndex":8,"prevLogTerm":1,"leaderCommit":8,"level":"Cluster","type":"AppendEntries","version":3}
2026-07-28T10:04:08.092575893Z Sending message to node N3: {"term":3,"senderId":"N1","success":true,"matchIndex":8,"level":"Cluster","type":"AppendEntriesReply","version":3}
2026-07-28T10:04:08.092556064Z Node N2 Cluster: commiting upto index 8
2026-07-28T10:04:08.093453943Z Cluster: leader N3 received: {"term":3,"senderId":"N1","success":true,"matchIndex":8,"level":"Cluster","type":"AppendEntriesReply","version":3}
2026-07-28T10:04:08.093540619Z Sending message to node N3: {"term":3,"senderId":"N2","success":true,"matchIndex":8,"level":"Cluster","type":"AppendEntriesReply","version":3}
2026-07-28T10:04:08.094358427Z Cluster: leader N3 received: {"term":3,"senderId":"N2","success":true,"matchIndex":8,"level":"Cluster","type":"AppendEntriesReply","version":3}
2026-07-28T10:04:09.094810876Z Cluster: Node N3 - Leader sending heartbeats.
2026-07-28T10:04:09.095263885Z Cluster: leader node: N3 broadcasting append entries message
2026-07-28T10:04:09.095521488Z Sending message to node N1: {"term":3,"leaderId":"N3","prevLogIndex":8,"prevLogTerm":1,"leaderCommit":8,"level":"Cluster","type":"AppendEntries","version":3}
2026-07-28T10:04:09.097195064Z Sending message to node N2: {"term":3,"leaderId":"N3","prevLogIndex":8,"prevLogTerm":1,"leaderCommit":8,"level":"Cluster","type":"AppendEntries","version":3}
2026-07-28T10:04:09.098109069Z Sending message to node N10: {"term":3,"leaderId":"N3","prevLogIndex":8,"prevLogTerm":1,"leaderCommit":8,"level":"Cluster","type":"AppendEntries","version":3}
2026-07-28T10:04:09.100397595Z Cluster: follower N2 received: {"term":3,"leaderId":"N3","prevLogIndex":8,"prevLogTerm":1,"leaderCommit":8,"level":"Cluster","type":"AppendEntries","version":3}
2026-07-28T10:04:09.100634280Z Cluster: follower N1 received: {"term":3,"leaderId":"N3","prevLogIndex":8,"prevLogTerm":1,"leaderCommit":8,"level":"Cluster","type":"AppendEntries","version":3}
2026-07-28T10:04:09.100734111Z Node N2 Cluster: commiting upto index 8
2026-07-28T10:04:09.100813701Z Node N1 Cluster: commiting upto index 8
2026-07-28T10:04:09.100852175Z Sending message to node N3: {"term":3,"senderId":"N2","success":true,"matchIndex":8,"level":"Cluster","type":"AppendEntriesReply","version":3}
2026-07-28T10:04:09.100923116Z Sending message to node N3: {"term":3,"senderId":"N1","success":true,"matchIndex":8,"level":"Cluster","type":"AppendEntriesReply","version":3}
2026-07-28T10:04:09.101459573Z Cluster: leader N3 received: {"term":3,"senderId":"N2","success":true,"matchIndex":8,"level":"Cluster","type":"AppendEntriesReply","version":3}
2026-07-28T10:04:09.101590785Z Cluster: leader N3 received: {"term":3,"senderId":"N1","success":true,"matchIndex":8,"level":"Cluster","type":"AppendEntriesReply","version":3}
2026-07-28T10:04:10.101854824Z Cluster: Node N3 - Leader sending heartbeats.
2026-07-28T10:04:10.102086075Z Cluster: leader node: N3 broadcasting append entries message
2026-07-28T10:04:10.102227570Z Sending message to node N1: {"term":3,"leaderId":"N3","prevLogIndex":8,"prevLogTerm":1,"leaderCommit":8,"level":"Cluster","type":"AppendEntries","version":3}
2026-07-28T10:04:10.102903915Z Sending message to node N2: {"term":3,"leaderId":"N3","prevLogIndex":8,"prevLogTerm":1,"leaderCommit":8,"level":"Cluster","type":"AppendEntries","version":3}
2026-07-28T10:04:10.103249089Z Cluster: follower N1 received: {"term":3,"leaderId":"N3","prevLogIndex":8,"prevLogTerm":1,"leaderCommit":8,"level":"Cluster","type":"AppendEntries","version":3}
2026-07-28T10:04:10.103297177Z Sending message to node N10: {"term":3,"leaderId":"N3","prevLogIndex":8,"prevLogTerm":1,"leaderCommit":8,"level":"Cluster","type":"AppendEntries","version":3}
2026-07-28T10:04:10.103454358Z Node N1 Cluster: commiting upto index 8
2026-07-28T10:04:10.103548760Z Sending message to node N3: {"term":3,"senderId":"N1","success":true,"matchIndex":8,"level":"Cluster","type":"AppendEntriesReply","version":3}
2026-07-28T10:04:10.103797882Z Cluster: follower N2 received: {"term":3,"leaderId":"N3","prevLogIndex":8,"prevLogTerm":1,"leaderCommit":8,"level":"Cluster","type":"AppendEntries","version":3}
2026-07-28T10:04:10.103993566Z Node N2 Cluster: commiting upto index 8
2026-07-28T10:04:10.104146044Z Sending message to node N3: {"term":3,"senderId":"N2","success":true,"matchIndex":8,"level":"Cluster","type":"AppendEntriesReply","version":3}
2026-07-28T10:04:10.105496492Z Cluster: leader N3 received: {"term":3,"senderId":"N1","success":true,"matchIndex":8,"level":"Cluster","type":"AppendEntriesReply","version":3}
2026-07-28T10:04:10.105633905Z Cluster: leader N3 received: {"term":3,"senderId":"N2","success":true,"matchIndex":8,"level":"Cluster","type":"AppendEntriesReply","version":3}
2026-07-28T10:04:11.106207408Z Cluster: Node N3 - Leader sending heartbeats.
2026-07-28T10:04:11.106563043Z Cluster: leader node: N3 broadcasting append entries message
2026-07-28T10:04:11.106878522Z Sending message to node N1: {"term":3,"leaderId":"N3","prevLogIndex":8,"prevLogTerm":1,"leaderCommit":8,"level":"Cluster","type":"AppendEntries","version":3}
2026-07-28T10:04:11.117822725Z Sending message to node N2: {"term":3,"leaderId":"N3","prevLogIndex":8,"prevLogTerm":1,"leaderCommit":8,"level":"Cluster","type":"AppendEntries","version":3}
2026-07-28T10:04:11.118255609Z Cluster: follower N1 received: {"term":3,"leaderId":"N3","prevLogIndex":8,"prevLogTerm":1,"leaderCommit":8,"level":"Cluster","type":"AppendEntries","version":3}
2026-07-28T10:04:11.118516468Z Node N1 Cluster: commiting upto index 8
2026-07-28T10:04:11.118652225Z Sending message to node N3: {"term":3,"senderId":"N1","success":true,"matchIndex":8,"level":"Cluster","type":"AppendEntriesReply","version":3}
2026-07-28T10:04:11.118615746Z Sending message to node N10: {"term":3,"leaderId":"N3","prevLogIndex":8,"prevLogTerm":1,"leaderCommit":8,"level":"Cluster","type":"AppendEntries","version":3}
2026-07-28T10:04:11.120009031Z Cluster: leader N3 received: {"term":3,"senderId":"N1","success":true,"matchIndex":8,"level":"Cluster","type":"AppendEntriesReply","version":3}
2026-07-28T10:04:11.120187227Z Cluster: follower N2 received: {"term":3,"leaderId":"N3","prevLogIndex":8,"prevLogTerm":1,"leaderCommit":8,"level":"Cluster","type":"AppendEntries","version":3}
2026-07-28T10:04:11.120574886Z Node N2 Cluster: commiting upto index 8
2026-07-28T10:04:11.120892849Z Sending message to node N3: {"term":3,"senderId":"N2","success":true,"matchIndex":8,"level":"Cluster","type":"AppendEntriesReply","version":3}
2026-07-28T10:04:11.121672714Z Cluster: leader N3 received: {"term":3,"senderId":"N2","success":true,"matchIndex":8,"level":"Cluster","type":"AppendEntriesReply","version":3}
2026-07-28T10:04:12.121985589Z Cluster: Node N3 - Leader sending heartbeats.
2026-07-28T10:04:12.122141250Z Cluster: leader node: N3 broadcasting append entries message
2026-07-28T10:04:12.122211491Z Sending message to node N1: {"term":3,"leaderId":"N3","prevLogIndex":8,"prevLogTerm":1,"leaderCommit":8,"level":"Cluster","type":"AppendEntries","version":3}
2026-07-28T10:04:12.122525968Z Sending message to node N2: {"term":3,"leaderId":"N3","prevLogIndex":8,"prevLogTerm":1,"leaderCommit":8,"level":"Cluster","type":"AppendEntries","version":3}
2026-07-28T10:04:12.122746876Z Sending message to node N10: {"term":3,"leaderId":"N3","prevLogIndex":8,"prevLogTerm":1,"leaderCommit":8,"level":"Cluster","type":"AppendEntries","version":3}
2026-07-28T10:04:12.122953515Z Cluster: follower N1 received: {"term":3,"leaderId":"N3","prevLogIndex":8,"prevLogTerm":1,"leaderCommit":8,"level":"Cluster","type":"AppendEntries","version":3}
2026-07-28T10:04:12.123119501Z Node N1 Cluster: commiting upto index 8
2026-07-28T10:04:12.123196561Z Sending message to node N3: {"term":3,"senderId":"N1","success":true,"matchIndex":8,"level":"Cluster","type":"AppendEntriesReply","version":3}
2026-07-28T10:04:12.123254041Z Cluster: follower N2 received: {"term":3,"leaderId":"N3","prevLogIndex":8,"prevLogTerm":1,"leaderCommit":8,"level":"Cluster","type":"AppendEntries","version":3}
2026-07-28T10:04:12.123337128Z Node N2 Cluster: commiting upto index 8
2026-07-28T10:04:12.123400437Z Sending message to node N3: {"term":3,"senderId":"N2","success":true,"matchIndex":8,"level":"Cluster","type":"AppendEntriesReply","version":3}
2026-07-28T10:04:12.123806186Z Cluster: leader N3 received: {"term":3,"senderId":"N1","success":true,"matchIndex":8,"level":"Cluster","type":"AppendEntriesReply","version":3}
2026-07-28T10:04:12.124048410Z Cluster: leader N3 received: {"term":3,"senderId":"N2","success":true,"matchIndex":8,"level":"Cluster","type":"AppendEntriesReply","version":3}
2026-07-28T10:04:13.124474801Z Cluster: Node N3 - Leader sending heartbeats.
2026-07-28T10:04:13.124826945Z Cluster: leader node: N3 broadcasting append entries message
2026-07-28T10:04:13.124996289Z Sending message to node N1: {"term":3,"leaderId":"N3","prevLogIndex":8,"prevLogTerm":1,"leaderCommit":8,"level":"Cluster","type":"AppendEntries","version":3}
2026-07-28T10:04:13.125584439Z Sending message to node N2: {"term":3,"leaderId":"N3","prevLogIndex":8,"prevLogTerm":1,"leaderCommit":8,"level":"Cluster","type":"AppendEntries","version":3}
2026-07-28T10:04:13.125968243Z Sending message to node N10: {"term":3,"leaderId":"N3","prevLogIndex":8,"prevLogTerm":1,"leaderCommit":8,"level":"Cluster","type":"AppendEntries","version":3}
2026-07-28T10:04:13.126703004Z Cluster: follower N1 received: {"term":3,"leaderId":"N3","prevLogIndex":8,"prevLogTerm":1,"leaderCommit":8,"level":"Cluster","type":"AppendEntries","version":3}
2026-07-28T10:04:13.126815716Z Cluster: follower N2 received: {"term":3,"leaderId":"N3","prevLogIndex":8,"prevLogTerm":1,"leaderCommit":8,"level":"Cluster","type":"AppendEntries","version":3}
2026-07-28T10:04:13.126933522Z Node N1 Cluster: commiting upto index 8
2026-07-28T10:04:13.127048038Z Sending message to node N3: {"term":3,"senderId":"N1","success":true,"matchIndex":8,"level":"Cluster","type":"AppendEntriesReply","version":3}
2026-07-28T10:04:13.126958998Z Node N2 Cluster: commiting upto index 8
2026-07-28T10:04:13.127175020Z Sending message to node N3: {"term":3,"senderId":"N2","success":true,"matchIndex":8,"level":"Cluster","type":"AppendEntriesReply","version":3}
2026-07-28T10:04:13.128195426Z Cluster: leader N3 received: {"term":3,"senderId":"N1","success":true,"matchIndex":8,"level":"Cluster","type":"AppendEntriesReply","version":3}
2026-07-28T10:04:13.129542852Z Cluster: leader N3 received: {"term":3,"senderId":"N2","success":true,"matchIndex":8,"level":"Cluster","type":"AppendEntriesReply","version":3}
2026-07-28T10:04:14.130012674Z Cluster: Node N3 - Leader sending heartbeats.
2026-07-28T10:04:14.130347712Z Cluster: leader node: N3 broadcasting append entries message
2026-07-28T10:04:14.130583689Z Sending message to node N1: {"term":3,"leaderId":"N3","prevLogIndex":8,"prevLogTerm":1,"leaderCommit":8,"level":"Cluster","type":"AppendEntries","version":3}
2026-07-28T10:04:14.131939869Z Cluster: follower N1 received: {"term":3,"leaderId":"N3","prevLogIndex":8,"prevLogTerm":1,"leaderCommit":8,"level":"Cluster","type":"AppendEntries","version":3}
2026-07-28T10:04:14.131341285Z Sending message to node N2: {"term":3,"leaderId":"N3","prevLogIndex":8,"prevLogTerm":1,"leaderCommit":8,"level":"Cluster","type":"AppendEntries","version":3}
2026-07-28T10:04:14.132465809Z Node N1 Cluster: commiting upto index 8
2026-07-28T10:04:14.133090221Z Sending message to node N3: {"term":3,"senderId":"N1","success":true,"matchIndex":8,"level":"Cluster","type":"AppendEntriesReply","version":3}
2026-07-28T10:04:14.133374848Z Sending message to node N10: {"term":3,"leaderId":"N3","prevLogIndex":8,"prevLogTerm":1,"leaderCommit":8,"level":"Cluster","type":"AppendEntries","version":3}
2026-07-28T10:04:14.134398659Z Cluster: leader N3 received: {"term":3,"senderId":"N1","success":true,"matchIndex":8,"level":"Cluster","type":"AppendEntriesReply","version":3}
2026-07-28T10:04:14.134606682Z Cluster: follower N2 received: {"term":3,"leaderId":"N3","prevLogIndex":8,"prevLogTerm":1,"leaderCommit":8,"level":"Cluster","type":"AppendEntries","version":3}
2026-07-28T10:04:14.134821265Z Node N2 Cluster: commiting upto index 8
2026-07-28T10:04:14.135088646Z Sending message to node N3: {"term":3,"senderId":"N2","success":true,"matchIndex":8,"level":"Cluster","type":"AppendEntriesReply","version":3}
2026-07-28T10:04:14.136119812Z Cluster: leader N3 received: {"term":3,"senderId":"N2","success":true,"matchIndex":8,"level":"Cluster","type":"AppendEntriesReply","version":3}
2026-07-28T10:04:15.136516440Z Cluster: Node N3 - Leader sending heartbeats.
2026-07-28T10:04:15.136789570Z Cluster: leader node: N3 broadcasting append entries message
2026-07-28T10:04:15.136921181Z Sending message to node N1: {"term":3,"leaderId":"N3","prevLogIndex":8,"prevLogTerm":1,"leaderCommit":8,"level":"Cluster","type":"AppendEntries","version":3}
2026-07-28T10:04:15.137452485Z Sending message to node N2: {"term":3,"leaderId":"N3","prevLogIndex":8,"prevLogTerm":1,"leaderCommit":8,"level":"Cluster","type":"AppendEntries","version":3}
2026-07-28T10:04:15.137847484Z Sending message to node N10: {"term":3,"leaderId":"N3","prevLogIndex":8,"prevLogTerm":1,"leaderCommit":8,"level":"Cluster","type":"AppendEntries","version":3}
2026-07-28T10:04:15.137975787Z Cluster: follower N1 received: {"term":3,"leaderId":"N3","prevLogIndex":8,"prevLogTerm":1,"leaderCommit":8,"level":"Cluster","type":"AppendEntries","version":3}
2026-07-28T10:04:15.138165431Z Node N1 Cluster: commiting upto index 8
2026-07-28T10:04:15.138243195Z Sending message to node N3: {"term":3,"senderId":"N1","success":true,"matchIndex":8,"level":"Cluster","type":"AppendEntriesReply","version":3}
2026-07-28T10:04:15.138835262Z Cluster: follower N2 received: {"term":3,"leaderId":"N3","prevLogIndex":8,"prevLogTerm":1,"leaderCommit":8,"level":"Cluster","type":"AppendEntries","version":3}
2026-07-28T10:04:15.139008456Z Node N2 Cluster: commiting upto index 8
2026-07-28T10:04:15.139095670Z Sending message to node N3: {"term":3,"senderId":"N2","success":true,"matchIndex":8,"level":"Cluster","type":"AppendEntriesReply","version":3}
2026-07-28T10:04:15.139760041Z Cluster: leader N3 received: {"term":3,"senderId":"N1","success":true,"matchIndex":8,"level":"Cluster","type":"AppendEntriesReply","version":3}
2026-07-28T10:04:15.139906580Z Cluster: leader N3 received: {"term":3,"senderId":"N2","success":true,"matchIndex":8,"level":"Cluster","type":"AppendEntriesReply","version":3}
2026-07-28T10:04:16.140113288Z Cluster: Node N3 - Leader sending heartbeats.
2026-07-28T10:04:16.140209110Z Cluster: leader node: N3 broadcasting append entries message
2026-07-28T10:04:16.140272068Z Sending message to node N1: {"term":3,"leaderId":"N3","prevLogIndex":8,"prevLogTerm":1,"leaderCommit":8,"level":"Cluster","type":"AppendEntries","version":3}
2026-07-28T10:04:16.148973114Z Sending message to node N2: {"term":3,"leaderId":"N3","prevLogIndex":8,"prevLogTerm":1,"leaderCommit":8,"level":"Cluster","type":"AppendEntries","version":3}
2026-07-28T10:04:16.149211498Z Cluster: follower N1 received: {"term":3,"leaderId":"N3","prevLogIndex":8,"prevLogTerm":1,"leaderCommit":8,"level":"Cluster","type":"AppendEntries","version":3}
2026-07-28T10:04:16.149243529Z Sending message to node N10: {"term":3,"leaderId":"N3","prevLogIndex":8,"prevLogTerm":1,"leaderCommit":8,"level":"Cluster","type":"AppendEntries","version":3}
2026-07-28T10:04:16.149346355Z Node N1 Cluster: commiting upto index 8
2026-07-28T10:04:16.149402962Z Sending message to node N3: {"term":3,"senderId":"N1","success":true,"matchIndex":8,"level":"Cluster","type":"AppendEntriesReply","version":3}
2026-07-28T10:04:16.149747637Z Cluster: follower N2 received: {"term":3,"leaderId":"N3","prevLogIndex":8,"prevLogTerm":1,"leaderCommit":8,"level":"Cluster","type":"AppendEntries","version":3}
2026-07-28T10:04:16.149789054Z Cluster: leader N3 received: {"term":3,"senderId":"N1","success":true,"matchIndex":8,"level":"Cluster","type":"AppendEntriesReply","version":3}
2026-07-28T10:04:16.149871394Z Node N2 Cluster: commiting upto index 8
2026-07-28T10:04:16.149966940Z Sending message to node N3: {"term":3,"senderId":"N2","success":true,"matchIndex":8,"level":"Cluster","type":"AppendEntriesReply","version":3}
2026-07-28T10:04:16.150404176Z Cluster: leader N3 received: {"term":3,"senderId":"N2","success":true,"matchIndex":8,"level":"Cluster","type":"AppendEntriesReply","version":3}
2026-07-28T10:04:17.150931707Z Cluster: Node N3 - Leader sending heartbeats.
2026-07-28T10:04:17.151310603Z Cluster: leader node: N3 broadcasting append entries message
2026-07-28T10:04:17.151515589Z Sending message to node N1: {"term":3,"leaderId":"N3","prevLogIndex":8,"prevLogTerm":1,"leaderCommit":8,"level":"Cluster","type":"AppendEntries","version":3}
2026-07-28T10:04:17.152277693Z Sending message to node N2: {"term":3,"leaderId":"N3","prevLogIndex":8,"prevLogTerm":1,"leaderCommit":8,"level":"Cluster","type":"AppendEntries","version":3}
2026-07-28T10:04:17.152850675Z Sending message to node N10: {"term":3,"leaderId":"N3","prevLogIndex":8,"prevLogTerm":1,"leaderCommit":8,"level":"Cluster","type":"AppendEntries","version":3}
2026-07-28T10:04:17.153096405Z Cluster: follower N1 received: {"term":3,"leaderId":"N3","prevLogIndex":8,"prevLogTerm":1,"leaderCommit":8,"level":"Cluster","type":"AppendEntries","version":3}
2026-07-28T10:04:17.153363603Z Node N1 Cluster: commiting upto index 8
2026-07-28T10:04:17.153475437Z Sending message to node N3: {"term":3,"senderId":"N1","success":true,"matchIndex":8,"level":"Cluster","type":"AppendEntriesReply","version":3}
2026-07-28T10:04:17.154244096Z Cluster: follower N2 received: {"term":3,"leaderId":"N3","prevLogIndex":8,"prevLogTerm":1,"leaderCommit":8,"level":"Cluster","type":"AppendEntries","version":3}
2026-07-28T10:04:17.154471425Z Node N2 Cluster: commiting upto index 8
2026-07-28T10:04:17.154610818Z Sending message to node N3: {"term":3,"senderId":"N2","success":true,"matchIndex":8,"level":"Cluster","type":"AppendEntriesReply","version":3}
2026-07-28T10:04:17.154932206Z Cluster: leader N3 received: {"term":3,"senderId":"N1","success":true,"matchIndex":8,"level":"Cluster","type":"AppendEntriesReply","version":3}
2026-07-28T10:04:17.156027043Z Cluster: leader N3 received: {"term":3,"senderId":"N2","success":true,"matchIndex":8,"level":"Cluster","type":"AppendEntriesReply","version":3}
2026-07-28T10:04:18.156349212Z Cluster: Node N3 - Leader sending heartbeats.
2026-07-28T10:04:18.156507889Z Cluster: leader node: N3 broadcasting append entries message
2026-07-28T10:04:18.156587850Z Sending message to node N1: {"term":3,"leaderId":"N3","prevLogIndex":8,"prevLogTerm":1,"leaderCommit":8,"level":"Cluster","type":"AppendEntries","version":3}
2026-07-28T10:04:18.169020879Z Sending message to node N2: {"term":3,"leaderId":"N3","prevLogIndex":8,"prevLogTerm":1,"leaderCommit":8,"level":"Cluster","type":"AppendEntries","version":3}
2026-07-28T10:04:18.169122303Z Cluster: follower N1 received: {"term":3,"leaderId":"N3","prevLogIndex":8,"prevLogTerm":1,"leaderCommit":8,"level":"Cluster","type":"AppendEntries","version":3}
2026-07-28T10:04:18.169203496Z Node N1 Cluster: commiting upto index 8
2026-07-28T10:04:18.169235940Z Sending message to node N3: {"term":3,"senderId":"N1","success":true,"matchIndex":8,"level":"Cluster","type":"AppendEntriesReply","version":3}
2026-07-28T10:04:18.169228610Z Sending message to node N10: {"term":3,"leaderId":"N3","prevLogIndex":8,"prevLogTerm":1,"leaderCommit":8,"level":"Cluster","type":"AppendEntries","version":3}
2026-07-28T10:04:18.169651096Z Cluster: leader N3 received: {"term":3,"senderId":"N1","success":true,"matchIndex":8,"level":"Cluster","type":"AppendEntriesReply","version":3}
2026-07-28T10:04:18.169696046Z Cluster: follower N2 received: {"term":3,"leaderId":"N3","prevLogIndex":8,"prevLogTerm":1,"leaderCommit":8,"level":"Cluster","type":"AppendEntries","version":3}
2026-07-28T10:04:18.169755205Z Node N2 Cluster: commiting upto index 8
2026-07-28T10:04:18.169792746Z Sending message to node N3: {"term":3,"senderId":"N2","success":true,"matchIndex":8,"level":"Cluster","type":"AppendEntriesReply","version":3}
2026-07-28T10:04:18.170054953Z Cluster: leader N3 received: {"term":3,"senderId":"N2","success":true,"matchIndex":8,"level":"Cluster","type":"AppendEntriesReply","version":3}
2026-07-28T10:04:19.170297041Z Cluster: Node N3 - Leader sending heartbeats.
2026-07-28T10:04:19.170443850Z Cluster: leader node: N3 broadcasting append entries message
2026-07-28T10:04:19.170508262Z Sending message to node N1: {"term":3,"leaderId":"N3","prevLogIndex":8,"prevLogTerm":1,"leaderCommit":8,"level":"Cluster","type":"AppendEntries","version":3}
2026-07-28T10:04:19.170864619Z Sending message to node N2: {"term":3,"leaderId":"N3","prevLogIndex":8,"prevLogTerm":1,"leaderCommit":8,"level":"Cluster","type":"AppendEntries","version":3}
2026-07-28T10:04:19.170970878Z Sending message to node N10: {"term":3,"leaderId":"N3","prevLogIndex":8,"prevLogTerm":1,"leaderCommit":8,"level":"Cluster","type":"AppendEntries","version":3}
2026-07-28T10:04:19.171102243Z Cluster: follower N1 received: {"term":3,"leaderId":"N3","prevLogIndex":8,"prevLogTerm":1,"leaderCommit":8,"level":"Cluster","type":"AppendEntries","version":3}
2026-07-28T10:04:19.171214856Z Node N1 Cluster: commiting upto index 8
2026-07-28T10:04:19.171237487Z Cluster: follower N2 received: {"term":3,"leaderId":"N3","prevLogIndex":8,"prevLogTerm":1,"leaderCommit":8,"level":"Cluster","type":"AppendEntries","version":3}
2026-07-28T10:04:19.171271874Z Sending message to node N3: {"term":3,"senderId":"N1","success":true,"matchIndex":8,"level":"Cluster","type":"AppendEntriesReply","version":3}
2026-07-28T10:04:19.171300825Z Node N2 Cluster: commiting upto index 8
2026-07-28T10:04:19.171366487Z Sending message to node N3: {"term":3,"senderId":"N2","success":true,"matchIndex":8,"level":"Cluster","type":"AppendEntriesReply","version":3}
2026-07-28T10:04:19.171515339Z Cluster: leader N3 received: {"term":3,"senderId":"N1","success":true,"matchIndex":8,"level":"Cluster","type":"AppendEntriesReply","version":3}
2026-07-28T10:04:19.171631459Z Cluster: leader N3 received: {"term":3,"senderId":"N2","success":true,"matchIndex":8,"level":"Cluster","type":"AppendEntriesReply","version":3}
2026-07-28T10:04:20.172808142Z Cluster: Node N3 - Leader sending heartbeats.
2026-07-28T10:04:20.173238770Z Cluster: leader node: N3 broadcasting append entries message
2026-07-28T10:04:20.173679792Z Sending message to node N1: {"term":3,"leaderId":"N3","prevLogIndex":8,"prevLogTerm":1,"leaderCommit":8,"level":"Cluster","type":"AppendEntries","version":3}
2026-07-28T10:04:20.174324095Z Sending message to node N2: {"term":3,"leaderId":"N3","prevLogIndex":8,"prevLogTerm":1,"leaderCommit":8,"level":"Cluster","type":"AppendEntries","version":3}
2026-07-28T10:04:20.174858725Z Sending message to node N10: {"term":3,"leaderId":"N3","prevLogIndex":8,"prevLogTerm":1,"leaderCommit":8,"level":"Cluster","type":"AppendEntries","version":3}
2026-07-28T10:04:20.174816446Z Cluster: follower N1 received: {"term":3,"leaderId":"N3","prevLogIndex":8,"prevLogTerm":1,"leaderCommit":8,"level":"Cluster","type":"AppendEntries","version":3}
2026-07-28T10:04:20.175081095Z Node N1 Cluster: commiting upto index 8
2026-07-28T10:04:20.175210176Z Sending message to node N3: {"term":3,"senderId":"N1","success":true,"matchIndex":8,"level":"Cluster","type":"AppendEntriesReply","version":3}
2026-07-28T10:04:20.175502127Z Cluster: follower N2 received: {"term":3,"leaderId":"N3","prevLogIndex":8,"prevLogTerm":1,"leaderCommit":8,"level":"Cluster","type":"AppendEntries","version":3}
2026-07-28T10:04:20.175722317Z Node N2 Cluster: commiting upto index 8
2026-07-28T10:04:20.175849564Z Sending message to node N3: {"term":3,"senderId":"N2","success":true,"matchIndex":8,"level":"Cluster","type":"AppendEntriesReply","version":3}
2026-07-28T10:04:20.176466684Z Cluster: leader N3 received: {"term":3,"senderId":"N1","success":true,"matchIndex":8,"level":"Cluster","type":"AppendEntriesReply","version":3}
2026-07-28T10:04:20.176847402Z Cluster: leader N3 received: {"term":3,"senderId":"N2","success":true,"matchIndex":8,"level":"Cluster","type":"AppendEntriesReply","version":3}
2026-07-28T10:04:23.547404547Z Cluster: Node N3 - Leader sending heartbeats.
2026-07-28T10:04:23.547650511Z Cluster: leader node: N3 broadcasting append entries message
2026-07-28T10:04:23.547776427Z Sending message to node N1: {"term":3,"leaderId":"N3","prevLogIndex":8,"prevLogTerm":1,"leaderCommit":8,"level":"Cluster","type":"AppendEntries","version":3}
2026-07-28T10:04:23.548175978Z Sending message to node N2: {"term":3,"leaderId":"N3","prevLogIndex":8,"prevLogTerm":1,"leaderCommit":8,"level":"Cluster","type":"AppendEntries","version":3}
2026-07-28T10:04:23.548477795Z Sending message to node N10: {"term":3,"leaderId":"N3","prevLogIndex":8,"prevLogTerm":1,"leaderCommit":8,"level":"Cluster","type":"AppendEntries","version":3}
2026-07-28T10:04:23.548523830Z Cluster: follower N1 received: {"term":3,"leaderId":"N3","prevLogIndex":8,"prevLogTerm":1,"leaderCommit":8,"level":"Cluster","type":"AppendEntries","version":3}
2026-07-28T10:04:23.548721052Z Node N1 Cluster: commiting upto index 8
2026-07-28T10:04:23.548857565Z Sending message to node N3: {"term":3,"senderId":"N1","success":true,"matchIndex":8,"level":"Cluster","type":"AppendEntriesReply","version":3}
2026-07-28T10:04:23.549437508Z Cluster: follower N2 received: {"term":3,"leaderId":"N3","prevLogIndex":8,"prevLogTerm":1,"leaderCommit":8,"level":"Cluster","type":"AppendEntries","version":3}
2026-07-28T10:04:23.549496942Z Cluster: leader N3 received: {"term":3,"senderId":"N1","success":true,"matchIndex":8,"level":"Cluster","type":"AppendEntriesReply","version":3}
2026-07-28T10:04:23.549589890Z Node N2 Cluster: commiting upto index 8
2026-07-28T10:04:23.549707194Z Sending message to node N3: {"term":3,"senderId":"N2","success":true,"matchIndex":8,"level":"Cluster","type":"AppendEntriesReply","version":3}
2026-07-28T10:04:23.550438371Z Cluster: leader N3 received: {"term":3,"senderId":"N2","success":true,"matchIndex":8,"level":"Cluster","type":"AppendEntriesReply","version":3}
2026-07-28T10:04:24.550928332Z Cluster: Node N3 - Leader sending heartbeats.
2026-07-28T10:04:24.551168232Z Cluster: leader node: N3 broadcasting append entries message
2026-07-28T10:04:24.551351251Z Sending message to node N1: {"term":3,"leaderId":"N3","prevLogIndex":8,"prevLogTerm":1,"leaderCommit":8,"level":"Cluster","type":"AppendEntries","version":3}
2026-07-28T10:04:24.551840717Z Sending message to node N2: {"term":3,"leaderId":"N3","prevLogIndex":8,"prevLogTerm":1,"leaderCommit":8,"level":"Cluster","type":"AppendEntries","version":3}
2026-07-28T10:04:24.552197546Z Sending message to node N10: {"term":3,"leaderId":"N3","prevLogIndex":8,"prevLogTerm":1,"leaderCommit":8,"level":"Cluster","type":"AppendEntries","version":3}
2026-07-28T10:04:24.552936739Z Cluster: follower N1 received: {"term":3,"leaderId":"N3","prevLogIndex":8,"prevLogTerm":1,"leaderCommit":8,"level":"Cluster","type":"AppendEntries","version":3}
2026-07-28T10:04:24.553160105Z Node N1 Cluster: commiting upto index 8
2026-07-28T10:04:24.553306274Z Sending message to node N3: {"term":3,"senderId":"N1","success":true,"matchIndex":8,"level":"Cluster","type":"AppendEntriesReply","version":3}
2026-07-28T10:04:24.553299503Z Cluster: follower N2 received: {"term":3,"leaderId":"N3","prevLogIndex":8,"prevLogTerm":1,"leaderCommit":8,"level":"Cluster","type":"AppendEntries","version":3}
2026-07-28T10:04:24.553424825Z Node N2 Cluster: commiting upto index 8
2026-07-28T10:04:24.553601063Z Sending message to node N3: {"term":3,"senderId":"N2","success":true,"matchIndex":8,"level":"Cluster","type":"AppendEntriesReply","version":3}
2026-07-28T10:04:24.554384680Z Cluster: leader N3 received: {"term":3,"senderId":"N1","success":true,"matchIndex":8,"level":"Cluster","type":"AppendEntriesReply","version":3}
2026-07-28T10:04:24.554605132Z Cluster: leader N3 received: {"term":3,"senderId":"N2","success":true,"matchIndex":8,"level":"Cluster","type":"AppendEntriesReply","version":3}
2026-07-28T10:04:25.555088440Z Cluster: Node N3 - Leader sending heartbeats.
2026-07-28T10:04:25.555345983Z Cluster: leader node: N3 broadcasting append entries message
2026-07-28T10:04:25.555473040Z Sending message to node N1: {"term":3,"leaderId":"N3","prevLogIndex":8,"prevLogTerm":1,"leaderCommit":8,"level":"Cluster","type":"AppendEntries","version":3}
2026-07-28T10:04:25.555852676Z Sending message to node N2: {"term":3,"leaderId":"N3","prevLogIndex":8,"prevLogTerm":1,"leaderCommit":8,"level":"Cluster","type":"AppendEntries","version":3}
2026-07-28T10:04:25.556082164Z Sending message to node N10: {"term":3,"leaderId":"N3","prevLogIndex":8,"prevLogTerm":1,"leaderCommit":8,"level":"Cluster","type":"AppendEntries","version":3}
2026-07-28T10:04:25.556222392Z Cluster: follower N1 received: {"term":3,"leaderId":"N3","prevLogIndex":8,"prevLogTerm":1,"leaderCommit":8,"level":"Cluster","type":"AppendEntries","version":3}
2026-07-28T10:04:25.556406494Z Node N1 Cluster: commiting upto index 8
2026-07-28T10:04:25.556533952Z Sending message to node N3: {"term":3,"senderId":"N1","success":true,"matchIndex":8,"level":"Cluster","type":"AppendEntriesReply","version":3}
2026-07-28T10:04:25.556509804Z Cluster: follower N2 received: {"term":3,"leaderId":"N3","prevLogIndex":8,"prevLogTerm":1,"leaderCommit":8,"level":"Cluster","type":"AppendEntries","version":3}
2026-07-28T10:04:25.556786022Z Node N2 Cluster: commiting upto index 8
2026-07-28T10:04:25.556926924Z Sending message to node N3: {"term":3,"senderId":"N2","success":true,"matchIndex":8,"level":"Cluster","type":"AppendEntriesReply","version":3}
2026-07-28T10:04:25.557254921Z Cluster: leader N3 received: {"term":3,"senderId":"N1","success":true,"matchIndex":8,"level":"Cluster","type":"AppendEntriesReply","version":3}
2026-07-28T10:04:25.557384609Z Cluster: leader N3 received: {"term":3,"senderId":"N2","success":true,"matchIndex":8,"level":"Cluster","type":"AppendEntriesReply","version":3}
2026-07-28T10:04:26.558376184Z Cluster: Node N3 - Leader sending heartbeats.
2026-07-28T10:04:26.558757129Z Cluster: leader node: N3 broadcasting append entries message
2026-07-28T10:04:26.558865126Z Sending message to node N1: {"term":3,"leaderId":"N3","prevLogIndex":8,"prevLogTerm":1,"leaderCommit":8,"level":"Cluster","type":"AppendEntries","version":3}
2026-07-28T10:04:26.559095099Z Sending message to node N2: {"term":3,"leaderId":"N3","prevLogIndex":8,"prevLogTerm":1,"leaderCommit":8,"level":"Cluster","type":"AppendEntries","version":3}
2026-07-28T10:04:26.559222207Z Sending message to node N10: {"term":3,"leaderId":"N3","prevLogIndex":8,"prevLogTerm":1,"leaderCommit":8,"level":"Cluster","type":"AppendEntries","version":3}
2026-07-28T10:04:26.559324988Z Cluster: follower N1 received: {"term":3,"leaderId":"N3","prevLogIndex":8,"prevLogTerm":1,"leaderCommit":8,"level":"Cluster","type":"AppendEntries","version":3}
2026-07-28T10:04:26.559415337Z Node N1 Cluster: commiting upto index 8
2026-07-28T10:04:26.559454882Z Sending message to node N3: {"term":3,"senderId":"N1","success":true,"matchIndex":8,"level":"Cluster","type":"AppendEntriesReply","version":3}
2026-07-28T10:04:26.559564907Z Cluster: follower N2 received: {"term":3,"leaderId":"N3","prevLogIndex":8,"prevLogTerm":1,"leaderCommit":8,"level":"Cluster","type":"AppendEntries","version":3}
2026-07-28T10:04:26.559634705Z Node N2 Cluster: commiting upto index 8
2026-07-28T10:04:26.559678766Z Sending message to node N3: {"term":3,"senderId":"N2","success":true,"matchIndex":8,"level":"Cluster","type":"AppendEntriesReply","version":3}
2026-07-28T10:04:26.559764063Z Cluster: leader N3 received: {"term":3,"senderId":"N1","success":true,"matchIndex":8,"level":"Cluster","type":"AppendEntriesReply","version":3}
2026-07-28T10:04:26.559967681Z Cluster: leader N3 received: {"term":3,"senderId":"N2","success":true,"matchIndex":8,"level":"Cluster","type":"AppendEntriesReply","version":3}
2026-07-28T10:04:27.560396395Z Cluster: Node N3 - Leader sending heartbeats.
2026-07-28T10:04:27.560651268Z Cluster: leader node: N3 broadcasting append entries message
2026-07-28T10:04:27.560785682Z Sending message to node N1: {"term":3,"leaderId":"N3","prevLogIndex":8,"prevLogTerm":1,"leaderCommit":8,"level":"Cluster","type":"AppendEntries","version":3}
2026-07-28T10:04:27.561283655Z Sending message to node N2: {"term":3,"leaderId":"N3","prevLogIndex":8,"prevLogTerm":1,"leaderCommit":8,"level":"Cluster","type":"AppendEntries","version":3}
2026-07-28T10:04:27.561614860Z Sending message to node N10: {"term":3,"leaderId":"N3","prevLogIndex":8,"prevLogTerm":1,"leaderCommit":8,"level":"Cluster","type":"AppendEntries","version":3}
2026-07-28T10:04:27.561716601Z Cluster: follower N1 received: {"term":3,"leaderId":"N3","prevLogIndex":8,"prevLogTerm":1,"leaderCommit":8,"level":"Cluster","type":"AppendEntries","version":3}
2026-07-28T10:04:27.561963966Z Node N1 Cluster: commiting upto index 8
2026-07-28T10:04:27.562157860Z Sending message to node N3: {"term":3,"senderId":"N1","success":true,"matchIndex":8,"level":"Cluster","type":"AppendEntriesReply","version":3}
2026-07-28T10:04:27.562203982Z Cluster: follower N2 received: {"term":3,"leaderId":"N3","prevLogIndex":8,"prevLogTerm":1,"leaderCommit":8,"level":"Cluster","type":"AppendEntries","version":3}
2026-07-28T10:04:27.562426967Z Node N2 Cluster: commiting upto index 8
2026-07-28T10:04:27.562609311Z Sending message to node N3: {"term":3,"senderId":"N2","success":true,"matchIndex":8,"level":"Cluster","type":"AppendEntriesReply","version":3}
2026-07-28T10:04:27.563017410Z Cluster: leader N3 received: {"term":3,"senderId":"N1","success":true,"matchIndex":8,"level":"Cluster","type":"AppendEntriesReply","version":3}
2026-07-28T10:04:27.563431050Z Cluster: leader N3 received: {"term":3,"senderId":"N2","success":true,"matchIndex":8,"level":"Cluster","type":"AppendEntriesReply","version":3}
2026-07-28T10:04:28.563778015Z Cluster: Node N3 - Leader sending heartbeats.
2026-07-28T10:04:28.563927145Z Cluster: leader node: N3 broadcasting append entries message
2026-07-28T10:04:28.563997131Z Sending message to node N1: {"term":3,"leaderId":"N3","prevLogIndex":8,"prevLogTerm":1,"leaderCommit":8,"level":"Cluster","type":"AppendEntries","version":3}
2026-07-28T10:04:28.564283252Z Sending message to node N2: {"term":3,"leaderId":"N3","prevLogIndex":8,"prevLogTerm":1,"leaderCommit":8,"level":"Cluster","type":"AppendEntries","version":3}
2026-07-28T10:04:28.564606175Z Sending message to node N10: {"term":3,"leaderId":"N3","prevLogIndex":8,"prevLogTerm":1,"leaderCommit":8,"level":"Cluster","type":"AppendEntries","version":3}
2026-07-28T10:04:28.564795087Z Cluster: follower N1 received: {"term":3,"leaderId":"N3","prevLogIndex":8,"prevLogTerm":1,"leaderCommit":8,"level":"Cluster","type":"AppendEntries","version":3}
2026-07-28T10:04:28.565033323Z Node N1 Cluster: commiting upto index 8
2026-07-28T10:04:28.565290970Z Sending message to node N3: {"term":3,"senderId":"N1","success":true,"matchIndex":8,"level":"Cluster","type":"AppendEntriesReply","version":3}
2026-07-28T10:04:28.565410750Z Cluster: follower N2 received: {"term":3,"leaderId":"N3","prevLogIndex":8,"prevLogTerm":1,"leaderCommit":8,"level":"Cluster","type":"AppendEntries","version":3}
2026-07-28T10:04:28.565496210Z Node N2 Cluster: commiting upto index 8
2026-07-28T10:04:28.565633512Z Sending message to node N3: {"term":3,"senderId":"N2","success":true,"matchIndex":8,"level":"Cluster","type":"AppendEntriesReply","version":3}
2026-07-28T10:04:28.566059912Z Cluster: leader N3 received: {"term":3,"senderId":"N1","success":true,"matchIndex":8,"level":"Cluster","type":"AppendEntriesReply","version":3}
2026-07-28T10:04:28.566147119Z Cluster: leader N3 received: {"term":3,"senderId":"N2","success":true,"matchIndex":8,"level":"Cluster","type":"AppendEntriesReply","version":3}
2026-07-28T10:04:29.566340596Z Cluster: Node N3 - Leader sending heartbeats.
2026-07-28T10:04:29.566463100Z Cluster: leader node: N3 broadcasting append entries message
2026-07-28T10:04:29.566528304Z Sending message to node N1: {"term":3,"leaderId":"N3","prevLogIndex":8,"prevLogTerm":1,"leaderCommit":8,"level":"Cluster","type":"AppendEntries","version":3}
2026-07-28T10:04:29.566807458Z Sending message to node N2: {"term":3,"leaderId":"N3","prevLogIndex":8,"prevLogTerm":1,"leaderCommit":8,"level":"Cluster","type":"AppendEntries","version":3}
2026-07-28T10:04:29.566964942Z Sending message to node N10: {"term":3,"leaderId":"N3","prevLogIndex":8,"prevLogTerm":1,"leaderCommit":8,"level":"Cluster","type":"AppendEntries","version":3}
2026-07-28T10:04:29.567333713Z Cluster: follower N1 received: {"term":3,"leaderId":"N3","prevLogIndex":8,"prevLogTerm":1,"leaderCommit":8,"level":"Cluster","type":"AppendEntries","version":3}
2026-07-28T10:04:29.567468706Z Node N1 Cluster: commiting upto index 8
2026-07-28T10:04:29.567457022Z Cluster: follower N2 received: {"term":3,"leaderId":"N3","prevLogIndex":8,"prevLogTerm":1,"leaderCommit":8,"level":"Cluster","type":"AppendEntries","version":3}
2026-07-28T10:04:29.567526905Z Node N2 Cluster: commiting upto index 8
2026-07-28T10:04:29.567529431Z Sending message to node N3: {"term":3,"senderId":"N1","success":true,"matchIndex":8,"level":"Cluster","type":"AppendEntriesReply","version":3}
2026-07-28T10:04:29.567571510Z Sending message to node N3: {"term":3,"senderId":"N2","success":true,"matchIndex":8,"level":"Cluster","type":"AppendEntriesReply","version":3}
2026-07-28T10:04:29.568011431Z Cluster: leader N3 received: {"term":3,"senderId":"N1","success":true,"matchIndex":8,"level":"Cluster","type":"AppendEntriesReply","version":3}
2026-07-28T10:04:29.568082649Z Cluster: leader N3 received: {"term":3,"senderId":"N2","success":true,"matchIndex":8,"level":"Cluster","type":"AppendEntriesReply","version":3}
2026-07-28T10:04:30.568991730Z Cluster: Node N3 - Leader sending heartbeats.
2026-07-28T10:04:30.570274605Z Cluster: leader node: N3 broadcasting append entries message
2026-07-28T10:04:30.570632106Z Sending message to node N1: {"term":3,"leaderId":"N3","prevLogIndex":8,"prevLogTerm":1,"leaderCommit":8,"level":"Cluster","type":"AppendEntries","version":3}
2026-07-28T10:04:30.571294497Z Sending message to node N2: {"term":3,"leaderId":"N3","prevLogIndex":8,"prevLogTerm":1,"leaderCommit":8,"level":"Cluster","type":"AppendEntries","version":3}
2026-07-28T10:04:30.571744619Z Sending message to node N10: {"term":3,"leaderId":"N3","prevLogIndex":8,"prevLogTerm":1,"leaderCommit":8,"level":"Cluster","type":"AppendEntries","version":3}
2026-07-28T10:04:30.574137353Z Cluster: follower N2 received: {"term":3,"leaderId":"N3","prevLogIndex":8,"prevLogTerm":1,"leaderCommit":8,"level":"Cluster","type":"AppendEntries","version":3}
2026-07-28T10:04:30.574238608Z Cluster: follower N1 received: {"term":3,"leaderId":"N3","prevLogIndex":8,"prevLogTerm":1,"leaderCommit":8,"level":"Cluster","type":"AppendEntries","version":3}
2026-07-28T10:04:30.574312255Z Node N2 Cluster: commiting upto index 8
2026-07-28T10:04:30.574415233Z Sending message to node N3: {"term":3,"senderId":"N2","success":true,"matchIndex":8,"level":"Cluster","type":"AppendEntriesReply","version":3}
2026-07-28T10:04:30.574485937Z Node N1 Cluster: commiting upto index 8
2026-07-28T10:04:30.574567439Z Sending message to node N3: {"term":3,"senderId":"N1","success":true,"matchIndex":8,"level":"Cluster","type":"AppendEntriesReply","version":3}
2026-07-28T10:04:30.576449625Z Cluster: leader N3 received: {"term":3,"senderId":"N2","success":true,"matchIndex":8,"level":"Cluster","type":"AppendEntriesReply","version":3}
2026-07-28T10:04:30.576965007Z Cluster: leader N3 received: {"term":3,"senderId":"N1","success":true,"matchIndex":8,"level":"Cluster","type":"AppendEntriesReply","version":3}
2026-07-28T10:04:31.577318318Z Cluster: Node N3 - Leader sending heartbeats.
2026-07-28T10:04:31.577509523Z Cluster: leader node: N3 broadcasting append entries message
2026-07-28T10:04:31.577564070Z Sending message to node N1: {"term":3,"leaderId":"N3","prevLogIndex":8,"prevLogTerm":1,"leaderCommit":8,"level":"Cluster","type":"AppendEntries","version":3}
2026-07-28T10:04:31.577757006Z Sending message to node N2: {"term":3,"leaderId":"N3","prevLogIndex":8,"prevLogTerm":1,"leaderCommit":8,"level":"Cluster","type":"AppendEntries","version":3}
2026-07-28T10:04:31.577866962Z Sending message to node N10: {"term":3,"leaderId":"N3","prevLogIndex":8,"prevLogTerm":1,"leaderCommit":8,"level":"Cluster","type":"AppendEntries","version":3}
2026-07-28T10:04:31.578410530Z Cluster: follower N1 received: {"term":3,"leaderId":"N3","prevLogIndex":8,"prevLogTerm":1,"leaderCommit":8,"level":"Cluster","type":"AppendEntries","version":3}
2026-07-28T10:04:31.578515700Z Node N1 Cluster: commiting upto index 8
2026-07-28T10:04:31.578551641Z Sending message to node N3: {"term":3,"senderId":"N1","success":true,"matchIndex":8,"level":"Cluster","type":"AppendEntriesReply","version":3}
2026-07-28T10:04:31.578934544Z Cluster: follower N2 received: {"term":3,"leaderId":"N3","prevLogIndex":8,"prevLogTerm":1,"leaderCommit":8,"level":"Cluster","type":"AppendEntries","version":3}
2026-07-28T10:04:31.579006627Z Node N2 Cluster: commiting upto index 8
2026-07-28T10:04:31.579044129Z Sending message to node N3: {"term":3,"senderId":"N2","success":true,"matchIndex":8,"level":"Cluster","type":"AppendEntriesReply","version":3}
2026-07-28T10:04:31.579428712Z Cluster: leader N3 received: {"term":3,"senderId":"N1","success":true,"matchIndex":8,"level":"Cluster","type":"AppendEntriesReply","version":3}
2026-07-28T10:04:31.579490628Z Cluster: leader N3 received: {"term":3,"senderId":"N2","success":true,"matchIndex":8,"level":"Cluster","type":"AppendEntriesReply","version":3}
2026-07-28T10:04:32.580011229Z Cluster: Node N3 - Leader sending heartbeats.
2026-07-28T10:04:32.580114795Z Cluster: leader node: N3 broadcasting append entries message
2026-07-28T10:04:32.580175512Z Sending message to node N1: {"term":3,"leaderId":"N3","prevLogIndex":8,"prevLogTerm":1,"leaderCommit":8,"level":"Cluster","type":"AppendEntries","version":3}
2026-07-28T10:04:32.580383529Z Sending message to node N2: {"term":3,"leaderId":"N3","prevLogIndex":8,"prevLogTerm":1,"leaderCommit":8,"level":"Cluster","type":"AppendEntries","version":3}
2026-07-28T10:04:32.580696415Z Sending message to node N10: {"term":3,"leaderId":"N3","prevLogIndex":8,"prevLogTerm":1,"leaderCommit":8,"level":"Cluster","type":"AppendEntries","version":3}
2026-07-28T10:04:32.580847851Z Cluster: follower N1 received: {"term":3,"leaderId":"N3","prevLogIndex":8,"prevLogTerm":1,"leaderCommit":8,"level":"Cluster","type":"AppendEntries","version":3}
2026-07-28T10:04:32.580932108Z Node N1 Cluster: commiting upto index 8
2026-07-28T10:04:32.580971579Z Sending message to node N3: {"term":3,"senderId":"N1","success":true,"matchIndex":8,"level":"Cluster","type":"AppendEntriesReply","version":3}
2026-07-28T10:04:32.581730660Z Cluster: follower N2 received: {"term":3,"leaderId":"N3","prevLogIndex":8,"prevLogTerm":1,"leaderCommit":8,"level":"Cluster","type":"AppendEntries","version":3}
2026-07-28T10:04:32.581823523Z Node N2 Cluster: commiting upto index 8
2026-07-28T10:04:32.581873822Z Sending message to node N3: {"term":3,"senderId":"N2","success":true,"matchIndex":8,"level":"Cluster","type":"AppendEntriesReply","version":3}
2026-07-28T10:04:32.582332942Z Cluster: leader N3 received: {"term":3,"senderId":"N1","success":true,"matchIndex":8,"level":"Cluster","type":"AppendEntriesReply","version":3}
2026-07-28T10:04:32.582535110Z Cluster: leader N3 received: {"term":3,"senderId":"N2","success":true,"matchIndex":8,"level":"Cluster","type":"AppendEntriesReply","version":3}
2026-07-28T10:04:33.582747486Z Cluster: Node N3 - Leader sending heartbeats.
2026-07-28T10:04:33.582915335Z Cluster: leader node: N3 broadcasting append entries message
2026-07-28T10:04:33.582999609Z Sending message to node N1: {"term":3,"leaderId":"N3","prevLogIndex":8,"prevLogTerm":1,"leaderCommit":8,"level":"Cluster","type":"AppendEntries","version":3}
2026-07-28T10:04:33.583232607Z Sending message to node N2: {"term":3,"leaderId":"N3","prevLogIndex":8,"prevLogTerm":1,"leaderCommit":8,"level":"Cluster","type":"AppendEntries","version":3}
2026-07-28T10:04:33.583366881Z Sending message to node N10: {"term":3,"leaderId":"N3","prevLogIndex":8,"prevLogTerm":1,"leaderCommit":8,"level":"Cluster","type":"AppendEntries","version":3}
2026-07-28T10:04:33.583709557Z Cluster: follower N1 received: {"term":3,"leaderId":"N3","prevLogIndex":8,"prevLogTerm":1,"leaderCommit":8,"level":"Cluster","type":"AppendEntries","version":3}
2026-07-28T10:04:33.583758463Z Cluster: follower N2 received: {"term":3,"leaderId":"N3","prevLogIndex":8,"prevLogTerm":1,"leaderCommit":8,"level":"Cluster","type":"AppendEntries","version":3}
2026-07-28T10:04:33.583814356Z Node N1 Cluster: commiting upto index 8
2026-07-28T10:04:33.583846215Z Node N2 Cluster: commiting upto index 8
2026-07-28T10:04:33.583858405Z Sending message to node N3: {"term":3,"senderId":"N1","success":true,"matchIndex":8,"level":"Cluster","type":"AppendEntriesReply","version":3}
2026-07-28T10:04:33.583893835Z Sending message to node N3: {"term":3,"senderId":"N2","success":true,"matchIndex":8,"level":"Cluster","type":"AppendEntriesReply","version":3}
2026-07-28T10:04:33.584320433Z Cluster: leader N3 received: {"term":3,"senderId":"N1","success":true,"matchIndex":8,"level":"Cluster","type":"AppendEntriesReply","version":3}
2026-07-28T10:04:33.584392713Z Cluster: leader N3 received: {"term":3,"senderId":"N2","success":true,"matchIndex":8,"level":"Cluster","type":"AppendEntriesReply","version":3}
2026-07-28T10:04:34.584631078Z Cluster: Node N3 - Leader sending heartbeats.
2026-07-28T10:04:34.584758549Z Cluster: leader node: N3 broadcasting append entries message
2026-07-28T10:04:34.584832254Z Sending message to node N1: {"term":3,"leaderId":"N3","prevLogIndex":8,"prevLogTerm":1,"leaderCommit":8,"level":"Cluster","type":"AppendEntries","version":3}
2026-07-28T10:04:34.585130584Z Sending message to node N2: {"term":3,"leaderId":"N3","prevLogIndex":8,"prevLogTerm":1,"leaderCommit":8,"level":"Cluster","type":"AppendEntries","version":3}
2026-07-28T10:04:34.585318156Z Sending message to node N10: {"term":3,"leaderId":"N3","prevLogIndex":8,"prevLogTerm":1,"leaderCommit":8,"level":"Cluster","type":"AppendEntries","version":3}
2026-07-28T10:04:34.585416677Z Cluster: follower N1 received: {"term":3,"leaderId":"N3","prevLogIndex":8,"prevLogTerm":1,"leaderCommit":8,"level":"Cluster","type":"AppendEntries","version":3}
2026-07-28T10:04:34.585522799Z Node N1 Cluster: commiting upto index 8
2026-07-28T10:04:34.585614803Z Sending message to node N3: {"term":3,"senderId":"N1","success":true,"matchIndex":8,"level":"Cluster","type":"AppendEntriesReply","version":3}
2026-07-28T10:04:34.585728564Z Cluster: follower N2 received: {"term":3,"leaderId":"N3","prevLogIndex":8,"prevLogTerm":1,"leaderCommit":8,"level":"Cluster","type":"AppendEntries","version":3}
2026-07-28T10:04:34.585823319Z Node N2 Cluster: commiting upto index 8
2026-07-28T10:04:34.585925861Z Sending message to node N3: {"term":3,"senderId":"N2","success":true,"matchIndex":8,"level":"Cluster","type":"AppendEntriesReply","version":3}
2026-07-28T10:04:34.586243301Z Cluster: leader N3 received: {"term":3,"senderId":"N1","success":true,"matchIndex":8,"level":"Cluster","type":"AppendEntriesReply","version":3}
2026-07-28T10:04:34.586340187Z Cluster: leader N3 received: {"term":3,"senderId":"N2","success":true,"matchIndex":8,"level":"Cluster","type":"AppendEntriesReply","version":3}
2026-07-28T10:04:35.586778551Z Cluster: Node N3 - Leader sending heartbeats.
2026-07-28T10:04:35.586936078Z Cluster: leader node: N3 broadcasting append entries message
2026-07-28T10:04:35.586999149Z Sending message to node N1: {"term":3,"leaderId":"N3","prevLogIndex":8,"prevLogTerm":1,"leaderCommit":8,"level":"Cluster","type":"AppendEntries","version":3}
2026-07-28T10:04:35.587190120Z Sending message to node N2: {"term":3,"leaderId":"N3","prevLogIndex":8,"prevLogTerm":1,"leaderCommit":8,"level":"Cluster","type":"AppendEntries","version":3}
2026-07-28T10:04:35.587285136Z Sending message to node N10: {"term":3,"leaderId":"N3","prevLogIndex":8,"prevLogTerm":1,"leaderCommit":8,"level":"Cluster","type":"AppendEntries","version":3}
2026-07-28T10:04:35.587378411Z Cluster: follower N1 received: {"term":3,"leaderId":"N3","prevLogIndex":8,"prevLogTerm":1,"leaderCommit":8,"level":"Cluster","type":"AppendEntries","version":3}
2026-07-28T10:04:35.587470702Z Node N1 Cluster: commiting upto index 8
2026-07-28T10:04:35.587512080Z Sending message to node N3: {"term":3,"senderId":"N1","success":true,"matchIndex":8,"level":"Cluster","type":"AppendEntriesReply","version":3}
2026-07-28T10:04:35.587580110Z Cluster: follower N2 received: {"term":3,"leaderId":"N3","prevLogIndex":8,"prevLogTerm":1,"leaderCommit":8,"level":"Cluster","type":"AppendEntries","version":3}
2026-07-28T10:04:35.587644413Z Node N2 Cluster: commiting upto index 8
2026-07-28T10:04:35.587686755Z Sending message to node N3: {"term":3,"senderId":"N2","success":true,"matchIndex":8,"level":"Cluster","type":"AppendEntriesReply","version":3}
2026-07-28T10:04:35.587853263Z Cluster: leader N3 received: {"term":3,"senderId":"N1","success":true,"matchIndex":8,"level":"Cluster","type":"AppendEntriesReply","version":3}
2026-07-28T10:04:35.587967584Z Cluster: leader N3 received: {"term":3,"senderId":"N2","success":true,"matchIndex":8,"level":"Cluster","type":"AppendEntriesReply","version":3}
2026-07-28T10:04:36.588318004Z Cluster: Node N3 - Leader sending heartbeats.
2026-07-28T10:04:36.588473242Z Cluster: leader node: N3 broadcasting append entries message
2026-07-28T10:04:36.589343002Z Sending message to node N1: {"term":3,"leaderId":"N3","prevLogIndex":8,"prevLogTerm":1,"leaderCommit":8,"level":"Cluster","type":"AppendEntries","version":3}
2026-07-28T10:04:36.589880059Z Sending message to node N2: {"term":3,"leaderId":"N3","prevLogIndex":8,"prevLogTerm":1,"leaderCommit":8,"level":"Cluster","type":"AppendEntries","version":3}
2026-07-28T10:04:36.590314845Z Cluster: follower N1 received: {"term":3,"leaderId":"N3","prevLogIndex":8,"prevLogTerm":1,"leaderCommit":8,"level":"Cluster","type":"AppendEntries","version":3}
2026-07-28T10:04:36.590432786Z Node N1 Cluster: commiting upto index 8
2026-07-28T10:04:36.590510921Z Sending message to node N3: {"term":3,"senderId":"N1","success":true,"matchIndex":8,"level":"Cluster","type":"AppendEntriesReply","version":3}
2026-07-28T10:04:36.602289350Z Sending message to node N10: {"term":3,"leaderId":"N3","prevLogIndex":8,"prevLogTerm":1,"leaderCommit":8,"level":"Cluster","type":"AppendEntries","version":3}
2026-07-28T10:04:36.602555925Z Cluster: leader N3 received: {"term":3,"senderId":"N1","success":true,"matchIndex":8,"level":"Cluster","type":"AppendEntriesReply","version":3}
2026-07-28T10:04:36.602545846Z Cluster: follower N2 received: {"term":3,"leaderId":"N3","prevLogIndex":8,"prevLogTerm":1,"leaderCommit":8,"level":"Cluster","type":"AppendEntries","version":3}
2026-07-28T10:04:36.602620211Z Node N2 Cluster: commiting upto index 8
2026-07-28T10:04:36.602675718Z Sending message to node N3: {"term":3,"senderId":"N2","success":true,"matchIndex":8,"level":"Cluster","type":"AppendEntriesReply","version":3}
2026-07-28T10:04:36.603045473Z Cluster: leader N3 received: {"term":3,"senderId":"N2","success":true,"matchIndex":8,"level":"Cluster","type":"AppendEntriesReply","version":3}
2026-07-28T10:04:37.604082029Z Cluster: Node N3 - Leader sending heartbeats.
2026-07-28T10:04:37.604238008Z Cluster: leader node: N3 broadcasting append entries message
2026-07-28T10:04:37.604440578Z Sending message to node N1: {"term":3,"leaderId":"N3","prevLogIndex":8,"prevLogTerm":1,"leaderCommit":8,"level":"Cluster","type":"AppendEntries","version":3}
2026-07-28T10:04:37.604803088Z Sending message to node N2: {"term":3,"leaderId":"N3","prevLogIndex":8,"prevLogTerm":1,"leaderCommit":8,"level":"Cluster","type":"AppendEntries","version":3}
2026-07-28T10:04:37.605041779Z Sending message to node N10: {"term":3,"leaderId":"N3","prevLogIndex":8,"prevLogTerm":1,"leaderCommit":8,"level":"Cluster","type":"AppendEntries","version":3}
2026-07-28T10:04:37.605213246Z Cluster: follower N1 received: {"term":3,"leaderId":"N3","prevLogIndex":8,"prevLogTerm":1,"leaderCommit":8,"level":"Cluster","type":"AppendEntries","version":3}
2026-07-28T10:04:37.605392547Z Node N1 Cluster: commiting upto index 8
2026-07-28T10:04:37.605485268Z Sending message to node N3: {"term":3,"senderId":"N1","success":true,"matchIndex":8,"level":"Cluster","type":"AppendEntriesReply","version":3}
2026-07-28T10:04:37.605496741Z Cluster: follower N2 received: {"term":3,"leaderId":"N3","prevLogIndex":8,"prevLogTerm":1,"leaderCommit":8,"level":"Cluster","type":"AppendEntries","version":3}
2026-07-28T10:04:37.605593807Z Node N2 Cluster: commiting upto index 8
2026-07-28T10:04:37.605710138Z Sending message to node N3: {"term":3,"senderId":"N2","success":true,"matchIndex":8,"level":"Cluster","type":"AppendEntriesReply","version":3}
2026-07-28T10:04:37.606049840Z Cluster: leader N3 received: {"term":3,"senderId":"N1","success":true,"matchIndex":8,"level":"Cluster","type":"AppendEntriesReply","version":3}
2026-07-28T10:04:37.606376655Z Cluster: leader N3 received: {"term":3,"senderId":"N2","success":true,"matchIndex":8,"level":"Cluster","type":"AppendEntriesReply","version":3}
2026-07-28T10:04:38.606627333Z Cluster: Node N3 - Leader sending heartbeats.
2026-07-28T10:04:38.606727793Z Cluster: leader node: N3 broadcasting append entries message
2026-07-28T10:04:38.606794653Z Sending message to node N1: {"term":3,"leaderId":"N3","prevLogIndex":8,"prevLogTerm":1,"leaderCommit":8,"level":"Cluster","type":"AppendEntries","version":3}
2026-07-28T10:04:38.607030684Z Sending message to node N2: {"term":3,"leaderId":"N3","prevLogIndex":8,"prevLogTerm":1,"leaderCommit":8,"level":"Cluster","type":"AppendEntries","version":3}
2026-07-28T10:04:38.607150619Z Sending message to node N10: {"term":3,"leaderId":"N3","prevLogIndex":8,"prevLogTerm":1,"leaderCommit":8,"level":"Cluster","type":"AppendEntries","version":3}
2026-07-28T10:04:38.607261588Z Cluster: follower N1 received: {"term":3,"leaderId":"N3","prevLogIndex":8,"prevLogTerm":1,"leaderCommit":8,"level":"Cluster","type":"AppendEntries","version":3}
2026-07-28T10:04:38.607379806Z Node N1 Cluster: commiting upto index 8
2026-07-28T10:04:38.607439053Z Sending message to node N3: {"term":3,"senderId":"N1","success":true,"matchIndex":8,"level":"Cluster","type":"AppendEntriesReply","version":3}
2026-07-28T10:04:38.607438269Z Cluster: follower N2 received: {"term":3,"leaderId":"N3","prevLogIndex":8,"prevLogTerm":1,"leaderCommit":8,"level":"Cluster","type":"AppendEntries","version":3}
2026-07-28T10:04:38.607501147Z Node N2 Cluster: commiting upto index 8
2026-07-28T10:04:38.607569157Z Sending message to node N3: {"term":3,"senderId":"N2","success":true,"matchIndex":8,"level":"Cluster","type":"AppendEntriesReply","version":3}
2026-07-28T10:04:38.607725573Z Cluster: leader N3 received: {"term":3,"senderId":"N1","success":true,"matchIndex":8,"level":"Cluster","type":"AppendEntriesReply","version":3}
2026-07-28T10:04:38.607882690Z Cluster: leader N3 received: {"term":3,"senderId":"N2","success":true,"matchIndex":8,"level":"Cluster","type":"AppendEntriesReply","version":3}
2026-07-28T10:04:39.608067013Z Cluster: Node N3 - Leader sending heartbeats.
2026-07-28T10:04:39.608160775Z Cluster: leader node: N3 broadcasting append entries message
2026-07-28T10:04:39.608199153Z Sending message to node N1: {"term":3,"leaderId":"N3","prevLogIndex":8,"prevLogTerm":1,"leaderCommit":8,"level":"Cluster","type":"AppendEntries","version":3}
2026-07-28T10:04:39.608403143Z Sending message to node N2: {"term":3,"leaderId":"N3","prevLogIndex":8,"prevLogTerm":1,"leaderCommit":8,"level":"Cluster","type":"AppendEntries","version":3}
2026-07-28T10:04:39.608511016Z Sending message to node N10: {"term":3,"leaderId":"N3","prevLogIndex":8,"prevLogTerm":1,"leaderCommit":8,"level":"Cluster","type":"AppendEntries","version":3}
2026-07-28T10:04:39.608756979Z Cluster: follower N1 received: {"term":3,"leaderId":"N3","prevLogIndex":8,"prevLogTerm":1,"leaderCommit":8,"level":"Cluster","type":"AppendEntries","version":3}
2026-07-28T10:04:39.608895542Z Node N1 Cluster: commiting upto index 8
2026-07-28T10:04:39.608932392Z Cluster: follower N2 received: {"term":3,"leaderId":"N3","prevLogIndex":8,"prevLogTerm":1,"leaderCommit":8,"level":"Cluster","type":"AppendEntries","version":3}
2026-07-28T10:04:39.609005344Z Node N2 Cluster: commiting upto index 8
2026-07-28T10:04:39.609011252Z Sending message to node N3: {"term":3,"senderId":"N1","success":true,"matchIndex":8,"level":"Cluster","type":"AppendEntriesReply","version":3}
2026-07-28T10:04:39.609057520Z Sending message to node N3: {"term":3,"senderId":"N2","success":true,"matchIndex":8,"level":"Cluster","type":"AppendEntriesReply","version":3}
2026-07-28T10:04:39.609514740Z Cluster: leader N3 received: {"term":3,"senderId":"N1","success":true,"matchIndex":8,"level":"Cluster","type":"AppendEntriesReply","version":3}
2026-07-28T10:04:39.609640558Z Cluster: leader N3 received: {"term":3,"senderId":"N2","success":true,"matchIndex":8,"level":"Cluster","type":"AppendEntriesReply","version":3}
2026-07-28T10:04:40.609827915Z Cluster: Node N3 - Leader sending heartbeats.
2026-07-28T10:04:40.609927082Z Cluster: leader node: N3 broadcasting append entries message
2026-07-28T10:04:40.610031943Z Sending message to node N1: {"term":3,"leaderId":"N3","prevLogIndex":8,"prevLogTerm":1,"leaderCommit":8,"level":"Cluster","type":"AppendEntries","version":3}
2026-07-28T10:04:40.610237709Z Sending message to node N2: {"term":3,"leaderId":"N3","prevLogIndex":8,"prevLogTerm":1,"leaderCommit":8,"level":"Cluster","type":"AppendEntries","version":3}
2026-07-28T10:04:40.610363384Z Sending message to node N10: {"term":3,"leaderId":"N3","prevLogIndex":8,"prevLogTerm":1,"leaderCommit":8,"level":"Cluster","type":"AppendEntries","version":3}
2026-07-28T10:04:40.610462707Z Cluster: follower N1 received: {"term":3,"leaderId":"N3","prevLogIndex":8,"prevLogTerm":1,"leaderCommit":8,"level":"Cluster","type":"AppendEntries","version":3}
2026-07-28T10:04:40.610531369Z Node N1 Cluster: commiting upto index 8
2026-07-28T10:04:40.610562128Z Sending message to node N3: {"term":3,"senderId":"N1","success":true,"matchIndex":8,"level":"Cluster","type":"AppendEntriesReply","version":3}
2026-07-28T10:04:40.610664195Z Cluster: follower N2 received: {"term":3,"leaderId":"N3","prevLogIndex":8,"prevLogTerm":1,"leaderCommit":8,"level":"Cluster","type":"AppendEntries","version":3}
2026-07-28T10:04:40.610745725Z Node N2 Cluster: commiting upto index 8
2026-07-28T10:04:40.610791134Z Sending message to node N3: {"term":3,"senderId":"N2","success":true,"matchIndex":8,"level":"Cluster","type":"AppendEntriesReply","version":3}
2026-07-28T10:04:40.610900101Z Cluster: leader N3 received: {"term":3,"senderId":"N1","success":true,"matchIndex":8,"level":"Cluster","type":"AppendEntriesReply","version":3}
2026-07-28T10:04:40.611052663Z Cluster: leader N3 received: {"term":3,"senderId":"N2","success":true,"matchIndex":8,"level":"Cluster","type":"AppendEntriesReply","version":3}
2026-07-28T10:04:41.611262545Z Cluster: Node N3 - Leader sending heartbeats.
2026-07-28T10:04:41.611357880Z Cluster: leader node: N3 broadcasting append entries message
2026-07-28T10:04:41.611398337Z Sending message to node N1: {"term":3,"leaderId":"N3","prevLogIndex":8,"prevLogTerm":1,"leaderCommit":8,"level":"Cluster","type":"AppendEntries","version":3}
2026-07-28T10:04:41.611587986Z Sending message to node N2: {"term":3,"leaderId":"N3","prevLogIndex":8,"prevLogTerm":1,"leaderCommit":8,"level":"Cluster","type":"AppendEntries","version":3}
2026-07-28T10:04:41.611830041Z Sending message to node N10: {"term":3,"leaderId":"N3","prevLogIndex":8,"prevLogTerm":1,"leaderCommit":8,"level":"Cluster","type":"AppendEntries","version":3}
2026-07-28T10:04:41.611813514Z Cluster: follower N1 received: {"term":3,"leaderId":"N3","prevLogIndex":8,"prevLogTerm":1,"leaderCommit":8,"level":"Cluster","type":"AppendEntries","version":3}
2026-07-28T10:04:41.611884840Z Node N1 Cluster: commiting upto index 8
2026-07-28T10:04:41.611917701Z Sending message to node N3: {"term":3,"senderId":"N1","success":true,"matchIndex":8,"level":"Cluster","type":"AppendEntriesReply","version":3}
2026-07-28T10:04:41.612177353Z Cluster: follower N2 received: {"term":3,"leaderId":"N3","prevLogIndex":8,"prevLogTerm":1,"leaderCommit":8,"level":"Cluster","type":"AppendEntries","version":3}
2026-07-28T10:04:41.612258456Z Node N2 Cluster: commiting upto index 8
2026-07-28T10:04:41.612312846Z Sending message to node N3: {"term":3,"senderId":"N2","success":true,"matchIndex":8,"level":"Cluster","type":"AppendEntriesReply","version":3}
2026-07-28T10:04:41.612373222Z Cluster: leader N3 received: {"term":3,"senderId":"N1","success":true,"matchIndex":8,"level":"Cluster","type":"AppendEntriesReply","version":3}
2026-07-28T10:04:41.612584861Z Cluster: leader N3 received: {"term":3,"senderId":"N2","success":true,"matchIndex":8,"level":"Cluster","type":"AppendEntriesReply","version":3}
2026-07-28T10:04:42.613175413Z Cluster: Node N3 - Leader sending heartbeats.
2026-07-28T10:04:42.613427465Z Cluster: leader node: N3 broadcasting append entries message
2026-07-28T10:04:42.613583891Z Sending message to node N1: {"term":3,"leaderId":"N3","prevLogIndex":8,"prevLogTerm":1,"leaderCommit":8,"level":"Cluster","type":"AppendEntries","version":3}
2026-07-28T10:04:42.614184507Z Sending message to node N2: {"term":3,"leaderId":"N3","prevLogIndex":8,"prevLogTerm":1,"leaderCommit":8,"level":"Cluster","type":"AppendEntries","version":3}
2026-07-28T10:04:42.614574160Z Sending message to node N10: {"term":3,"leaderId":"N3","prevLogIndex":8,"prevLogTerm":1,"leaderCommit":8,"level":"Cluster","type":"AppendEntries","version":3}
2026-07-28T10:04:42.614860612Z Cluster: follower N1 received: {"term":3,"leaderId":"N3","prevLogIndex":8,"prevLogTerm":1,"leaderCommit":8,"level":"Cluster","type":"AppendEntries","version":3}
2026-07-28T10:04:42.615119945Z Cluster: follower N2 received: {"term":3,"leaderId":"N3","prevLogIndex":8,"prevLogTerm":1,"leaderCommit":8,"level":"Cluster","type":"AppendEntries","version":3}
2026-07-28T10:04:42.615265442Z Node N1 Cluster: commiting upto index 8
2026-07-28T10:04:42.615368332Z Node N2 Cluster: commiting upto index 8
2026-07-28T10:04:42.615482429Z Sending message to node N3: {"term":3,"senderId":"N2","success":true,"matchIndex":8,"level":"Cluster","type":"AppendEntriesReply","version":3}
2026-07-28T10:04:42.615625518Z Sending message to node N3: {"term":3,"senderId":"N1","success":true,"matchIndex":8,"level":"Cluster","type":"AppendEntriesReply","version":3}
2026-07-28T10:04:42.616333299Z Cluster: leader N3 received: {"term":3,"senderId":"N2","success":true,"matchIndex":8,"level":"Cluster","type":"AppendEntriesReply","version":3}
2026-07-28T10:04:42.616563532Z Cluster: leader N3 received: {"term":3,"senderId":"N1","success":true,"matchIndex":8,"level":"Cluster","type":"AppendEntriesReply","version":3}
2026-07-28T10:04:43.616804022Z Cluster: Node N3 - Leader sending heartbeats.
2026-07-28T10:04:43.616901737Z Cluster: leader node: N3 broadcasting append entries message
2026-07-28T10:04:43.616943946Z Sending message to node N1: {"term":3,"leaderId":"N3","prevLogIndex":8,"prevLogTerm":1,"leaderCommit":8,"level":"Cluster","type":"AppendEntries","version":3}
2026-07-28T10:04:43.617215170Z Sending message to node N2: {"term":3,"leaderId":"N3","prevLogIndex":8,"prevLogTerm":1,"leaderCommit":8,"level":"Cluster","type":"AppendEntries","version":3}
2026-07-28T10:04:43.617398874Z Sending message to node N10: {"term":3,"leaderId":"N3","prevLogIndex":8,"prevLogTerm":1,"leaderCommit":8,"level":"Cluster","type":"AppendEntries","version":3}
2026-07-28T10:04:43.617484375Z Cluster: follower N1 received: {"term":3,"leaderId":"N3","prevLogIndex":8,"prevLogTerm":1,"leaderCommit":8,"level":"Cluster","type":"AppendEntries","version":3}
2026-07-28T10:04:43.617613663Z Node N1 Cluster: commiting upto index 8
2026-07-28T10:04:43.617652674Z Sending message to node N3: {"term":3,"senderId":"N1","success":true,"matchIndex":8,"level":"Cluster","type":"AppendEntriesReply","version":3}
2026-07-28T10:04:43.617875718Z Cluster: follower N2 received: {"term":3,"leaderId":"N3","prevLogIndex":8,"prevLogTerm":1,"leaderCommit":8,"level":"Cluster","type":"AppendEntries","version":3}
2026-07-28T10:04:43.618069624Z Node N2 Cluster: commiting upto index 8
2026-07-28T10:04:43.618130581Z Sending message to node N3: {"term":3,"senderId":"N2","success":true,"matchIndex":8,"level":"Cluster","type":"AppendEntriesReply","version":3}
2026-07-28T10:04:43.618167728Z Cluster: leader N3 received: {"term":3,"senderId":"N1","success":true,"matchIndex":8,"level":"Cluster","type":"AppendEntriesReply","version":3}
2026-07-28T10:04:43.618402038Z Cluster: leader N3 received: {"term":3,"senderId":"N2","success":true,"matchIndex":8,"level":"Cluster","type":"AppendEntriesReply","version":3}
2026-07-28T10:04:44.618694620Z Cluster: Node N3 - Leader sending heartbeats.
2026-07-28T10:04:44.618872594Z Cluster: leader node: N3 broadcasting append entries message
2026-07-28T10:04:44.618974742Z Sending message to node N1: {"term":3,"leaderId":"N3","prevLogIndex":8,"prevLogTerm":1,"leaderCommit":8,"level":"Cluster","type":"AppendEntries","version":3}
2026-07-28T10:04:44.619439400Z Sending message to node N2: {"term":3,"leaderId":"N3","prevLogIndex":8,"prevLogTerm":1,"leaderCommit":8,"level":"Cluster","type":"AppendEntries","version":3}
2026-07-28T10:04:44.619660927Z Sending message to node N10: {"term":3,"leaderId":"N3","prevLogIndex":8,"prevLogTerm":1,"leaderCommit":8,"level":"Cluster","type":"AppendEntries","version":3}
2026-07-28T10:04:44.620219655Z Cluster: follower N1 received: {"term":3,"leaderId":"N3","prevLogIndex":8,"prevLogTerm":1,"leaderCommit":8,"level":"Cluster","type":"AppendEntries","version":3}
2026-07-28T10:04:44.620379616Z Node N1 Cluster: commiting upto index 8
2026-07-28T10:04:44.620452602Z Sending message to node N3: {"term":3,"senderId":"N1","success":true,"matchIndex":8,"level":"Cluster","type":"AppendEntriesReply","version":3}
2026-07-28T10:04:44.620665248Z Cluster: follower N2 received: {"term":3,"leaderId":"N3","prevLogIndex":8,"prevLogTerm":1,"leaderCommit":8,"level":"Cluster","type":"AppendEntries","version":3}
2026-07-28T10:04:44.620800419Z Node N2 Cluster: commiting upto index 8
2026-07-28T10:04:44.620865735Z Sending message to node N3: {"term":3,"senderId":"N2","success":true,"matchIndex":8,"level":"Cluster","type":"AppendEntriesReply","version":3}
2026-07-28T10:04:44.621284445Z Cluster: leader N3 received: {"term":3,"senderId":"N1","success":true,"matchIndex":8,"level":"Cluster","type":"AppendEntriesReply","version":3}
2026-07-28T10:04:44.621528521Z Cluster: leader N3 received: {"term":3,"senderId":"N2","success":true,"matchIndex":8,"level":"Cluster","type":"AppendEntriesReply","version":3}
