2026-07-29T01:26:04.159658882Z Shard: Node N1 - Election timeout elapsed. starting election.
2026-07-29T01:26:04.174219678Z Shard: Candidate N1 Broadcasting message to all nodes: {"term":1,"candidateId":"N1","lastLogIndex":-1,"lastLogTerm":0,"level":"Shard","type":"RequestVote","version":0}
2026-07-29T01:26:04.174504552Z Sending message to node N2: {"term":1,"candidateId":"N1","lastLogIndex":-1,"lastLogTerm":0,"level":"Shard","type":"RequestVote","version":0}
2026-07-29T01:26:04.178905558Z Sending message to node N0: {"term":1,"candidateId":"N1","lastLogIndex":-1,"lastLogTerm":0,"level":"Shard","type":"RequestVote","version":0}
2026-07-29T01:26:04.211626445Z Shard: follower N2 received: {"term":1,"candidateId":"N1","lastLogIndex":-1,"lastLogTerm":0,"level":"Shard","type":"RequestVote","version":0}
2026-07-29T01:26:04.216299752Z Shard: Follower N2 received: {"term":1,"candidateId":"N1","lastLogIndex":-1,"lastLogTerm":0,"level":"Shard","type":"RequestVote","version":0}
2026-07-29T01:26:04.212376630Z Shard: follower N0 received: {"term":1,"candidateId":"N1","lastLogIndex":-1,"lastLogTerm":0,"level":"Shard","type":"RequestVote","version":0}
2026-07-29T01:26:04.217096456Z Shard: Follower N0 received: {"term":1,"candidateId":"N1","lastLogIndex":-1,"lastLogTerm":0,"level":"Shard","type":"RequestVote","version":0}
2026-07-29T01:26:04.219374288Z Sending message to node N1: {"term":1,"senderId":"N2","voteGranted":true,"level":"Shard","type":"RequestVoteReply","version":0}
2026-07-29T01:26:04.220023957Z Sending message to node N1: {"term":1,"senderId":"N0","voteGranted":true,"level":"Shard","type":"RequestVoteReply","version":0}
2026-07-29T01:26:04.238299703Z Shard: candidate N1 received: {"term":1,"senderId":"N0","voteGranted":true,"level":"Shard","type":"RequestVoteReply","version":0}
2026-07-29T01:26:04.238547437Z Shard: Node N1 - Leader sending heartbeats.
2026-07-29T01:26:04.238741802Z Shard: leader node: N1 broadcasting append entries message
2026-07-29T01:26:04.241272980Z Sending message to node N2: {"term":1,"leaderId":"N1","prevLogIndex":-1,"prevLogTerm":0,"leaderCommit":-1,"level":"Shard","type":"AppendEntries","version":0}
2026-07-29T01:26:04.241626687Z Sending message to node N0: {"term":1,"leaderId":"N1","prevLogIndex":-1,"prevLogTerm":0,"leaderCommit":-1,"level":"Shard","type":"AppendEntries","version":0}
2026-07-29T01:26:04.241999565Z Shard: leader N1 received: {"term":1,"senderId":"N2","voteGranted":true,"level":"Shard","type":"RequestVoteReply","version":0}
2026-07-29T01:26:04.245049404Z Shard: follower N2 received: {"term":1,"leaderId":"N1","prevLogIndex":-1,"prevLogTerm":0,"leaderCommit":-1,"level":"Shard","type":"AppendEntries","version":0}
2026-07-29T01:26:04.245464434Z Shard: follower N0 received: {"term":1,"leaderId":"N1","prevLogIndex":-1,"prevLogTerm":0,"leaderCommit":-1,"level":"Shard","type":"AppendEntries","version":0}
2026-07-29T01:26:04.248087467Z Node N2 Shard: commiting upto index -1
2026-07-29T01:26:04.249154642Z Node N0 Shard: commiting upto index -1
2026-07-29T01:26:04.249295802Z Sending message to node N1: {"term":1,"senderId":"N2","success":true,"matchIndex":-1,"level":"Shard","type":"AppendEntriesReply","version":0}
2026-07-29T01:26:04.250334031Z Sending message to node N1: {"term":1,"senderId":"N0","success":true,"matchIndex":-1,"level":"Shard","type":"AppendEntriesReply","version":0}
2026-07-29T01:26:04.251126302Z Shard: leader N1 received: {"term":1,"senderId":"N2","success":true,"matchIndex":-1,"level":"Shard","type":"AppendEntriesReply","version":0}
2026-07-29T01:26:04.251377638Z Shard: leader N1 received: {"term":1,"senderId":"N0","success":true,"matchIndex":-1,"level":"Shard","type":"AppendEntriesReply","version":0}
2026-07-29T01:26:05.251739759Z Shard: Node N1 - Leader sending heartbeats.
2026-07-29T01:26:05.251934858Z Shard: leader node: N1 broadcasting append entries message
2026-07-29T01:26:05.252162894Z Sending message to node N2: {"term":1,"leaderId":"N1","prevLogIndex":-1,"prevLogTerm":0,"leaderCommit":-1,"level":"Shard","type":"AppendEntries","version":0}
2026-07-29T01:26:05.252634401Z Sending message to node N0: {"term":1,"leaderId":"N1","prevLogIndex":-1,"prevLogTerm":0,"leaderCommit":-1,"level":"Shard","type":"AppendEntries","version":0}
2026-07-29T01:26:05.252921985Z Shard: follower N2 received: {"term":1,"leaderId":"N1","prevLogIndex":-1,"prevLogTerm":0,"leaderCommit":-1,"level":"Shard","type":"AppendEntries","version":0}
2026-07-29T01:26:05.253100701Z Node N2 Shard: commiting upto index -1
2026-07-29T01:26:05.253244703Z Sending message to node N1: {"term":1,"senderId":"N2","success":true,"matchIndex":-1,"level":"Shard","type":"AppendEntriesReply","version":0}
2026-07-29T01:26:05.253327103Z Shard: follower N0 received: {"term":1,"leaderId":"N1","prevLogIndex":-1,"prevLogTerm":0,"leaderCommit":-1,"level":"Shard","type":"AppendEntries","version":0}
2026-07-29T01:26:05.253485311Z Node N0 Shard: commiting upto index -1
2026-07-29T01:26:05.253669110Z Sending message to node N1: {"term":1,"senderId":"N0","success":true,"matchIndex":-1,"level":"Shard","type":"AppendEntriesReply","version":0}
2026-07-29T01:26:05.254187684Z Shard: leader N1 received: {"term":1,"senderId":"N2","success":true,"matchIndex":-1,"level":"Shard","type":"AppendEntriesReply","version":0}
2026-07-29T01:26:05.254399592Z Shard: leader N1 received: {"term":1,"senderId":"N0","success":true,"matchIndex":-1,"level":"Shard","type":"AppendEntriesReply","version":0}
2026-07-29T01:26:06.254993639Z Shard: Node N1 - Leader sending heartbeats.
2026-07-29T01:26:06.255829030Z Shard: leader node: N1 broadcasting append entries message
2026-07-29T01:26:06.256571961Z Sending message to node N2: {"term":1,"leaderId":"N1","prevLogIndex":-1,"prevLogTerm":0,"leaderCommit":-1,"level":"Shard","type":"AppendEntries","version":0}
2026-07-29T01:26:06.258117143Z Sending message to node N0: {"term":1,"leaderId":"N1","prevLogIndex":-1,"prevLogTerm":0,"leaderCommit":-1,"level":"Shard","type":"AppendEntries","version":0}
2026-07-29T01:26:06.259259459Z Shard: follower N2 received: {"term":1,"leaderId":"N1","prevLogIndex":-1,"prevLogTerm":0,"leaderCommit":-1,"level":"Shard","type":"AppendEntries","version":0}
2026-07-29T01:26:06.260057102Z Shard: follower N0 received: {"term":1,"leaderId":"N1","prevLogIndex":-1,"prevLogTerm":0,"leaderCommit":-1,"level":"Shard","type":"AppendEntries","version":0}
2026-07-29T01:26:06.260567445Z Node N0 Shard: commiting upto index -1
2026-07-29T01:26:06.260634667Z Node N2 Shard: commiting upto index -1
2026-07-29T01:26:06.261067155Z Sending message to node N1: {"term":1,"senderId":"N0","success":true,"matchIndex":-1,"level":"Shard","type":"AppendEntriesReply","version":0}
2026-07-29T01:26:06.262177120Z Sending message to node N1: {"term":1,"senderId":"N2","success":true,"matchIndex":-1,"level":"Shard","type":"AppendEntriesReply","version":0}
2026-07-29T01:26:06.263416804Z Shard: leader N1 received: {"term":1,"senderId":"N0","success":true,"matchIndex":-1,"level":"Shard","type":"AppendEntriesReply","version":0}
2026-07-29T01:26:06.263686007Z Shard: leader N1 received: {"term":1,"senderId":"N2","success":true,"matchIndex":-1,"level":"Shard","type":"AppendEntriesReply","version":0}
2026-07-29T01:26:07.264386961Z Shard: Node N1 - Leader sending heartbeats.
2026-07-29T01:26:07.265061234Z Shard: leader node: N1 broadcasting append entries message
2026-07-29T01:26:07.266269598Z Sending message to node N2: {"term":1,"leaderId":"N1","prevLogIndex":-1,"prevLogTerm":0,"leaderCommit":-1,"level":"Shard","type":"AppendEntries","version":0}
2026-07-29T01:26:07.267421775Z Sending message to node N0: {"term":1,"leaderId":"N1","prevLogIndex":-1,"prevLogTerm":0,"leaderCommit":-1,"level":"Shard","type":"AppendEntries","version":0}
2026-07-29T01:26:07.269448084Z Shard: follower N0 received: {"term":1,"leaderId":"N1","prevLogIndex":-1,"prevLogTerm":0,"leaderCommit":-1,"level":"Shard","type":"AppendEntries","version":0}
2026-07-29T01:26:07.269560085Z Shard: follower N2 received: {"term":1,"leaderId":"N1","prevLogIndex":-1,"prevLogTerm":0,"leaderCommit":-1,"level":"Shard","type":"AppendEntries","version":0}
2026-07-29T01:26:07.269780145Z Node N2 Shard: commiting upto index -1
2026-07-29T01:26:07.269766803Z Node N0 Shard: commiting upto index -1
2026-07-29T01:26:07.270110833Z Sending message to node N1: {"term":1,"senderId":"N2","success":true,"matchIndex":-1,"level":"Shard","type":"AppendEntriesReply","version":0}
2026-07-29T01:26:07.270092623Z Sending message to node N1: {"term":1,"senderId":"N0","success":true,"matchIndex":-1,"level":"Shard","type":"AppendEntriesReply","version":0}
2026-07-29T01:26:07.271976810Z Shard: leader N1 received: {"term":1,"senderId":"N2","success":true,"matchIndex":-1,"level":"Shard","type":"AppendEntriesReply","version":0}
2026-07-29T01:26:07.272719114Z Shard: leader N1 received: {"term":1,"senderId":"N0","success":true,"matchIndex":-1,"level":"Shard","type":"AppendEntriesReply","version":0}
2026-07-29T01:26:08.273296068Z Shard: Node N1 - Leader sending heartbeats.
2026-07-29T01:26:08.273476864Z Shard: leader node: N1 broadcasting append entries message
2026-07-29T01:26:08.273766697Z Sending message to node N2: {"term":1,"leaderId":"N1","prevLogIndex":-1,"prevLogTerm":0,"leaderCommit":-1,"level":"Shard","type":"AppendEntries","version":0}
2026-07-29T01:26:08.274158884Z Sending message to node N0: {"term":1,"leaderId":"N1","prevLogIndex":-1,"prevLogTerm":0,"leaderCommit":-1,"level":"Shard","type":"AppendEntries","version":0}
2026-07-29T01:26:08.274866728Z Shard: follower N2 received: {"term":1,"leaderId":"N1","prevLogIndex":-1,"prevLogTerm":0,"leaderCommit":-1,"level":"Shard","type":"AppendEntries","version":0}
2026-07-29T01:26:08.274958654Z Shard: follower N0 received: {"term":1,"leaderId":"N1","prevLogIndex":-1,"prevLogTerm":0,"leaderCommit":-1,"level":"Shard","type":"AppendEntries","version":0}
2026-07-29T01:26:08.275148104Z Node N0 Shard: commiting upto index -1
2026-07-29T01:26:08.275156670Z Node N2 Shard: commiting upto index -1
2026-07-29T01:26:08.275368787Z Sending message to node N1: {"term":1,"senderId":"N0","success":true,"matchIndex":-1,"level":"Shard","type":"AppendEntriesReply","version":0}
2026-07-29T01:26:08.275414625Z Sending message to node N1: {"term":1,"senderId":"N2","success":true,"matchIndex":-1,"level":"Shard","type":"AppendEntriesReply","version":0}
2026-07-29T01:26:08.276656497Z Shard: leader N1 received: {"term":1,"senderId":"N0","success":true,"matchIndex":-1,"level":"Shard","type":"AppendEntriesReply","version":0}
2026-07-29T01:26:08.276904330Z Shard: leader N1 received: {"term":1,"senderId":"N2","success":true,"matchIndex":-1,"level":"Shard","type":"AppendEntriesReply","version":0}
2026-07-29T01:26:09.277411782Z Shard: Node N1 - Leader sending heartbeats.
2026-07-29T01:26:09.278008075Z Shard: leader node: N1 broadcasting append entries message
2026-07-29T01:26:09.278679685Z Sending message to node N2: {"term":1,"leaderId":"N1","prevLogIndex":-1,"prevLogTerm":0,"leaderCommit":-1,"level":"Shard","type":"AppendEntries","version":0}
2026-07-29T01:26:09.280094103Z Sending message to node N0: {"term":1,"leaderId":"N1","prevLogIndex":-1,"prevLogTerm":0,"leaderCommit":-1,"level":"Shard","type":"AppendEntries","version":0}
2026-07-29T01:26:09.280707002Z Shard: follower N2 received: {"term":1,"leaderId":"N1","prevLogIndex":-1,"prevLogTerm":0,"leaderCommit":-1,"level":"Shard","type":"AppendEntries","version":0}
2026-07-29T01:26:09.281133193Z Node N2 Shard: commiting upto index -1
2026-07-29T01:26:09.281349515Z Sending message to node N1: {"term":1,"senderId":"N2","success":true,"matchIndex":-1,"level":"Shard","type":"AppendEntriesReply","version":0}
2026-07-29T01:26:09.281870884Z Shard: follower N0 received: {"term":1,"leaderId":"N1","prevLogIndex":-1,"prevLogTerm":0,"leaderCommit":-1,"level":"Shard","type":"AppendEntries","version":0}
2026-07-29T01:26:09.282125129Z Node N0 Shard: commiting upto index -1
2026-07-29T01:26:09.282377189Z Sending message to node N1: {"term":1,"senderId":"N0","success":true,"matchIndex":-1,"level":"Shard","type":"AppendEntriesReply","version":0}
2026-07-29T01:26:09.282717692Z Shard: leader N1 received: {"term":1,"senderId":"N2","success":true,"matchIndex":-1,"level":"Shard","type":"AppendEntriesReply","version":0}
2026-07-29T01:26:09.283408425Z Shard: leader N1 received: {"term":1,"senderId":"N0","success":true,"matchIndex":-1,"level":"Shard","type":"AppendEntriesReply","version":0}
2026-07-29T01:26:10.283993914Z Shard: Node N1 - Leader sending heartbeats.
2026-07-29T01:26:10.284357657Z Shard: leader node: N1 broadcasting append entries message
2026-07-29T01:26:10.284867940Z Sending message to node N2: {"term":1,"leaderId":"N1","prevLogIndex":-1,"prevLogTerm":0,"leaderCommit":-1,"level":"Shard","type":"AppendEntries","version":0}
2026-07-29T01:26:10.285694072Z Sending message to node N0: {"term":1,"leaderId":"N1","prevLogIndex":-1,"prevLogTerm":0,"leaderCommit":-1,"level":"Shard","type":"AppendEntries","version":0}
2026-07-29T01:26:10.286277259Z Shard: follower N2 received: {"term":1,"leaderId":"N1","prevLogIndex":-1,"prevLogTerm":0,"leaderCommit":-1,"level":"Shard","type":"AppendEntries","version":0}
2026-07-29T01:26:10.286721973Z Node N2 Shard: commiting upto index -1
2026-07-29T01:26:10.287036686Z Sending message to node N1: {"term":1,"senderId":"N2","success":true,"matchIndex":-1,"level":"Shard","type":"AppendEntriesReply","version":0}
2026-07-29T01:26:10.287419174Z Shard: follower N0 received: {"term":1,"leaderId":"N1","prevLogIndex":-1,"prevLogTerm":0,"leaderCommit":-1,"level":"Shard","type":"AppendEntries","version":0}
2026-07-29T01:26:10.287717397Z Node N0 Shard: commiting upto index -1
2026-07-29T01:26:10.287961343Z Sending message to node N1: {"term":1,"senderId":"N0","success":true,"matchIndex":-1,"level":"Shard","type":"AppendEntriesReply","version":0}
2026-07-29T01:26:10.288066219Z Shard: leader N1 received: {"term":1,"senderId":"N2","success":true,"matchIndex":-1,"level":"Shard","type":"AppendEntriesReply","version":0}
2026-07-29T01:26:10.289286Z Shard: leader N1 received: {"term":1,"senderId":"N0","success":true,"matchIndex":-1,"level":"Shard","type":"AppendEntriesReply","version":0}
2026-07-29T01:26:11.289855554Z Shard: Node N1 - Leader sending heartbeats.
2026-07-29T01:26:11.290315568Z Shard: leader node: N1 broadcasting append entries message
2026-07-29T01:26:11.290870516Z Sending message to node N2: {"term":1,"leaderId":"N1","prevLogIndex":-1,"prevLogTerm":0,"leaderCommit":-1,"level":"Shard","type":"AppendEntries","version":0}
2026-07-29T01:26:11.292084722Z Sending message to node N0: {"term":1,"leaderId":"N1","prevLogIndex":-1,"prevLogTerm":0,"leaderCommit":-1,"level":"Shard","type":"AppendEntries","version":0}
2026-07-29T01:26:11.293036751Z Shard: follower N2 received: {"term":1,"leaderId":"N1","prevLogIndex":-1,"prevLogTerm":0,"leaderCommit":-1,"level":"Shard","type":"AppendEntries","version":0}
2026-07-29T01:26:11.293383424Z Node N2 Shard: commiting upto index -1
2026-07-29T01:26:11.293644555Z Sending message to node N1: {"term":1,"senderId":"N2","success":true,"matchIndex":-1,"level":"Shard","type":"AppendEntriesReply","version":0}
2026-07-29T01:26:11.294851743Z Shard: leader N1 received: {"term":1,"senderId":"N2","success":true,"matchIndex":-1,"level":"Shard","type":"AppendEntriesReply","version":0}
2026-07-29T01:26:11.295028114Z Shard: follower N0 received: {"term":1,"leaderId":"N1","prevLogIndex":-1,"prevLogTerm":0,"leaderCommit":-1,"level":"Shard","type":"AppendEntries","version":0}
2026-07-29T01:26:11.295276723Z Node N0 Shard: commiting upto index -1
2026-07-29T01:26:11.295580708Z Sending message to node N1: {"term":1,"senderId":"N0","success":true,"matchIndex":-1,"level":"Shard","type":"AppendEntriesReply","version":0}
2026-07-29T01:26:11.296831880Z Shard: leader N1 received: {"term":1,"senderId":"N0","success":true,"matchIndex":-1,"level":"Shard","type":"AppendEntriesReply","version":0}
2026-07-29T01:26:12.297435380Z Shard: Node N1 - Leader sending heartbeats.
2026-07-29T01:26:12.298016379Z Shard: leader node: N1 broadcasting append entries message
2026-07-29T01:26:12.298632797Z Sending message to node N2: {"term":1,"leaderId":"N1","prevLogIndex":-1,"prevLogTerm":0,"leaderCommit":-1,"level":"Shard","type":"AppendEntries","version":0}
2026-07-29T01:26:12.299763718Z Sending message to node N0: {"term":1,"leaderId":"N1","prevLogIndex":-1,"prevLogTerm":0,"leaderCommit":-1,"level":"Shard","type":"AppendEntries","version":0}
2026-07-29T01:26:12.300653295Z Shard: follower N2 received: {"term":1,"leaderId":"N1","prevLogIndex":-1,"prevLogTerm":0,"leaderCommit":-1,"level":"Shard","type":"AppendEntries","version":0}
2026-07-29T01:26:12.301162001Z Node N2 Shard: commiting upto index -1
2026-07-29T01:26:12.301539874Z Sending message to node N1: {"term":1,"senderId":"N2","success":true,"matchIndex":-1,"level":"Shard","type":"AppendEntriesReply","version":0}
2026-07-29T01:26:12.302064553Z Shard: follower N0 received: {"term":1,"leaderId":"N1","prevLogIndex":-1,"prevLogTerm":0,"leaderCommit":-1,"level":"Shard","type":"AppendEntries","version":0}
2026-07-29T01:26:12.302422766Z Node N0 Shard: commiting upto index -1
2026-07-29T01:26:12.302772439Z Sending message to node N1: {"term":1,"senderId":"N0","success":true,"matchIndex":-1,"level":"Shard","type":"AppendEntriesReply","version":0}
2026-07-29T01:26:12.302978612Z Shard: leader N1 received: {"term":1,"senderId":"N2","success":true,"matchIndex":-1,"level":"Shard","type":"AppendEntriesReply","version":0}
2026-07-29T01:26:12.304011513Z Shard: leader N1 received: {"term":1,"senderId":"N0","success":true,"matchIndex":-1,"level":"Shard","type":"AppendEntriesReply","version":0}
2026-07-29T01:26:13.304628952Z Shard: Node N1 - Leader sending heartbeats.
2026-07-29T01:26:13.305024818Z Shard: leader node: N1 broadcasting append entries message
2026-07-29T01:26:13.305312890Z Sending message to node N2: {"term":1,"leaderId":"N1","prevLogIndex":-1,"prevLogTerm":0,"leaderCommit":-1,"level":"Shard","type":"AppendEntries","version":0}
2026-07-29T01:26:13.306185080Z Sending message to node N0: {"term":1,"leaderId":"N1","prevLogIndex":-1,"prevLogTerm":0,"leaderCommit":-1,"level":"Shard","type":"AppendEntries","version":0}
2026-07-29T01:26:13.306786142Z Shard: follower N2 received: {"term":1,"leaderId":"N1","prevLogIndex":-1,"prevLogTerm":0,"leaderCommit":-1,"level":"Shard","type":"AppendEntries","version":0}
2026-07-29T01:26:13.307071275Z Node N2 Shard: commiting upto index -1
2026-07-29T01:26:13.307363250Z Sending message to node N1: {"term":1,"senderId":"N2","success":true,"matchIndex":-1,"level":"Shard","type":"AppendEntriesReply","version":0}
2026-07-29T01:26:13.308087803Z Shard: follower N0 received: {"term":1,"leaderId":"N1","prevLogIndex":-1,"prevLogTerm":0,"leaderCommit":-1,"level":"Shard","type":"AppendEntries","version":0}
2026-07-29T01:26:13.308351797Z Node N0 Shard: commiting upto index -1
2026-07-29T01:26:13.308599575Z Sending message to node N1: {"term":1,"senderId":"N0","success":true,"matchIndex":-1,"level":"Shard","type":"AppendEntriesReply","version":0}
2026-07-29T01:26:13.308802987Z Shard: leader N1 received: {"term":1,"senderId":"N2","success":true,"matchIndex":-1,"level":"Shard","type":"AppendEntriesReply","version":0}
2026-07-29T01:26:13.309546396Z Shard: leader N1 received: {"term":1,"senderId":"N0","success":true,"matchIndex":-1,"level":"Shard","type":"AppendEntriesReply","version":0}
2026-07-29T01:26:13.621250445Z Shard: follower N2 received: {"nodes":{"N0":{"id":"N0","ip":"localhost","port":4567},"N1":{"id":"N1","ip":"localhost","port":4568},"N2":{"id":"N2","ip":"localhost","port":4569},"N9":{"id":"N9","ip":"localhost","port":4570}},"action":"Update","type":"Update","version":1}
2026-07-29T01:26:13.621431615Z Node N2 Shard level raft recieved config update request
2026-07-29T01:26:13.623073095Z Shard: follower N0 received: {"nodes":{"N0":{"id":"N0","ip":"localhost","port":4567},"N1":{"id":"N1","ip":"localhost","port":4568},"N2":{"id":"N2","ip":"localhost","port":4569},"N9":{"id":"N9","ip":"localhost","port":4570}},"action":"Update","type":"Update","version":1}
2026-07-29T01:26:13.623213756Z Node N0 Shard level raft recieved config update request
2026-07-29T01:26:13.623881920Z Shard: leader N1 received: {"nodes":{"N0":{"id":"N0","ip":"localhost","port":4567},"N1":{"id":"N1","ip":"localhost","port":4568},"N2":{"id":"N2","ip":"localhost","port":4569},"N9":{"id":"N9","ip":"localhost","port":4570}},"action":"Update","type":"Update","version":1}
2026-07-29T01:26:13.624028640Z Node N1 Shard level raft recieved config update request
2026-07-29T01:26:13.626847633Z Shard: learner N9 received: {"nodes":{"N0":{"id":"N0","ip":"localhost","port":4567},"N1":{"id":"N1","ip":"localhost","port":4568},"N2":{"id":"N2","ip":"localhost","port":4569},"N9":{"id":"N9","ip":"localhost","port":4570}},"action":"Update","type":"Update","version":1}
2026-07-29T01:26:13.628839722Z Node N9 Shard level raft recieved config update request
2026-07-29T01:26:17.535644673Z Shard: Node N1 - Leader sending heartbeats.
2026-07-29T01:26:17.535959474Z Shard: leader node: N1 broadcasting append entries message
2026-07-29T01:26:17.536351904Z Sending message to node N0: {"term":1,"leaderId":"N1","prevLogIndex":-1,"prevLogTerm":0,"leaderCommit":-1,"level":"Shard","type":"AppendEntries","version":0}
2026-07-29T01:26:17.537055152Z Sending message to node N9: {"term":1,"leaderId":"N1","prevLogIndex":-1,"prevLogTerm":0,"leaderCommit":-1,"level":"Shard","type":"AppendEntries","version":0}
2026-07-29T01:26:17.537474176Z Shard: follower N0 received: {"term":1,"leaderId":"N1","prevLogIndex":-1,"prevLogTerm":0,"leaderCommit":-1,"level":"Shard","type":"AppendEntries","version":0}
2026-07-29T01:26:17.537538711Z Sending message to node N2: {"term":1,"leaderId":"N1","prevLogIndex":-1,"prevLogTerm":0,"leaderCommit":-1,"level":"Shard","type":"AppendEntries","version":0}
2026-07-29T01:26:17.537705589Z Node N0 Shard: commiting upto index -1
2026-07-29T01:26:17.537950174Z Sending message to node N1: {"term":1,"senderId":"N0","success":true,"matchIndex":-1,"level":"Shard","type":"AppendEntriesReply","version":0}
2026-07-29T01:26:17.538989151Z Shard: follower N2 received: {"term":1,"leaderId":"N1","prevLogIndex":-1,"prevLogTerm":0,"leaderCommit":-1,"level":"Shard","type":"AppendEntries","version":0}
2026-07-29T01:26:17.539144145Z Shard: leader N1 received: {"term":1,"senderId":"N0","success":true,"matchIndex":-1,"level":"Shard","type":"AppendEntriesReply","version":0}
2026-07-29T01:26:17.539327046Z Node N2 Shard: commiting upto index -1
2026-07-29T01:26:17.539631861Z Sending message to node N1: {"term":1,"senderId":"N2","success":true,"matchIndex":-1,"level":"Shard","type":"AppendEntriesReply","version":0}
2026-07-29T01:26:17.539713485Z Shard: leader node: N1 broadcasting append entries message
2026-07-29T01:26:17.540951316Z Sending message to node N0: {"term":1,"leaderId":"N1","prevLogIndex":-1,"prevLogTerm":0,"leaderCommit":-1,"entries":[{"msg":{"nodes":{"N0":{"id":"N0","ip":"localhost","port":4567},"N1":{"id":"N1","ip":"localhost","port":4568},"N2":{"id":"N2","ip":"localhost","port":4569},"N9":{"id":"N9","ip":"localhost","port":4570}},"oldNodes":{"N2":{"id":"N2","ip":"localhost","port":4569},"N0":{"id":"N0","ip":"localhost","port":4567},"N1":{"id":"N1","ip":"localhost","port":4568}},"jointConfig":true,"targetVersion":1,"type":"RaftConfig","version":1},"term":1,"index":0}],"level":"Shard","type":"AppendEntries","version":0}
2026-07-29T01:26:17.542390416Z Sending message to node N9: {"term":1,"leaderId":"N1","prevLogIndex":-1,"prevLogTerm":0,"leaderCommit":-1,"entries":[{"msg":{"nodes":{"N0":{"id":"N0","ip":"localhost","port":4567},"N1":{"id":"N1","ip":"localhost","port":4568},"N2":{"id":"N2","ip":"localhost","port":4569},"N9":{"id":"N9","ip":"localhost","port":4570}},"oldNodes":{"N2":{"id":"N2","ip":"localhost","port":4569},"N0":{"id":"N0","ip":"localhost","port":4567},"N1":{"id":"N1","ip":"localhost","port":4568}},"jointConfig":true,"targetVersion":1,"type":"RaftConfig","version":1},"term":1,"index":0}],"level":"Shard","type":"AppendEntries","version":0}
2026-07-29T01:26:17.542411149Z Shard: learner N9 received: {"term":1,"leaderId":"N1","prevLogIndex":-1,"prevLogTerm":0,"leaderCommit":-1,"level":"Shard","type":"AppendEntries","version":0}
2026-07-29T01:26:17.543388100Z Sending message to node N2: {"term":1,"leaderId":"N1","prevLogIndex":-1,"prevLogTerm":0,"leaderCommit":-1,"entries":[{"msg":{"nodes":{"N0":{"id":"N0","ip":"localhost","port":4567},"N1":{"id":"N1","ip":"localhost","port":4568},"N2":{"id":"N2","ip":"localhost","port":4569},"N9":{"id":"N9","ip":"localhost","port":4570}},"oldNodes":{"N2":{"id":"N2","ip":"localhost","port":4569},"N0":{"id":"N0","ip":"localhost","port":4567},"N1":{"id":"N1","ip":"localhost","port":4568}},"jointConfig":true,"targetVersion":1,"type":"RaftConfig","version":1},"term":1,"index":0}],"level":"Shard","type":"AppendEntries","version":0}
2026-07-29T01:26:17.543400072Z Node N9 Shard: commiting upto index -1
2026-07-29T01:26:17.543711059Z Shard: leader N1 received: {"term":1,"senderId":"N2","success":true,"matchIndex":-1,"level":"Shard","type":"AppendEntriesReply","version":0}
2026-07-29T01:26:17.543773727Z Shard: follower N0 received: {"term":1,"leaderId":"N1","prevLogIndex":-1,"prevLogTerm":0,"leaderCommit":-1,"entries":[{"msg":{"nodes":{"N0":{"id":"N0","ip":"localhost","port":4567},"N1":{"id":"N1","ip":"localhost","port":4568},"N2":{"id":"N2","ip":"localhost","port":4569},"N9":{"id":"N9","ip":"localhost","port":4570}},"oldNodes":{"N2":{"id":"N2","ip":"localhost","port":4569},"N0":{"id":"N0","ip":"localhost","port":4567},"N1":{"id":"N1","ip":"localhost","port":4568}},"jointConfig":true,"targetVersion":1,"type":"RaftConfig","version":1},"term":1,"index":0}],"level":"Shard","type":"AppendEntries","version":0}
2026-07-29T01:26:17.543945132Z Node N0 Shard: commiting upto index -1
2026-07-29T01:26:17.544152759Z Sending message to node N1: {"term":1,"senderId":"N0","success":true,"matchIndex":0,"level":"Shard","type":"AppendEntriesReply","version":0}
2026-07-29T01:26:17.544437046Z Sending message to node N1: {"term":1,"senderId":"N9","success":true,"matchIndex":-1,"level":"Shard","type":"AppendEntriesReply","version":0}
2026-07-29T01:26:17.544716617Z Shard: leader N1 received: {"term":1,"senderId":"N0","success":true,"matchIndex":0,"level":"Shard","type":"AppendEntriesReply","version":0}
2026-07-29T01:26:17.545157416Z Shard: leader N1 received: {"term":1,"senderId":"N9","success":true,"matchIndex":-1,"level":"Shard","type":"AppendEntriesReply","version":0}
2026-07-29T01:26:17.545398027Z Shard: learner N9 received: {"term":1,"leaderId":"N1","prevLogIndex":-1,"prevLogTerm":0,"leaderCommit":-1,"entries":[{"msg":{"nodes":{"N0":{"id":"N0","ip":"localhost","port":4567},"N1":{"id":"N1","ip":"localhost","port":4568},"N2":{"id":"N2","ip":"localhost","port":4569},"N9":{"id":"N9","ip":"localhost","port":4570}},"oldNodes":{"N2":{"id":"N2","ip":"localhost","port":4569},"N0":{"id":"N0","ip":"localhost","port":4567},"N1":{"id":"N1","ip":"localhost","port":4568}},"jointConfig":true,"targetVersion":1,"type":"RaftConfig","version":1},"term":1,"index":0}],"level":"Shard","type":"AppendEntries","version":0}
2026-07-29T01:26:17.545540554Z Node N9 Shard: commiting upto index -1
2026-07-29T01:26:17.545768384Z Sending message to node N1: {"term":1,"senderId":"N9","success":true,"matchIndex":0,"level":"Shard","type":"AppendEntriesReply","version":0}
2026-07-29T01:26:17.546262213Z Shard: follower N2 received: {"term":1,"leaderId":"N1","prevLogIndex":-1,"prevLogTerm":0,"leaderCommit":-1,"entries":[{"msg":{"nodes":{"N0":{"id":"N0","ip":"localhost","port":4567},"N1":{"id":"N1","ip":"localhost","port":4568},"N2":{"id":"N2","ip":"localhost","port":4569},"N9":{"id":"N9","ip":"localhost","port":4570}},"oldNodes":{"N2":{"id":"N2","ip":"localhost","port":4569},"N0":{"id":"N0","ip":"localhost","port":4567},"N1":{"id":"N1","ip":"localhost","port":4568}},"jointConfig":true,"targetVersion":1,"type":"RaftConfig","version":1},"term":1,"index":0}],"level":"Shard","type":"AppendEntries","version":0}
2026-07-29T01:26:17.546436099Z Node N2 Shard: commiting upto index -1
2026-07-29T01:26:17.546508629Z Shard: leader N1 received: {"term":1,"senderId":"N9","success":true,"matchIndex":0,"level":"Shard","type":"AppendEntriesReply","version":0}
2026-07-29T01:26:17.546541899Z Sending message to node N1: {"term":1,"senderId":"N2","success":true,"matchIndex":0,"level":"Shard","type":"AppendEntriesReply","version":0}
2026-07-29T01:26:17.547051427Z Shard: leader N1 received: {"term":1,"senderId":"N2","success":true,"matchIndex":0,"level":"Shard","type":"AppendEntriesReply","version":0}
2026-07-29T01:26:17.547200063Z Node N1 Shard: commiting upto index 0
2026-07-29T01:26:17.547439251Z Shard: leader node: N1 broadcasting append entries message
2026-07-29T01:26:17.547640811Z Sending message to node N0: {"term":1,"leaderId":"N1","prevLogIndex":0,"prevLogTerm":1,"leaderCommit":0,"entries":[{"msg":{"nodes":{"N0":{"id":"N0","ip":"localhost","port":4567},"N1":{"id":"N1","ip":"localhost","port":4568},"N2":{"id":"N2","ip":"localhost","port":4569},"N9":{"id":"N9","ip":"localhost","port":4570}},"jointConfig":false,"targetVersion":1,"type":"RaftConfig","version":1},"term":1,"index":1}],"level":"Shard","type":"AppendEntries","version":0}
2026-07-29T01:26:17.549057079Z Sending message to node N9: {"term":1,"leaderId":"N1","prevLogIndex":0,"prevLogTerm":1,"leaderCommit":0,"entries":[{"msg":{"nodes":{"N0":{"id":"N0","ip":"localhost","port":4567},"N1":{"id":"N1","ip":"localhost","port":4568},"N2":{"id":"N2","ip":"localhost","port":4569},"N9":{"id":"N9","ip":"localhost","port":4570}},"jointConfig":false,"targetVersion":1,"type":"RaftConfig","version":1},"term":1,"index":1}],"level":"Shard","type":"AppendEntries","version":0}
2026-07-29T01:26:17.549762590Z Sending message to node N2: {"term":1,"leaderId":"N1","prevLogIndex":0,"prevLogTerm":1,"leaderCommit":0,"entries":[{"msg":{"nodes":{"N0":{"id":"N0","ip":"localhost","port":4567},"N1":{"id":"N1","ip":"localhost","port":4568},"N2":{"id":"N2","ip":"localhost","port":4569},"N9":{"id":"N9","ip":"localhost","port":4570}},"jointConfig":false,"targetVersion":1,"type":"RaftConfig","version":1},"term":1,"index":1}],"level":"Shard","type":"AppendEntries","version":0}
2026-07-29T01:26:17.549823889Z Shard: follower N0 received: {"term":1,"leaderId":"N1","prevLogIndex":0,"prevLogTerm":1,"leaderCommit":0,"entries":[{"msg":{"nodes":{"N0":{"id":"N0","ip":"localhost","port":4567},"N1":{"id":"N1","ip":"localhost","port":4568},"N2":{"id":"N2","ip":"localhost","port":4569},"N9":{"id":"N9","ip":"localhost","port":4570}},"jointConfig":false,"targetVersion":1,"type":"RaftConfig","version":1},"term":1,"index":1}],"level":"Shard","type":"AppendEntries","version":0}
2026-07-29T01:26:17.550078002Z Node N0 Shard: commiting upto index 0
2026-07-29T01:26:17.550312704Z Sending message to node N1: {"term":1,"senderId":"N0","success":true,"matchIndex":1,"level":"Shard","type":"AppendEntriesReply","version":0}
2026-07-29T01:26:17.551037109Z Shard: follower N2 received: {"term":1,"leaderId":"N1","prevLogIndex":0,"prevLogTerm":1,"leaderCommit":0,"entries":[{"msg":{"nodes":{"N0":{"id":"N0","ip":"localhost","port":4567},"N1":{"id":"N1","ip":"localhost","port":4568},"N2":{"id":"N2","ip":"localhost","port":4569},"N9":{"id":"N9","ip":"localhost","port":4570}},"jointConfig":false,"targetVersion":1,"type":"RaftConfig","version":1},"term":1,"index":1}],"level":"Shard","type":"AppendEntries","version":0}
2026-07-29T01:26:17.551210899Z Node N2 Shard: commiting upto index 0
2026-07-29T01:26:17.551208572Z Shard: leader N1 received: {"term":1,"senderId":"N0","success":true,"matchIndex":1,"level":"Shard","type":"AppendEntriesReply","version":0}
2026-07-29T01:26:17.551067875Z Shard: learner N9 received: {"term":1,"leaderId":"N1","prevLogIndex":0,"prevLogTerm":1,"leaderCommit":0,"entries":[{"msg":{"nodes":{"N0":{"id":"N0","ip":"localhost","port":4567},"N1":{"id":"N1","ip":"localhost","port":4568},"N2":{"id":"N2","ip":"localhost","port":4569},"N9":{"id":"N9","ip":"localhost","port":4570}},"jointConfig":false,"targetVersion":1,"type":"RaftConfig","version":1},"term":1,"index":1}],"level":"Shard","type":"AppendEntries","version":0}
2026-07-29T01:26:17.551349353Z Sending message to node N1: {"term":1,"senderId":"N2","success":true,"matchIndex":1,"level":"Shard","type":"AppendEntriesReply","version":0}
2026-07-29T01:26:17.551403375Z Node N9 Shard: commiting upto index 0
2026-07-29T01:26:17.551639885Z Sending message to node N1: {"term":1,"senderId":"N9","success":true,"matchIndex":1,"level":"Shard","type":"AppendEntriesReply","version":0}
2026-07-29T01:26:17.551724070Z Shard: leader N1 received: {"term":1,"senderId":"N2","success":true,"matchIndex":1,"level":"Shard","type":"AppendEntriesReply","version":0}
2026-07-29T01:26:17.552459479Z Shard: leader N1 received: {"term":1,"senderId":"N9","success":true,"matchIndex":1,"level":"Shard","type":"AppendEntriesReply","version":0}
2026-07-29T01:26:17.552878478Z Node N1 Shard: commiting upto index 1
2026-07-29T01:26:17.553158605Z Shard: leader node: N1 broadcasting append entries message
2026-07-29T01:26:17.553437998Z Sending message to node N0: {"term":1,"leaderId":"N1","prevLogIndex":1,"prevLogTerm":1,"leaderCommit":1,"level":"Shard","type":"AppendEntries","version":1}
2026-07-29T01:26:17.554213646Z Sending message to node N9: {"term":1,"leaderId":"N1","prevLogIndex":1,"prevLogTerm":1,"leaderCommit":1,"level":"Shard","type":"AppendEntries","version":1}
2026-07-29T01:26:17.554469423Z Sending message to node N2: {"term":1,"leaderId":"N1","prevLogIndex":1,"prevLogTerm":1,"leaderCommit":1,"level":"Shard","type":"AppendEntries","version":1}
2026-07-29T01:26:17.554522125Z Shard: follower N0 received: {"term":1,"leaderId":"N1","prevLogIndex":1,"prevLogTerm":1,"leaderCommit":1,"level":"Shard","type":"AppendEntries","version":1}
2026-07-29T01:26:17.554703707Z Node N0 Shard: commiting upto index 1
2026-07-29T01:26:17.554873770Z Sending message to node N1: {"term":1,"senderId":"N0","success":true,"matchIndex":1,"level":"Shard","type":"AppendEntriesReply","version":1}
2026-07-29T01:26:17.554895873Z Shard: learner N9 received: {"term":1,"leaderId":"N1","prevLogIndex":1,"prevLogTerm":1,"leaderCommit":1,"level":"Shard","type":"AppendEntries","version":1}
2026-07-29T01:26:17.554888428Z Shard: follower N2 received: {"term":1,"leaderId":"N1","prevLogIndex":1,"prevLogTerm":1,"leaderCommit":1,"level":"Shard","type":"AppendEntries","version":1}
2026-07-29T01:26:17.555046327Z Node N2 Shard: commiting upto index 1
2026-07-29T01:26:17.555042121Z Node N9 Shard: commiting upto index 1
2026-07-29T01:26:17.555352892Z Sending message to node N1: {"term":1,"senderId":"N2","success":true,"matchIndex":1,"level":"Shard","type":"AppendEntriesReply","version":1}
2026-07-29T01:26:17.555682997Z Sending message to node N1: {"term":1,"senderId":"N9","success":true,"matchIndex":1,"level":"Shard","type":"AppendEntriesReply","version":1}
2026-07-29T01:26:17.555675243Z Shard: leader N1 received: {"term":1,"senderId":"N0","success":true,"matchIndex":1,"level":"Shard","type":"AppendEntriesReply","version":1}
2026-07-29T01:26:17.557236135Z Shard: leader N1 received: {"term":1,"senderId":"N2","success":true,"matchIndex":1,"level":"Shard","type":"AppendEntriesReply","version":1}
2026-07-29T01:26:17.557876018Z Shard: leader N1 received: {"term":1,"senderId":"N9","success":true,"matchIndex":1,"level":"Shard","type":"AppendEntriesReply","version":1}
2026-07-29T01:26:18.558126464Z Shard: Node N1 - Leader sending heartbeats.
2026-07-29T01:26:18.558313649Z Shard: leader node: N1 broadcasting append entries message
2026-07-29T01:26:18.558498216Z Sending message to node N0: {"term":1,"leaderId":"N1","prevLogIndex":1,"prevLogTerm":1,"leaderCommit":1,"level":"Shard","type":"AppendEntries","version":1}
2026-07-29T01:26:18.558910753Z Sending message to node N9: {"term":1,"leaderId":"N1","prevLogIndex":1,"prevLogTerm":1,"leaderCommit":1,"level":"Shard","type":"AppendEntries","version":1}
2026-07-29T01:26:18.559263686Z Sending message to node N2: {"term":1,"leaderId":"N1","prevLogIndex":1,"prevLogTerm":1,"leaderCommit":1,"level":"Shard","type":"AppendEntries","version":1}
2026-07-29T01:26:18.559274477Z Shard: follower N0 received: {"term":1,"leaderId":"N1","prevLogIndex":1,"prevLogTerm":1,"leaderCommit":1,"level":"Shard","type":"AppendEntries","version":1}
2026-07-29T01:26:18.559473015Z Node N0 Shard: commiting upto index 1
2026-07-29T01:26:18.559591681Z Sending message to node N1: {"term":1,"senderId":"N0","success":true,"matchIndex":1,"level":"Shard","type":"AppendEntriesReply","version":1}
2026-07-29T01:26:18.560555280Z Shard: follower N9 received: {"term":1,"leaderId":"N1","prevLogIndex":1,"prevLogTerm":1,"leaderCommit":1,"level":"Shard","type":"AppendEntries","version":1}
2026-07-29T01:26:18.560764019Z Node N9 Shard: commiting upto index 1
2026-07-29T01:26:18.560897714Z Shard: leader N1 received: {"term":1,"senderId":"N0","success":true,"matchIndex":1,"level":"Shard","type":"AppendEntriesReply","version":1}
2026-07-29T01:26:18.560913187Z Sending message to node N1: {"term":1,"senderId":"N9","success":true,"matchIndex":1,"level":"Shard","type":"AppendEntriesReply","version":1}
2026-07-29T01:26:18.561490910Z Shard: leader N1 received: {"term":1,"senderId":"N9","success":true,"matchIndex":1,"level":"Shard","type":"AppendEntriesReply","version":1}
2026-07-29T01:26:18.573110070Z Shard: follower N2 received: {"term":1,"leaderId":"N1","prevLogIndex":1,"prevLogTerm":1,"leaderCommit":1,"level":"Shard","type":"AppendEntries","version":1}
2026-07-29T01:26:18.573367982Z Node N2 Shard: commiting upto index 1
2026-07-29T01:26:18.574405152Z Sending message to node N1: {"term":1,"senderId":"N2","success":true,"matchIndex":1,"level":"Shard","type":"AppendEntriesReply","version":1}
2026-07-29T01:26:18.575205615Z Shard: leader N1 received: {"term":1,"senderId":"N2","success":true,"matchIndex":1,"level":"Shard","type":"AppendEntriesReply","version":1}
2026-07-29T01:26:19.575556956Z Shard: Node N1 - Leader sending heartbeats.
2026-07-29T01:26:19.575637384Z Shard: leader node: N1 broadcasting append entries message
2026-07-29T01:26:19.575718039Z Sending message to node N0: {"term":1,"leaderId":"N1","prevLogIndex":1,"prevLogTerm":1,"leaderCommit":1,"level":"Shard","type":"AppendEntries","version":1}
2026-07-29T01:26:19.575948220Z Sending message to node N9: {"term":1,"leaderId":"N1","prevLogIndex":1,"prevLogTerm":1,"leaderCommit":1,"level":"Shard","type":"AppendEntries","version":1}
2026-07-29T01:26:19.576212022Z Sending message to node N2: {"term":1,"leaderId":"N1","prevLogIndex":1,"prevLogTerm":1,"leaderCommit":1,"level":"Shard","type":"AppendEntries","version":1}
2026-07-29T01:26:19.576338373Z Shard: follower N0 received: {"term":1,"leaderId":"N1","prevLogIndex":1,"prevLogTerm":1,"leaderCommit":1,"level":"Shard","type":"AppendEntries","version":1}
2026-07-29T01:26:19.576464211Z Node N0 Shard: commiting upto index 1
2026-07-29T01:26:19.576515165Z Shard: follower N2 received: {"term":1,"leaderId":"N1","prevLogIndex":1,"prevLogTerm":1,"leaderCommit":1,"level":"Shard","type":"AppendEntries","version":1}
2026-07-29T01:26:19.576580151Z Sending message to node N1: {"term":1,"senderId":"N0","success":true,"matchIndex":1,"level":"Shard","type":"AppendEntriesReply","version":1}
2026-07-29T01:26:19.576593117Z Node N2 Shard: commiting upto index 1
2026-07-29T01:26:19.576588991Z Shard: follower N9 received: {"term":1,"leaderId":"N1","prevLogIndex":1,"prevLogTerm":1,"leaderCommit":1,"level":"Shard","type":"AppendEntries","version":1}
2026-07-29T01:26:19.576655652Z Sending message to node N1: {"term":1,"senderId":"N2","success":true,"matchIndex":1,"level":"Shard","type":"AppendEntriesReply","version":1}
2026-07-29T01:26:19.576800328Z Node N9 Shard: commiting upto index 1
2026-07-29T01:26:19.577355664Z Sending message to node N1: {"term":1,"senderId":"N9","success":true,"matchIndex":1,"level":"Shard","type":"AppendEntriesReply","version":1}
2026-07-29T01:26:19.578242783Z Shard: leader N1 received: {"term":1,"senderId":"N0","success":true,"matchIndex":1,"level":"Shard","type":"AppendEntriesReply","version":1}
2026-07-29T01:26:19.579073295Z Shard: leader N1 received: {"term":1,"senderId":"N2","success":true,"matchIndex":1,"level":"Shard","type":"AppendEntriesReply","version":1}
2026-07-29T01:26:19.579200618Z Shard: leader N1 received: {"term":1,"senderId":"N9","success":true,"matchIndex":1,"level":"Shard","type":"AppendEntriesReply","version":1}
2026-07-29T01:26:20.282696753Z Shard: follower N2 received: {"nodes":{"N0":{"id":"N0","ip":"localhost","port":4567},"N1":{"id":"N1","ip":"localhost","port":4568},"N2":{"id":"N2","ip":"localhost","port":4569}},"action":"Update","type":"Update","version":2}
2026-07-29T01:26:20.282799521Z Node N2 Shard level raft recieved config update request
2026-07-29T01:26:20.286271477Z Shard: leader N1 received: {"nodes":{"N0":{"id":"N0","ip":"localhost","port":4567},"N1":{"id":"N1","ip":"localhost","port":4568},"N2":{"id":"N2","ip":"localhost","port":4569}},"action":"Update","type":"Update","version":2}
2026-07-29T01:26:20.286718147Z Node N1 Shard level raft recieved config update request
2026-07-29T01:26:20.288122180Z Shard: follower N0 received: {"nodes":{"N0":{"id":"N0","ip":"localhost","port":4567},"N1":{"id":"N1","ip":"localhost","port":4568},"N2":{"id":"N2","ip":"localhost","port":4569}},"action":"Update","type":"Update","version":2}
2026-07-29T01:26:20.288481057Z Node N0 Shard level raft recieved config update request
2026-07-29T01:26:21.287689852Z Shard: Node N1 - Leader sending heartbeats.
2026-07-29T01:26:21.287865314Z Shard: leader node: N1 broadcasting append entries message
2026-07-29T01:26:21.288562374Z Sending message to node N0: {"term":1,"leaderId":"N1","prevLogIndex":1,"prevLogTerm":1,"leaderCommit":1,"entries":[{"msg":{"nodes":{"N0":{"id":"N0","ip":"localhost","port":4567},"N1":{"id":"N1","ip":"localhost","port":4568},"N2":{"id":"N2","ip":"localhost","port":4569}},"oldNodes":{"N0":{"id":"N0","ip":"localhost","port":4567},"N1":{"id":"N1","ip":"localhost","port":4568},"N9":{"id":"N9","ip":"localhost","port":4570},"N2":{"id":"N2","ip":"localhost","port":4569}},"jointConfig":true,"targetVersion":2,"type":"RaftConfig","version":2},"term":1,"index":2}],"level":"Shard","type":"AppendEntries","version":1}
2026-07-29T01:26:21.289135149Z Sending message to node N9: {"term":1,"leaderId":"N1","prevLogIndex":1,"prevLogTerm":1,"leaderCommit":1,"entries":[{"msg":{"nodes":{"N0":{"id":"N0","ip":"localhost","port":4567},"N1":{"id":"N1","ip":"localhost","port":4568},"N2":{"id":"N2","ip":"localhost","port":4569}},"oldNodes":{"N0":{"id":"N0","ip":"localhost","port":4567},"N1":{"id":"N1","ip":"localhost","port":4568},"N9":{"id":"N9","ip":"localhost","port":4570},"N2":{"id":"N2","ip":"localhost","port":4569}},"jointConfig":true,"targetVersion":2,"type":"RaftConfig","version":2},"term":1,"index":2}],"level":"Shard","type":"AppendEntries","version":1}
2026-07-29T01:26:21.289812274Z failed to send message to node N9
2026-07-29T01:26:21.290013294Z Sending message to node N2: {"term":1,"leaderId":"N1","prevLogIndex":1,"prevLogTerm":1,"leaderCommit":1,"entries":[{"msg":{"nodes":{"N0":{"id":"N0","ip":"localhost","port":4567},"N1":{"id":"N1","ip":"localhost","port":4568},"N2":{"id":"N2","ip":"localhost","port":4569}},"oldNodes":{"N0":{"id":"N0","ip":"localhost","port":4567},"N1":{"id":"N1","ip":"localhost","port":4568},"N9":{"id":"N9","ip":"localhost","port":4570},"N2":{"id":"N2","ip":"localhost","port":4569}},"jointConfig":true,"targetVersion":2,"type":"RaftConfig","version":2},"term":1,"index":2}],"level":"Shard","type":"AppendEntries","version":1}
2026-07-29T01:26:21.292930581Z Shard: follower N0 received: {"term":1,"leaderId":"N1","prevLogIndex":1,"prevLogTerm":1,"leaderCommit":1,"entries":[{"msg":{"nodes":{"N0":{"id":"N0","ip":"localhost","port":4567},"N1":{"id":"N1","ip":"localhost","port":4568},"N2":{"id":"N2","ip":"localhost","port":4569}},"oldNodes":{"N0":{"id":"N0","ip":"localhost","port":4567},"N1":{"id":"N1","ip":"localhost","port":4568},"N9":{"id":"N9","ip":"localhost","port":4570},"N2":{"id":"N2","ip":"localhost","port":4569}},"jointConfig":true,"targetVersion":2,"type":"RaftConfig","version":2},"term":1,"index":2}],"level":"Shard","type":"AppendEntries","version":1}
2026-07-29T01:26:21.293455636Z Node N0 Shard: commiting upto index 1
2026-07-29T01:26:21.293800537Z Sending message to node N1: {"term":1,"senderId":"N0","success":true,"matchIndex":2,"level":"Shard","type":"AppendEntriesReply","version":1}
2026-07-29T01:26:21.294179362Z Shard: follower N2 received: {"term":1,"leaderId":"N1","prevLogIndex":1,"prevLogTerm":1,"leaderCommit":1,"entries":[{"msg":{"nodes":{"N0":{"id":"N0","ip":"localhost","port":4567},"N1":{"id":"N1","ip":"localhost","port":4568},"N2":{"id":"N2","ip":"localhost","port":4569}},"oldNodes":{"N0":{"id":"N0","ip":"localhost","port":4567},"N1":{"id":"N1","ip":"localhost","port":4568},"N9":{"id":"N9","ip":"localhost","port":4570},"N2":{"id":"N2","ip":"localhost","port":4569}},"jointConfig":true,"targetVersion":2,"type":"RaftConfig","version":2},"term":1,"index":2}],"level":"Shard","type":"AppendEntries","version":1}
2026-07-29T01:26:21.294428514Z Node N2 Shard: commiting upto index 1
2026-07-29T01:26:21.294582855Z Sending message to node N1: {"term":1,"senderId":"N2","success":true,"matchIndex":2,"level":"Shard","type":"AppendEntriesReply","version":1}
2026-07-29T01:26:21.294711584Z Shard: leader N1 received: {"term":1,"senderId":"N0","success":true,"matchIndex":2,"level":"Shard","type":"AppendEntriesReply","version":1}
2026-07-29T01:26:21.295347735Z Shard: leader N1 received: {"term":1,"senderId":"N2","success":true,"matchIndex":2,"level":"Shard","type":"AppendEntriesReply","version":1}
2026-07-29T01:26:22.295940695Z Shard: Node N1 - Leader sending heartbeats.
2026-07-29T01:26:22.296443581Z Shard: leader node: N1 broadcasting append entries message
2026-07-29T01:26:22.297922319Z Sending message to node N0: {"term":1,"leaderId":"N1","prevLogIndex":2,"prevLogTerm":1,"leaderCommit":1,"level":"Shard","type":"AppendEntries","version":1}
2026-07-29T01:26:22.299060483Z Sending message to node N9: {"term":1,"leaderId":"N1","prevLogIndex":1,"prevLogTerm":1,"leaderCommit":1,"entries":[{"msg":{"nodes":{"N0":{"id":"N0","ip":"localhost","port":4567},"N1":{"id":"N1","ip":"localhost","port":4568},"N2":{"id":"N2","ip":"localhost","port":4569}},"oldNodes":{"N0":{"id":"N0","ip":"localhost","port":4567},"N1":{"id":"N1","ip":"localhost","port":4568},"N9":{"id":"N9","ip":"localhost","port":4570},"N2":{"id":"N2","ip":"localhost","port":4569}},"jointConfig":true,"targetVersion":2,"type":"RaftConfig","version":2},"term":1,"index":2}],"level":"Shard","type":"AppendEntries","version":1}
2026-07-29T01:26:22.299705456Z failed to send message to node N9
2026-07-29T01:26:22.299941462Z Sending message to node N2: {"term":1,"leaderId":"N1","prevLogIndex":2,"prevLogTerm":1,"leaderCommit":1,"level":"Shard","type":"AppendEntries","version":1}
2026-07-29T01:26:22.300318952Z Shard: follower N0 received: {"term":1,"leaderId":"N1","prevLogIndex":2,"prevLogTerm":1,"leaderCommit":1,"level":"Shard","type":"AppendEntries","version":1}
2026-07-29T01:26:22.300637467Z Node N0 Shard: commiting upto index 1
2026-07-29T01:26:22.301007903Z Sending message to node N1: {"term":1,"senderId":"N0","success":true,"matchIndex":2,"level":"Shard","type":"AppendEntriesReply","version":1}
2026-07-29T01:26:22.304644675Z Shard: leader N1 received: {"term":1,"senderId":"N0","success":true,"matchIndex":2,"level":"Shard","type":"AppendEntriesReply","version":1}
2026-07-29T01:26:22.304652579Z Shard: follower N2 received: {"term":1,"leaderId":"N1","prevLogIndex":2,"prevLogTerm":1,"leaderCommit":1,"level":"Shard","type":"AppendEntries","version":1}
2026-07-29T01:26:22.305521829Z Node N2 Shard: commiting upto index 1
2026-07-29T01:26:22.306320009Z Sending message to node N1: {"term":1,"senderId":"N2","success":true,"matchIndex":2,"level":"Shard","type":"AppendEntriesReply","version":1}
2026-07-29T01:26:22.308938041Z Shard: leader N1 received: {"term":1,"senderId":"N2","success":true,"matchIndex":2,"level":"Shard","type":"AppendEntriesReply","version":1}
2026-07-29T01:26:23.309699778Z Shard: Node N1 - Leader sending heartbeats.
2026-07-29T01:26:23.310236758Z Shard: leader node: N1 broadcasting append entries message
2026-07-29T01:26:23.311035656Z Sending message to node N0: {"term":1,"leaderId":"N1","prevLogIndex":2,"prevLogTerm":1,"leaderCommit":1,"level":"Shard","type":"AppendEntries","version":1}
2026-07-29T01:26:23.311970025Z Sending message to node N9: {"term":1,"leaderId":"N1","prevLogIndex":1,"prevLogTerm":1,"leaderCommit":1,"entries":[{"msg":{"nodes":{"N0":{"id":"N0","ip":"localhost","port":4567},"N1":{"id":"N1","ip":"localhost","port":4568},"N2":{"id":"N2","ip":"localhost","port":4569}},"oldNodes":{"N0":{"id":"N0","ip":"localhost","port":4567},"N1":{"id":"N1","ip":"localhost","port":4568},"N9":{"id":"N9","ip":"localhost","port":4570},"N2":{"id":"N2","ip":"localhost","port":4569}},"jointConfig":true,"targetVersion":2,"type":"RaftConfig","version":2},"term":1,"index":2}],"level":"Shard","type":"AppendEntries","version":1}
2026-07-29T01:26:23.313235751Z Shard: follower N0 received: {"term":1,"leaderId":"N1","prevLogIndex":2,"prevLogTerm":1,"leaderCommit":1,"level":"Shard","type":"AppendEntries","version":1}
2026-07-29T01:26:23.313505185Z Node N0 Shard: commiting upto index 1
2026-07-29T01:26:23.313724029Z Sending message to node N1: {"term":1,"senderId":"N0","success":true,"matchIndex":2,"level":"Shard","type":"AppendEntriesReply","version":1}
2026-07-29T01:26:23.313917125Z failed to send message to node N9
2026-07-29T01:26:23.314741926Z Sending message to node N2: {"term":1,"leaderId":"N1","prevLogIndex":2,"prevLogTerm":1,"leaderCommit":1,"level":"Shard","type":"AppendEntries","version":1}
2026-07-29T01:26:23.316362958Z Shard: leader N1 received: {"term":1,"senderId":"N0","success":true,"matchIndex":2,"level":"Shard","type":"AppendEntriesReply","version":1}
2026-07-29T01:26:23.316416885Z Shard: follower N2 received: {"term":1,"leaderId":"N1","prevLogIndex":2,"prevLogTerm":1,"leaderCommit":1,"level":"Shard","type":"AppendEntries","version":1}
2026-07-29T01:26:23.316619073Z Node N2 Shard: commiting upto index 1
2026-07-29T01:26:23.316818162Z Sending message to node N1: {"term":1,"senderId":"N2","success":true,"matchIndex":2,"level":"Shard","type":"AppendEntriesReply","version":1}
2026-07-29T01:26:23.317428458Z Shard: leader N1 received: {"term":1,"senderId":"N2","success":true,"matchIndex":2,"level":"Shard","type":"AppendEntriesReply","version":1}
2026-07-29T01:26:24.319257219Z Shard: Node N1 - Leader sending heartbeats.
2026-07-29T01:26:24.319539223Z Shard: leader node: N1 broadcasting append entries message
2026-07-29T01:26:24.319758501Z Sending message to node N0: {"term":1,"leaderId":"N1","prevLogIndex":2,"prevLogTerm":1,"leaderCommit":1,"level":"Shard","type":"AppendEntries","version":1}
2026-07-29T01:26:24.320612546Z Shard: follower N0 received: {"term":1,"leaderId":"N1","prevLogIndex":2,"prevLogTerm":1,"leaderCommit":1,"level":"Shard","type":"AppendEntries","version":1}
2026-07-29T01:26:24.320840862Z Node N0 Shard: commiting upto index 1
2026-07-29T01:26:24.321093499Z Sending message to node N1: {"term":1,"senderId":"N0","success":true,"matchIndex":2,"level":"Shard","type":"AppendEntriesReply","version":1}
2026-07-29T01:26:24.321475233Z Sending message to node N9: {"term":1,"leaderId":"N1","prevLogIndex":1,"prevLogTerm":1,"leaderCommit":1,"entries":[{"msg":{"nodes":{"N0":{"id":"N0","ip":"localhost","port":4567},"N1":{"id":"N1","ip":"localhost","port":4568},"N2":{"id":"N2","ip":"localhost","port":4569}},"oldNodes":{"N0":{"id":"N0","ip":"localhost","port":4567},"N1":{"id":"N1","ip":"localhost","port":4568},"N9":{"id":"N9","ip":"localhost","port":4570},"N2":{"id":"N2","ip":"localhost","port":4569}},"jointConfig":true,"targetVersion":2,"type":"RaftConfig","version":2},"term":1,"index":2}],"level":"Shard","type":"AppendEntries","version":1}
2026-07-29T01:26:24.322330957Z failed to send message to node N9
2026-07-29T01:26:24.322555386Z Sending message to node N2: {"term":1,"leaderId":"N1","prevLogIndex":2,"prevLogTerm":1,"leaderCommit":1,"level":"Shard","type":"AppendEntries","version":1}
2026-07-29T01:26:24.322947144Z Shard: leader N1 received: {"term":1,"senderId":"N0","success":true,"matchIndex":2,"level":"Shard","type":"AppendEntriesReply","version":1}
2026-07-29T01:26:24.323206782Z Shard: follower N2 received: {"term":1,"leaderId":"N1","prevLogIndex":2,"prevLogTerm":1,"leaderCommit":1,"level":"Shard","type":"AppendEntries","version":1}
2026-07-29T01:26:24.323374709Z Node N2 Shard: commiting upto index 1
2026-07-29T01:26:24.323619360Z Sending message to node N1: {"term":1,"senderId":"N2","success":true,"matchIndex":2,"level":"Shard","type":"AppendEntriesReply","version":1}
2026-07-29T01:26:24.324210553Z Shard: leader N1 received: {"term":1,"senderId":"N2","success":true,"matchIndex":2,"level":"Shard","type":"AppendEntriesReply","version":1}
2026-07-29T01:26:25.324670696Z Shard: Node N1 - Leader sending heartbeats.
2026-07-29T01:26:25.324932567Z Shard: leader node: N1 broadcasting append entries message
2026-07-29T01:26:25.325547361Z Sending message to node N0: {"term":1,"leaderId":"N1","prevLogIndex":2,"prevLogTerm":1,"leaderCommit":1,"level":"Shard","type":"AppendEntries","version":1}
2026-07-29T01:26:25.326366943Z Sending message to node N9: {"term":1,"leaderId":"N1","prevLogIndex":1,"prevLogTerm":1,"leaderCommit":1,"entries":[{"msg":{"nodes":{"N0":{"id":"N0","ip":"localhost","port":4567},"N1":{"id":"N1","ip":"localhost","port":4568},"N2":{"id":"N2","ip":"localhost","port":4569}},"oldNodes":{"N0":{"id":"N0","ip":"localhost","port":4567},"N1":{"id":"N1","ip":"localhost","port":4568},"N9":{"id":"N9","ip":"localhost","port":4570},"N2":{"id":"N2","ip":"localhost","port":4569}},"jointConfig":true,"targetVersion":2,"type":"RaftConfig","version":2},"term":1,"index":2}],"level":"Shard","type":"AppendEntries","version":1}
2026-07-29T01:26:25.326744298Z failed to send message to node N9
2026-07-29T01:26:25.326926154Z Shard: follower N0 received: {"term":1,"leaderId":"N1","prevLogIndex":2,"prevLogTerm":1,"leaderCommit":1,"level":"Shard","type":"AppendEntries","version":1}
2026-07-29T01:26:25.327001189Z Sending message to node N2: {"term":1,"leaderId":"N1","prevLogIndex":2,"prevLogTerm":1,"leaderCommit":1,"level":"Shard","type":"AppendEntries","version":1}
2026-07-29T01:26:25.327166536Z Node N0 Shard: commiting upto index 1
2026-07-29T01:26:25.327441062Z Sending message to node N1: {"term":1,"senderId":"N0","success":true,"matchIndex":2,"level":"Shard","type":"AppendEntriesReply","version":1}
2026-07-29T01:26:25.328163546Z Shard: follower N2 received: {"term":1,"leaderId":"N1","prevLogIndex":2,"prevLogTerm":1,"leaderCommit":1,"level":"Shard","type":"AppendEntries","version":1}
2026-07-29T01:26:25.328452359Z Node N2 Shard: commiting upto index 1
2026-07-29T01:26:25.328703375Z Sending message to node N1: {"term":1,"senderId":"N2","success":true,"matchIndex":2,"level":"Shard","type":"AppendEntriesReply","version":1}
2026-07-29T01:26:25.328770652Z Shard: leader N1 received: {"term":1,"senderId":"N0","success":true,"matchIndex":2,"level":"Shard","type":"AppendEntriesReply","version":1}
2026-07-29T01:26:25.329750547Z Shard: leader N1 received: {"term":1,"senderId":"N2","success":true,"matchIndex":2,"level":"Shard","type":"AppendEntriesReply","version":1}
2026-07-29T01:26:26.330317224Z Shard: Node N1 - Leader sending heartbeats.
2026-07-29T01:26:26.330560649Z Shard: leader node: N1 broadcasting append entries message
2026-07-29T01:26:26.330859066Z Sending message to node N0: {"term":1,"leaderId":"N1","prevLogIndex":2,"prevLogTerm":1,"leaderCommit":1,"level":"Shard","type":"AppendEntries","version":1}
2026-07-29T01:26:26.331725204Z Sending message to node N9: {"term":1,"leaderId":"N1","prevLogIndex":1,"prevLogTerm":1,"leaderCommit":1,"entries":[{"msg":{"nodes":{"N0":{"id":"N0","ip":"localhost","port":4567},"N1":{"id":"N1","ip":"localhost","port":4568},"N2":{"id":"N2","ip":"localhost","port":4569}},"oldNodes":{"N0":{"id":"N0","ip":"localhost","port":4567},"N1":{"id":"N1","ip":"localhost","port":4568},"N9":{"id":"N9","ip":"localhost","port":4570},"N2":{"id":"N2","ip":"localhost","port":4569}},"jointConfig":true,"targetVersion":2,"type":"RaftConfig","version":2},"term":1,"index":2}],"level":"Shard","type":"AppendEntries","version":1}
2026-07-29T01:26:26.332202484Z Shard: follower N0 received: {"term":1,"leaderId":"N1","prevLogIndex":2,"prevLogTerm":1,"leaderCommit":1,"level":"Shard","type":"AppendEntries","version":1}
2026-07-29T01:26:26.332382908Z failed to send message to node N9
2026-07-29T01:26:26.332479841Z Node N0 Shard: commiting upto index 1
2026-07-29T01:26:26.332648802Z Sending message to node N2: {"term":1,"leaderId":"N1","prevLogIndex":2,"prevLogTerm":1,"leaderCommit":1,"level":"Shard","type":"AppendEntries","version":1}
2026-07-29T01:26:26.332745128Z Sending message to node N1: {"term":1,"senderId":"N0","success":true,"matchIndex":2,"level":"Shard","type":"AppendEntriesReply","version":1}
2026-07-29T01:26:26.334027199Z Shard: follower N2 received: {"term":1,"leaderId":"N1","prevLogIndex":2,"prevLogTerm":1,"leaderCommit":1,"level":"Shard","type":"AppendEntries","version":1}
2026-07-29T01:26:26.334284925Z Node N2 Shard: commiting upto index 1
2026-07-29T01:26:26.334525374Z Sending message to node N1: {"term":1,"senderId":"N2","success":true,"matchIndex":2,"level":"Shard","type":"AppendEntriesReply","version":1}
2026-07-29T01:26:26.334424017Z Shard: leader N1 received: {"term":1,"senderId":"N0","success":true,"matchIndex":2,"level":"Shard","type":"AppendEntriesReply","version":1}
2026-07-29T01:26:26.335614751Z Shard: leader N1 received: {"term":1,"senderId":"N2","success":true,"matchIndex":2,"level":"Shard","type":"AppendEntriesReply","version":1}
2026-07-29T01:26:27.337029433Z Shard: Node N1 - Leader sending heartbeats.
2026-07-29T01:26:27.337332860Z Shard: leader node: N1 broadcasting append entries message
2026-07-29T01:26:27.337520879Z Sending message to node N0: {"term":1,"leaderId":"N1","prevLogIndex":2,"prevLogTerm":1,"leaderCommit":1,"level":"Shard","type":"AppendEntries","version":1}
2026-07-29T01:26:27.338294807Z Sending message to node N9: {"term":1,"leaderId":"N1","prevLogIndex":1,"prevLogTerm":1,"leaderCommit":1,"entries":[{"msg":{"nodes":{"N0":{"id":"N0","ip":"localhost","port":4567},"N1":{"id":"N1","ip":"localhost","port":4568},"N2":{"id":"N2","ip":"localhost","port":4569}},"oldNodes":{"N0":{"id":"N0","ip":"localhost","port":4567},"N1":{"id":"N1","ip":"localhost","port":4568},"N9":{"id":"N9","ip":"localhost","port":4570},"N2":{"id":"N2","ip":"localhost","port":4569}},"jointConfig":true,"targetVersion":2,"type":"RaftConfig","version":2},"term":1,"index":2}],"level":"Shard","type":"AppendEntries","version":1}
2026-07-29T01:26:27.338930453Z Shard: follower N0 received: {"term":1,"leaderId":"N1","prevLogIndex":2,"prevLogTerm":1,"leaderCommit":1,"level":"Shard","type":"AppendEntries","version":1}
2026-07-29T01:26:27.338994014Z failed to send message to node N9
2026-07-29T01:26:27.339119682Z Node N0 Shard: commiting upto index 1
2026-07-29T01:26:27.339206023Z Sending message to node N2: {"term":1,"leaderId":"N1","prevLogIndex":2,"prevLogTerm":1,"leaderCommit":1,"level":"Shard","type":"AppendEntries","version":1}
2026-07-29T01:26:27.339296373Z Sending message to node N1: {"term":1,"senderId":"N0","success":true,"matchIndex":2,"level":"Shard","type":"AppendEntriesReply","version":1}
2026-07-29T01:26:27.339934321Z Shard: follower N2 received: {"term":1,"leaderId":"N1","prevLogIndex":2,"prevLogTerm":1,"leaderCommit":1,"level":"Shard","type":"AppendEntries","version":1}
2026-07-29T01:26:27.340234864Z Node N2 Shard: commiting upto index 1
2026-07-29T01:26:27.340238946Z Shard: leader N1 received: {"term":1,"senderId":"N0","success":true,"matchIndex":2,"level":"Shard","type":"AppendEntriesReply","version":1}
2026-07-29T01:26:27.340532536Z Sending message to node N1: {"term":1,"senderId":"N2","success":true,"matchIndex":2,"level":"Shard","type":"AppendEntriesReply","version":1}
2026-07-29T01:26:27.341684773Z Shard: leader N1 received: {"term":1,"senderId":"N2","success":true,"matchIndex":2,"level":"Shard","type":"AppendEntriesReply","version":1}
2026-07-29T01:26:28.342812521Z Shard: Node N1 - Leader sending heartbeats.
2026-07-29T01:26:28.343041403Z Shard: leader node: N1 broadcasting append entries message
2026-07-29T01:26:28.343335126Z Sending message to node N0: {"term":1,"leaderId":"N1","prevLogIndex":2,"prevLogTerm":1,"leaderCommit":1,"level":"Shard","type":"AppendEntries","version":1}
2026-07-29T01:26:28.345055914Z Sending message to node N9: {"term":1,"leaderId":"N1","prevLogIndex":1,"prevLogTerm":1,"leaderCommit":1,"entries":[{"msg":{"nodes":{"N0":{"id":"N0","ip":"localhost","port":4567},"N1":{"id":"N1","ip":"localhost","port":4568},"N2":{"id":"N2","ip":"localhost","port":4569}},"oldNodes":{"N0":{"id":"N0","ip":"localhost","port":4567},"N1":{"id":"N1","ip":"localhost","port":4568},"N9":{"id":"N9","ip":"localhost","port":4570},"N2":{"id":"N2","ip":"localhost","port":4569}},"jointConfig":true,"targetVersion":2,"type":"RaftConfig","version":2},"term":1,"index":2}],"level":"Shard","type":"AppendEntries","version":1}
2026-07-29T01:26:28.345454717Z Shard: follower N0 received: {"term":1,"leaderId":"N1","prevLogIndex":2,"prevLogTerm":1,"leaderCommit":1,"level":"Shard","type":"AppendEntries","version":1}
2026-07-29T01:26:28.345542990Z failed to send message to node N9
2026-07-29T01:26:28.345749253Z Sending message to node N2: {"term":1,"leaderId":"N1","prevLogIndex":2,"prevLogTerm":1,"leaderCommit":1,"level":"Shard","type":"AppendEntries","version":1}
2026-07-29T01:26:28.345785988Z Node N0 Shard: commiting upto index 1
2026-07-29T01:26:28.346012327Z Sending message to node N1: {"term":1,"senderId":"N0","success":true,"matchIndex":2,"level":"Shard","type":"AppendEntriesReply","version":1}
2026-07-29T01:26:28.347049095Z Shard: follower N2 received: {"term":1,"leaderId":"N1","prevLogIndex":2,"prevLogTerm":1,"leaderCommit":1,"level":"Shard","type":"AppendEntries","version":1}
2026-07-29T01:26:28.347159493Z Shard: leader N1 received: {"term":1,"senderId":"N0","success":true,"matchIndex":2,"level":"Shard","type":"AppendEntriesReply","version":1}
2026-07-29T01:26:28.347344147Z Node N2 Shard: commiting upto index 1
2026-07-29T01:26:28.347553940Z Sending message to node N1: {"term":1,"senderId":"N2","success":true,"matchIndex":2,"level":"Shard","type":"AppendEntriesReply","version":1}
2026-07-29T01:26:28.348990593Z Shard: leader N1 received: {"term":1,"senderId":"N2","success":true,"matchIndex":2,"level":"Shard","type":"AppendEntriesReply","version":1}
2026-07-29T01:26:29.349801050Z Shard: Node N1 - Leader sending heartbeats.
2026-07-29T01:26:29.350027529Z Shard: leader node: N1 broadcasting append entries message
2026-07-29T01:26:29.350206977Z Sending message to node N0: {"term":1,"leaderId":"N1","prevLogIndex":2,"prevLogTerm":1,"leaderCommit":1,"level":"Shard","type":"AppendEntries","version":1}
2026-07-29T01:26:29.350817637Z Sending message to node N9: {"term":1,"leaderId":"N1","prevLogIndex":1,"prevLogTerm":1,"leaderCommit":1,"entries":[{"msg":{"nodes":{"N0":{"id":"N0","ip":"localhost","port":4567},"N1":{"id":"N1","ip":"localhost","port":4568},"N2":{"id":"N2","ip":"localhost","port":4569}},"oldNodes":{"N0":{"id":"N0","ip":"localhost","port":4567},"N1":{"id":"N1","ip":"localhost","port":4568},"N9":{"id":"N9","ip":"localhost","port":4570},"N2":{"id":"N2","ip":"localhost","port":4569}},"jointConfig":true,"targetVersion":2,"type":"RaftConfig","version":2},"term":1,"index":2}],"level":"Shard","type":"AppendEntries","version":1}
2026-07-29T01:26:29.351015330Z Shard: follower N0 received: {"term":1,"leaderId":"N1","prevLogIndex":2,"prevLogTerm":1,"leaderCommit":1,"level":"Shard","type":"AppendEntries","version":1}
2026-07-29T01:26:29.351135564Z failed to send message to node N9
2026-07-29T01:26:29.351190430Z Node N0 Shard: commiting upto index 1
2026-07-29T01:26:29.351273622Z Sending message to node N2: {"term":1,"leaderId":"N1","prevLogIndex":2,"prevLogTerm":1,"leaderCommit":1,"level":"Shard","type":"AppendEntries","version":1}
2026-07-29T01:26:29.352159795Z Shard: follower N2 received: {"term":1,"leaderId":"N1","prevLogIndex":2,"prevLogTerm":1,"leaderCommit":1,"level":"Shard","type":"AppendEntries","version":1}
2026-07-29T01:26:29.352345595Z Node N2 Shard: commiting upto index 1
2026-07-29T01:26:29.352391807Z Sending message to node N1: {"term":1,"senderId":"N0","success":true,"matchIndex":2,"level":"Shard","type":"AppendEntriesReply","version":1}
2026-07-29T01:26:29.352513501Z Sending message to node N1: {"term":1,"senderId":"N2","success":true,"matchIndex":2,"level":"Shard","type":"AppendEntriesReply","version":1}
2026-07-29T01:26:29.353225271Z Shard: leader N1 received: {"term":1,"senderId":"N0","success":true,"matchIndex":2,"level":"Shard","type":"AppendEntriesReply","version":1}
2026-07-29T01:26:29.353481066Z Shard: leader N1 received: {"term":1,"senderId":"N2","success":true,"matchIndex":2,"level":"Shard","type":"AppendEntriesReply","version":1}
2026-07-29T01:26:30.353905151Z Shard: Node N1 - Leader sending heartbeats.
2026-07-29T01:26:30.354142634Z Shard: leader node: N1 broadcasting append entries message
2026-07-29T01:26:30.354330038Z Sending message to node N0: {"term":1,"leaderId":"N1","prevLogIndex":2,"prevLogTerm":1,"leaderCommit":1,"level":"Shard","type":"AppendEntries","version":1}
2026-07-29T01:26:30.354943577Z Sending message to node N9: {"term":1,"leaderId":"N1","prevLogIndex":1,"prevLogTerm":1,"leaderCommit":1,"entries":[{"msg":{"nodes":{"N0":{"id":"N0","ip":"localhost","port":4567},"N1":{"id":"N1","ip":"localhost","port":4568},"N2":{"id":"N2","ip":"localhost","port":4569}},"oldNodes":{"N0":{"id":"N0","ip":"localhost","port":4567},"N1":{"id":"N1","ip":"localhost","port":4568},"N9":{"id":"N9","ip":"localhost","port":4570},"N2":{"id":"N2","ip":"localhost","port":4569}},"jointConfig":true,"targetVersion":2,"type":"RaftConfig","version":2},"term":1,"index":2}],"level":"Shard","type":"AppendEntries","version":1}
2026-07-29T01:26:30.355244496Z failed to send message to node N9
2026-07-29T01:26:30.355389348Z Sending message to node N2: {"term":1,"leaderId":"N1","prevLogIndex":2,"prevLogTerm":1,"leaderCommit":1,"level":"Shard","type":"AppendEntries","version":1}
2026-07-29T01:26:30.355337368Z Shard: follower N0 received: {"term":1,"leaderId":"N1","prevLogIndex":2,"prevLogTerm":1,"leaderCommit":1,"level":"Shard","type":"AppendEntries","version":1}
2026-07-29T01:26:30.355505879Z Node N0 Shard: commiting upto index 1
2026-07-29T01:26:30.355680438Z Sending message to node N1: {"term":1,"senderId":"N0","success":true,"matchIndex":2,"level":"Shard","type":"AppendEntriesReply","version":1}
2026-07-29T01:26:30.356439116Z Shard: follower N2 received: {"term":1,"leaderId":"N1","prevLogIndex":2,"prevLogTerm":1,"leaderCommit":1,"level":"Shard","type":"AppendEntries","version":1}
2026-07-29T01:26:30.356462529Z Shard: leader N1 received: {"term":1,"senderId":"N0","success":true,"matchIndex":2,"level":"Shard","type":"AppendEntriesReply","version":1}
2026-07-29T01:26:30.356663497Z Node N2 Shard: commiting upto index 1
2026-07-29T01:26:30.356890452Z Sending message to node N1: {"term":1,"senderId":"N2","success":true,"matchIndex":2,"level":"Shard","type":"AppendEntriesReply","version":1}
2026-07-29T01:26:30.357928835Z Shard: leader N1 received: {"term":1,"senderId":"N2","success":true,"matchIndex":2,"level":"Shard","type":"AppendEntriesReply","version":1}
2026-07-29T01:26:31.358343767Z Shard: Node N1 - Leader sending heartbeats.
2026-07-29T01:26:31.358552245Z Shard: leader node: N1 broadcasting append entries message
2026-07-29T01:26:31.358734001Z Sending message to node N0: {"term":1,"leaderId":"N1","prevLogIndex":2,"prevLogTerm":1,"leaderCommit":1,"level":"Shard","type":"AppendEntries","version":1}
2026-07-29T01:26:31.359134185Z Sending message to node N9: {"term":1,"leaderId":"N1","prevLogIndex":1,"prevLogTerm":1,"leaderCommit":1,"entries":[{"msg":{"nodes":{"N0":{"id":"N0","ip":"localhost","port":4567},"N1":{"id":"N1","ip":"localhost","port":4568},"N2":{"id":"N2","ip":"localhost","port":4569}},"oldNodes":{"N0":{"id":"N0","ip":"localhost","port":4567},"N1":{"id":"N1","ip":"localhost","port":4568},"N9":{"id":"N9","ip":"localhost","port":4570},"N2":{"id":"N2","ip":"localhost","port":4569}},"jointConfig":true,"targetVersion":2,"type":"RaftConfig","version":2},"term":1,"index":2}],"level":"Shard","type":"AppendEntries","version":1}
2026-07-29T01:26:31.359390992Z failed to send message to node N9
2026-07-29T01:26:31.359493512Z Sending message to node N2: {"term":1,"leaderId":"N1","prevLogIndex":2,"prevLogTerm":1,"leaderCommit":1,"level":"Shard","type":"AppendEntries","version":1}
2026-07-29T01:26:31.359369891Z Shard: follower N0 received: {"term":1,"leaderId":"N1","prevLogIndex":2,"prevLogTerm":1,"leaderCommit":1,"level":"Shard","type":"AppendEntries","version":1}
2026-07-29T01:26:31.359588124Z Node N0 Shard: commiting upto index 1
2026-07-29T01:26:31.359699985Z Sending message to node N1: {"term":1,"senderId":"N0","success":true,"matchIndex":2,"level":"Shard","type":"AppendEntriesReply","version":1}
2026-07-29T01:26:31.360157234Z Shard: leader N1 received: {"term":1,"senderId":"N0","success":true,"matchIndex":2,"level":"Shard","type":"AppendEntriesReply","version":1}
2026-07-29T01:26:31.360226373Z Shard: follower N2 received: {"term":1,"leaderId":"N1","prevLogIndex":2,"prevLogTerm":1,"leaderCommit":1,"level":"Shard","type":"AppendEntries","version":1}
2026-07-29T01:26:31.360350826Z Node N2 Shard: commiting upto index 1
2026-07-29T01:26:31.360448587Z Sending message to node N1: {"term":1,"senderId":"N2","success":true,"matchIndex":2,"level":"Shard","type":"AppendEntriesReply","version":1}
2026-07-29T01:26:31.360835231Z Shard: leader N1 received: {"term":1,"senderId":"N2","success":true,"matchIndex":2,"level":"Shard","type":"AppendEntriesReply","version":1}
2026-07-29T01:31:56.103504394Z Shard: Node N0 - Election timeout elapsed. starting election.
2026-07-29T01:31:56.119689035Z Shard: Candidate N0 Broadcasting message to all nodes: {"term":1,"candidateId":"N0","lastLogIndex":-1,"lastLogTerm":0,"level":"Shard","type":"RequestVote","version":0}
2026-07-29T01:31:56.119924382Z Sending message to node N2: {"term":1,"candidateId":"N0","lastLogIndex":-1,"lastLogTerm":0,"level":"Shard","type":"RequestVote","version":0}
2026-07-29T01:31:56.125436562Z Sending message to node N1: {"term":1,"candidateId":"N0","lastLogIndex":-1,"lastLogTerm":0,"level":"Shard","type":"RequestVote","version":0}
2026-07-29T01:31:56.154903597Z Shard: follower N2 received: {"term":1,"candidateId":"N0","lastLogIndex":-1,"lastLogTerm":0,"level":"Shard","type":"RequestVote","version":0}
2026-07-29T01:31:56.160734004Z Shard: Follower N2 received: {"term":1,"candidateId":"N0","lastLogIndex":-1,"lastLogTerm":0,"level":"Shard","type":"RequestVote","version":0}
2026-07-29T01:31:56.163269304Z Sending message to node N0: {"term":1,"senderId":"N2","voteGranted":true,"level":"Shard","type":"RequestVoteReply","version":0}
2026-07-29T01:31:56.159010226Z Shard: follower N1 received: {"term":1,"candidateId":"N0","lastLogIndex":-1,"lastLogTerm":0,"level":"Shard","type":"RequestVote","version":0}
2026-07-29T01:31:56.166269937Z Shard: Follower N1 received: {"term":1,"candidateId":"N0","lastLogIndex":-1,"lastLogTerm":0,"level":"Shard","type":"RequestVote","version":0}
2026-07-29T01:31:56.168874660Z Sending message to node N0: {"term":1,"senderId":"N1","voteGranted":true,"level":"Shard","type":"RequestVoteReply","version":0}
2026-07-29T01:31:56.182374318Z Shard: candidate N0 received: {"term":1,"senderId":"N2","voteGranted":true,"level":"Shard","type":"RequestVoteReply","version":0}
2026-07-29T01:31:56.182612329Z Shard: Node N0 - Leader sending heartbeats.
2026-07-29T01:31:56.182800475Z Shard: leader node: N0 broadcasting append entries message
2026-07-29T01:31:56.185504165Z Sending message to node N2: {"term":1,"leaderId":"N0","prevLogIndex":-1,"prevLogTerm":0,"leaderCommit":-1,"level":"Shard","type":"AppendEntries","version":0}
2026-07-29T01:31:56.185876308Z Sending message to node N1: {"term":1,"leaderId":"N0","prevLogIndex":-1,"prevLogTerm":0,"leaderCommit":-1,"level":"Shard","type":"AppendEntries","version":0}
2026-07-29T01:31:56.186232142Z Shard: leader N0 received: {"term":1,"senderId":"N1","voteGranted":true,"level":"Shard","type":"RequestVoteReply","version":0}
2026-07-29T01:31:56.189353698Z Shard: follower N2 received: {"term":1,"leaderId":"N0","prevLogIndex":-1,"prevLogTerm":0,"leaderCommit":-1,"level":"Shard","type":"AppendEntries","version":0}
2026-07-29T01:31:56.189684598Z Shard: follower N1 received: {"term":1,"leaderId":"N0","prevLogIndex":-1,"prevLogTerm":0,"leaderCommit":-1,"level":"Shard","type":"AppendEntries","version":0}
2026-07-29T01:31:56.192464112Z Node N1 Shard: commiting upto index -1
2026-07-29T01:31:56.192461230Z Node N2 Shard: commiting upto index -1
2026-07-29T01:31:56.193467874Z Sending message to node N0: {"term":1,"senderId":"N1","success":true,"matchIndex":-1,"level":"Shard","type":"AppendEntriesReply","version":0}
2026-07-29T01:31:56.193610531Z Sending message to node N0: {"term":1,"senderId":"N2","success":true,"matchIndex":-1,"level":"Shard","type":"AppendEntriesReply","version":0}
2026-07-29T01:31:56.195200704Z Shard: leader N0 received: {"term":1,"senderId":"N1","success":true,"matchIndex":-1,"level":"Shard","type":"AppendEntriesReply","version":0}
2026-07-29T01:31:56.195444717Z Shard: leader N0 received: {"term":1,"senderId":"N2","success":true,"matchIndex":-1,"level":"Shard","type":"AppendEntriesReply","version":0}
2026-07-29T01:31:57.196100447Z Shard: Node N0 - Leader sending heartbeats.
2026-07-29T01:31:57.196776967Z Shard: leader node: N0 broadcasting append entries message
2026-07-29T01:31:57.197576500Z Sending message to node N2: {"term":1,"leaderId":"N0","prevLogIndex":-1,"prevLogTerm":0,"leaderCommit":-1,"level":"Shard","type":"AppendEntries","version":0}
2026-07-29T01:31:57.199700838Z Sending message to node N1: {"term":1,"leaderId":"N0","prevLogIndex":-1,"prevLogTerm":0,"leaderCommit":-1,"level":"Shard","type":"AppendEntries","version":0}
2026-07-29T01:31:57.200942965Z Shard: follower N2 received: {"term":1,"leaderId":"N0","prevLogIndex":-1,"prevLogTerm":0,"leaderCommit":-1,"level":"Shard","type":"AppendEntries","version":0}
2026-07-29T01:31:57.201327486Z Node N2 Shard: commiting upto index -1
2026-07-29T01:31:57.201896344Z Sending message to node N0: {"term":1,"senderId":"N2","success":true,"matchIndex":-1,"level":"Shard","type":"AppendEntriesReply","version":0}
2026-07-29T01:31:57.202355400Z Shard: follower N1 received: {"term":1,"leaderId":"N0","prevLogIndex":-1,"prevLogTerm":0,"leaderCommit":-1,"level":"Shard","type":"AppendEntries","version":0}
2026-07-29T01:31:57.202687154Z Node N1 Shard: commiting upto index -1
2026-07-29T01:31:57.203301642Z Sending message to node N0: {"term":1,"senderId":"N1","success":true,"matchIndex":-1,"level":"Shard","type":"AppendEntriesReply","version":0}
2026-07-29T01:31:57.203445311Z Shard: leader N0 received: {"term":1,"senderId":"N2","success":true,"matchIndex":-1,"level":"Shard","type":"AppendEntriesReply","version":0}
2026-07-29T01:31:57.204884638Z Shard: leader N0 received: {"term":1,"senderId":"N1","success":true,"matchIndex":-1,"level":"Shard","type":"AppendEntriesReply","version":0}
2026-07-29T01:31:58.205757470Z Shard: Node N0 - Leader sending heartbeats.
2026-07-29T01:31:58.207434478Z Shard: leader node: N0 broadcasting append entries message
2026-07-29T01:31:58.208589496Z Sending message to node N2: {"term":1,"leaderId":"N0","prevLogIndex":-1,"prevLogTerm":0,"leaderCommit":-1,"level":"Shard","type":"AppendEntries","version":0}
2026-07-29T01:31:58.210578644Z Sending message to node N1: {"term":1,"leaderId":"N0","prevLogIndex":-1,"prevLogTerm":0,"leaderCommit":-1,"level":"Shard","type":"AppendEntries","version":0}
2026-07-29T01:31:58.212603108Z Shard: follower N2 received: {"term":1,"leaderId":"N0","prevLogIndex":-1,"prevLogTerm":0,"leaderCommit":-1,"level":"Shard","type":"AppendEntries","version":0}
2026-07-29T01:31:58.213081980Z Node N2 Shard: commiting upto index -1
2026-07-29T01:31:58.213538656Z Sending message to node N0: {"term":1,"senderId":"N2","success":true,"matchIndex":-1,"level":"Shard","type":"AppendEntriesReply","version":0}
2026-07-29T01:31:58.213653566Z Shard: follower N1 received: {"term":1,"leaderId":"N0","prevLogIndex":-1,"prevLogTerm":0,"leaderCommit":-1,"level":"Shard","type":"AppendEntries","version":0}
2026-07-29T01:31:58.214076311Z Node N1 Shard: commiting upto index -1
2026-07-29T01:31:58.214553510Z Sending message to node N0: {"term":1,"senderId":"N1","success":true,"matchIndex":-1,"level":"Shard","type":"AppendEntriesReply","version":0}
2026-07-29T01:31:58.215392201Z Shard: leader N0 received: {"term":1,"senderId":"N2","success":true,"matchIndex":-1,"level":"Shard","type":"AppendEntriesReply","version":0}
2026-07-29T01:31:58.215914491Z Shard: leader N0 received: {"term":1,"senderId":"N1","success":true,"matchIndex":-1,"level":"Shard","type":"AppendEntriesReply","version":0}
2026-07-29T01:31:59.216639714Z Shard: Node N0 - Leader sending heartbeats.
2026-07-29T01:31:59.217393126Z Shard: leader node: N0 broadcasting append entries message
2026-07-29T01:31:59.218679334Z Sending message to node N2: {"term":1,"leaderId":"N0","prevLogIndex":-1,"prevLogTerm":0,"leaderCommit":-1,"level":"Shard","type":"AppendEntries","version":0}
2026-07-29T01:31:59.220471081Z Sending message to node N1: {"term":1,"leaderId":"N0","prevLogIndex":-1,"prevLogTerm":0,"leaderCommit":-1,"level":"Shard","type":"AppendEntries","version":0}
2026-07-29T01:31:59.223748400Z Shard: follower N2 received: {"term":1,"leaderId":"N0","prevLogIndex":-1,"prevLogTerm":0,"leaderCommit":-1,"level":"Shard","type":"AppendEntries","version":0}
2026-07-29T01:31:59.224129103Z Node N2 Shard: commiting upto index -1
2026-07-29T01:31:59.224443412Z Sending message to node N0: {"term":1,"senderId":"N2","success":true,"matchIndex":-1,"level":"Shard","type":"AppendEntriesReply","version":0}
2026-07-29T01:31:59.224574118Z Shard: follower N1 received: {"term":1,"leaderId":"N0","prevLogIndex":-1,"prevLogTerm":0,"leaderCommit":-1,"level":"Shard","type":"AppendEntries","version":0}
2026-07-29T01:31:59.224973446Z Node N1 Shard: commiting upto index -1
2026-07-29T01:31:59.225297246Z Sending message to node N0: {"term":1,"senderId":"N1","success":true,"matchIndex":-1,"level":"Shard","type":"AppendEntriesReply","version":0}
2026-07-29T01:31:59.225935149Z Shard: leader N0 received: {"term":1,"senderId":"N2","success":true,"matchIndex":-1,"level":"Shard","type":"AppendEntriesReply","version":0}
2026-07-29T01:31:59.227020836Z Shard: leader N0 received: {"term":1,"senderId":"N1","success":true,"matchIndex":-1,"level":"Shard","type":"AppendEntriesReply","version":0}
2026-07-29T01:32:00.228039017Z Shard: Node N0 - Leader sending heartbeats.
2026-07-29T01:32:00.229220190Z Shard: leader node: N0 broadcasting append entries message
2026-07-29T01:32:00.230430779Z Sending message to node N2: {"term":1,"leaderId":"N0","prevLogIndex":-1,"prevLogTerm":0,"leaderCommit":-1,"level":"Shard","type":"AppendEntries","version":0}
2026-07-29T01:32:00.231876213Z Sending message to node N1: {"term":1,"leaderId":"N0","prevLogIndex":-1,"prevLogTerm":0,"leaderCommit":-1,"level":"Shard","type":"AppendEntries","version":0}
2026-07-29T01:32:00.234603819Z Shard: follower N1 received: {"term":1,"leaderId":"N0","prevLogIndex":-1,"prevLogTerm":0,"leaderCommit":-1,"level":"Shard","type":"AppendEntries","version":0}
2026-07-29T01:32:00.234566768Z Shard: follower N2 received: {"term":1,"leaderId":"N0","prevLogIndex":-1,"prevLogTerm":0,"leaderCommit":-1,"level":"Shard","type":"AppendEntries","version":0}
2026-07-29T01:32:00.235241239Z Node N2 Shard: commiting upto index -1
2026-07-29T01:32:00.235333243Z Node N1 Shard: commiting upto index -1
2026-07-29T01:32:00.235647489Z Sending message to node N0: {"term":1,"senderId":"N2","success":true,"matchIndex":-1,"level":"Shard","type":"AppendEntriesReply","version":0}
2026-07-29T01:32:00.235764898Z Sending message to node N0: {"term":1,"senderId":"N1","success":true,"matchIndex":-1,"level":"Shard","type":"AppendEntriesReply","version":0}
2026-07-29T01:32:00.237796995Z Shard: leader N0 received: {"term":1,"senderId":"N2","success":true,"matchIndex":-1,"level":"Shard","type":"AppendEntriesReply","version":0}
2026-07-29T01:32:00.238267121Z Shard: leader N0 received: {"term":1,"senderId":"N1","success":true,"matchIndex":-1,"level":"Shard","type":"AppendEntriesReply","version":0}
2026-07-29T01:32:01.239097681Z Shard: Node N0 - Leader sending heartbeats.
2026-07-29T01:32:01.239831512Z Shard: leader node: N0 broadcasting append entries message
2026-07-29T01:32:01.240582149Z Sending message to node N2: {"term":1,"leaderId":"N0","prevLogIndex":-1,"prevLogTerm":0,"leaderCommit":-1,"level":"Shard","type":"AppendEntries","version":0}
2026-07-29T01:32:01.242002597Z Sending message to node N1: {"term":1,"leaderId":"N0","prevLogIndex":-1,"prevLogTerm":0,"leaderCommit":-1,"level":"Shard","type":"AppendEntries","version":0}
2026-07-29T01:32:01.244251266Z Shard: follower N2 received: {"term":1,"leaderId":"N0","prevLogIndex":-1,"prevLogTerm":0,"leaderCommit":-1,"level":"Shard","type":"AppendEntries","version":0}
2026-07-29T01:32:01.244758343Z Node N2 Shard: commiting upto index -1
2026-07-29T01:32:01.245078778Z Sending message to node N0: {"term":1,"senderId":"N2","success":true,"matchIndex":-1,"level":"Shard","type":"AppendEntriesReply","version":0}
2026-07-29T01:32:01.247659399Z Shard: follower N1 received: {"term":1,"leaderId":"N0","prevLogIndex":-1,"prevLogTerm":0,"leaderCommit":-1,"level":"Shard","type":"AppendEntries","version":0}
2026-07-29T01:32:01.247921958Z Shard: leader N0 received: {"term":1,"senderId":"N2","success":true,"matchIndex":-1,"level":"Shard","type":"AppendEntriesReply","version":0}
2026-07-29T01:32:01.248017935Z Node N1 Shard: commiting upto index -1
2026-07-29T01:32:01.248350650Z Sending message to node N0: {"term":1,"senderId":"N1","success":true,"matchIndex":-1,"level":"Shard","type":"AppendEntriesReply","version":0}
2026-07-29T01:32:01.249393512Z Shard: leader N0 received: {"term":1,"senderId":"N1","success":true,"matchIndex":-1,"level":"Shard","type":"AppendEntriesReply","version":0}
2026-07-29T01:32:02.249696617Z Shard: Node N0 - Leader sending heartbeats.
2026-07-29T01:32:02.249870745Z Shard: leader node: N0 broadcasting append entries message
2026-07-29T01:32:02.250094045Z Sending message to node N2: {"term":1,"leaderId":"N0","prevLogIndex":-1,"prevLogTerm":0,"leaderCommit":-1,"level":"Shard","type":"AppendEntries","version":0}
2026-07-29T01:32:02.250515790Z Sending message to node N1: {"term":1,"leaderId":"N0","prevLogIndex":-1,"prevLogTerm":0,"leaderCommit":-1,"level":"Shard","type":"AppendEntries","version":0}
2026-07-29T01:32:02.251265617Z Shard: follower N2 received: {"term":1,"leaderId":"N0","prevLogIndex":-1,"prevLogTerm":0,"leaderCommit":-1,"level":"Shard","type":"AppendEntries","version":0}
2026-07-29T01:32:02.251416694Z Node N2 Shard: commiting upto index -1
2026-07-29T01:32:02.251585890Z Sending message to node N0: {"term":1,"senderId":"N2","success":true,"matchIndex":-1,"level":"Shard","type":"AppendEntriesReply","version":0}
2026-07-29T01:32:02.251765336Z Shard: follower N1 received: {"term":1,"leaderId":"N0","prevLogIndex":-1,"prevLogTerm":0,"leaderCommit":-1,"level":"Shard","type":"AppendEntries","version":0}
2026-07-29T01:32:02.251887728Z Node N1 Shard: commiting upto index -1
2026-07-29T01:32:02.252168196Z Sending message to node N0: {"term":1,"senderId":"N1","success":true,"matchIndex":-1,"level":"Shard","type":"AppendEntriesReply","version":0}
2026-07-29T01:32:02.252263077Z Shard: leader N0 received: {"term":1,"senderId":"N2","success":true,"matchIndex":-1,"level":"Shard","type":"AppendEntriesReply","version":0}
2026-07-29T01:32:02.252635569Z Shard: leader N0 received: {"term":1,"senderId":"N1","success":true,"matchIndex":-1,"level":"Shard","type":"AppendEntriesReply","version":0}
2026-07-29T01:32:03.253695505Z Shard: Node N0 - Leader sending heartbeats.
2026-07-29T01:32:03.254629440Z Shard: leader node: N0 broadcasting append entries message
2026-07-29T01:32:03.255444385Z Sending message to node N2: {"term":1,"leaderId":"N0","prevLogIndex":-1,"prevLogTerm":0,"leaderCommit":-1,"level":"Shard","type":"AppendEntries","version":0}
2026-07-29T01:32:03.256671640Z Sending message to node N1: {"term":1,"leaderId":"N0","prevLogIndex":-1,"prevLogTerm":0,"leaderCommit":-1,"level":"Shard","type":"AppendEntries","version":0}
2026-07-29T01:32:03.259302959Z Shard: follower N2 received: {"term":1,"leaderId":"N0","prevLogIndex":-1,"prevLogTerm":0,"leaderCommit":-1,"level":"Shard","type":"AppendEntries","version":0}
2026-07-29T01:32:03.259471709Z Shard: follower N1 received: {"term":1,"leaderId":"N0","prevLogIndex":-1,"prevLogTerm":0,"leaderCommit":-1,"level":"Shard","type":"AppendEntries","version":0}
2026-07-29T01:32:03.259689488Z Node N2 Shard: commiting upto index -1
2026-07-29T01:32:03.259754794Z Node N1 Shard: commiting upto index -1
2026-07-29T01:32:03.259997499Z Sending message to node N0: {"term":1,"senderId":"N1","success":true,"matchIndex":-1,"level":"Shard","type":"AppendEntriesReply","version":0}
2026-07-29T01:32:03.260091016Z Sending message to node N0: {"term":1,"senderId":"N2","success":true,"matchIndex":-1,"level":"Shard","type":"AppendEntriesReply","version":0}
2026-07-29T01:32:03.261873516Z Shard: leader N0 received: {"term":1,"senderId":"N2","success":true,"matchIndex":-1,"level":"Shard","type":"AppendEntriesReply","version":0}
2026-07-29T01:32:03.262250061Z Shard: leader N0 received: {"term":1,"senderId":"N1","success":true,"matchIndex":-1,"level":"Shard","type":"AppendEntriesReply","version":0}
2026-07-29T01:32:04.262679652Z Shard: Node N0 - Leader sending heartbeats.
2026-07-29T01:32:04.263027162Z Shard: leader node: N0 broadcasting append entries message
2026-07-29T01:32:04.263303960Z Sending message to node N2: {"term":1,"leaderId":"N0","prevLogIndex":-1,"prevLogTerm":0,"leaderCommit":-1,"level":"Shard","type":"AppendEntries","version":0}
2026-07-29T01:32:04.263830458Z Sending message to node N1: {"term":1,"leaderId":"N0","prevLogIndex":-1,"prevLogTerm":0,"leaderCommit":-1,"level":"Shard","type":"AppendEntries","version":0}
2026-07-29T01:32:04.264474656Z Shard: follower N2 received: {"term":1,"leaderId":"N0","prevLogIndex":-1,"prevLogTerm":0,"leaderCommit":-1,"level":"Shard","type":"AppendEntries","version":0}
2026-07-29T01:32:04.264651055Z Node N2 Shard: commiting upto index -1
2026-07-29T01:32:04.264823658Z Sending message to node N0: {"term":1,"senderId":"N2","success":true,"matchIndex":-1,"level":"Shard","type":"AppendEntriesReply","version":0}
2026-07-29T01:32:04.264901118Z Shard: follower N1 received: {"term":1,"leaderId":"N0","prevLogIndex":-1,"prevLogTerm":0,"leaderCommit":-1,"level":"Shard","type":"AppendEntries","version":0}
2026-07-29T01:32:04.265060564Z Node N1 Shard: commiting upto index -1
2026-07-29T01:32:04.265186862Z Sending message to node N0: {"term":1,"senderId":"N1","success":true,"matchIndex":-1,"level":"Shard","type":"AppendEntriesReply","version":0}
2026-07-29T01:32:04.265739938Z Shard: leader N0 received: {"term":1,"senderId":"N2","success":true,"matchIndex":-1,"level":"Shard","type":"AppendEntriesReply","version":0}
2026-07-29T01:32:04.265965662Z Shard: leader N0 received: {"term":1,"senderId":"N1","success":true,"matchIndex":-1,"level":"Shard","type":"AppendEntriesReply","version":0}
2026-07-29T01:32:05.266372869Z Shard: Node N0 - Leader sending heartbeats.
2026-07-29T01:32:05.266789537Z Shard: leader node: N0 broadcasting append entries message
2026-07-29T01:32:05.267191669Z Sending message to node N2: {"term":1,"leaderId":"N0","prevLogIndex":-1,"prevLogTerm":0,"leaderCommit":-1,"level":"Shard","type":"AppendEntries","version":0}
2026-07-29T01:32:05.268003266Z Sending message to node N1: {"term":1,"leaderId":"N0","prevLogIndex":-1,"prevLogTerm":0,"leaderCommit":-1,"level":"Shard","type":"AppendEntries","version":0}
2026-07-29T01:32:05.268830928Z Shard: follower N2 received: {"term":1,"leaderId":"N0","prevLogIndex":-1,"prevLogTerm":0,"leaderCommit":-1,"level":"Shard","type":"AppendEntries","version":0}
2026-07-29T01:32:05.269185451Z Node N2 Shard: commiting upto index -1
2026-07-29T01:32:05.269525972Z Sending message to node N0: {"term":1,"senderId":"N2","success":true,"matchIndex":-1,"level":"Shard","type":"AppendEntriesReply","version":0}
2026-07-29T01:32:05.270179115Z Shard: follower N1 received: {"term":1,"leaderId":"N0","prevLogIndex":-1,"prevLogTerm":0,"leaderCommit":-1,"level":"Shard","type":"AppendEntries","version":0}
2026-07-29T01:32:05.270601069Z Node N1 Shard: commiting upto index -1
2026-07-29T01:32:05.271070757Z Shard: leader N0 received: {"term":1,"senderId":"N2","success":true,"matchIndex":-1,"level":"Shard","type":"AppendEntriesReply","version":0}
2026-07-29T01:32:05.271197665Z Sending message to node N0: {"term":1,"senderId":"N1","success":true,"matchIndex":-1,"level":"Shard","type":"AppendEntriesReply","version":0}
2026-07-29T01:32:05.272712724Z Shard: leader N0 received: {"term":1,"senderId":"N1","success":true,"matchIndex":-1,"level":"Shard","type":"AppendEntriesReply","version":0}
2026-07-29T01:32:09.232766196Z Shard: Node N0 - Leader sending heartbeats.
2026-07-29T01:32:09.234044263Z Shard: leader node: N0 broadcasting append entries message
2026-07-29T01:32:09.234972594Z Sending message to node N2: {"term":1,"leaderId":"N0","prevLogIndex":-1,"prevLogTerm":0,"leaderCommit":-1,"level":"Shard","type":"AppendEntries","version":0}
2026-07-29T01:32:09.236339186Z Sending message to node N1: {"term":1,"leaderId":"N0","prevLogIndex":-1,"prevLogTerm":0,"leaderCommit":-1,"level":"Shard","type":"AppendEntries","version":0}
2026-07-29T01:32:09.238652348Z Shard: follower N1 received: {"term":1,"leaderId":"N0","prevLogIndex":-1,"prevLogTerm":0,"leaderCommit":-1,"level":"Shard","type":"AppendEntries","version":0}
2026-07-29T01:32:09.238630650Z Shard: follower N2 received: {"term":1,"leaderId":"N0","prevLogIndex":-1,"prevLogTerm":0,"leaderCommit":-1,"level":"Shard","type":"AppendEntries","version":0}
2026-07-29T01:32:09.239128799Z Node N2 Shard: commiting upto index -1
2026-07-29T01:32:09.239121565Z Node N1 Shard: commiting upto index -1
2026-07-29T01:32:09.239439687Z Sending message to node N0: {"term":1,"senderId":"N2","success":true,"matchIndex":-1,"level":"Shard","type":"AppendEntriesReply","version":0}
2026-07-29T01:32:09.239461444Z Sending message to node N0: {"term":1,"senderId":"N1","success":true,"matchIndex":-1,"level":"Shard","type":"AppendEntriesReply","version":0}
2026-07-29T01:32:09.240596874Z Shard: leader N0 received: {"term":1,"senderId":"N2","success":true,"matchIndex":-1,"level":"Shard","type":"AppendEntriesReply","version":0}
2026-07-29T01:32:09.240964801Z Shard: leader N0 received: {"term":1,"senderId":"N1","success":true,"matchIndex":-1,"level":"Shard","type":"AppendEntriesReply","version":0}
2026-07-29T01:32:10.241732646Z Shard: Node N0 - Leader sending heartbeats.
2026-07-29T01:32:10.242507017Z Shard: leader node: N0 broadcasting append entries message
2026-07-29T01:32:10.243244574Z Sending message to node N2: {"term":1,"leaderId":"N0","prevLogIndex":-1,"prevLogTerm":0,"leaderCommit":-1,"level":"Shard","type":"AppendEntries","version":0}
2026-07-29T01:32:10.244825723Z Sending message to node N1: {"term":1,"leaderId":"N0","prevLogIndex":-1,"prevLogTerm":0,"leaderCommit":-1,"level":"Shard","type":"AppendEntries","version":0}
2026-07-29T01:32:10.246750660Z Shard: follower N2 received: {"term":1,"leaderId":"N0","prevLogIndex":-1,"prevLogTerm":0,"leaderCommit":-1,"level":"Shard","type":"AppendEntries","version":0}
2026-07-29T01:32:10.247216865Z Node N2 Shard: commiting upto index -1
2026-07-29T01:32:10.247576917Z Sending message to node N0: {"term":1,"senderId":"N2","success":true,"matchIndex":-1,"level":"Shard","type":"AppendEntriesReply","version":0}
2026-07-29T01:32:10.247474565Z Shard: follower N1 received: {"term":1,"leaderId":"N0","prevLogIndex":-1,"prevLogTerm":0,"leaderCommit":-1,"level":"Shard","type":"AppendEntries","version":0}
2026-07-29T01:32:10.248030470Z Node N1 Shard: commiting upto index -1
2026-07-29T01:32:10.248411973Z Sending message to node N0: {"term":1,"senderId":"N1","success":true,"matchIndex":-1,"level":"Shard","type":"AppendEntriesReply","version":0}
2026-07-29T01:32:10.249741148Z Shard: leader N0 received: {"term":1,"senderId":"N2","success":true,"matchIndex":-1,"level":"Shard","type":"AppendEntriesReply","version":0}
2026-07-29T01:32:10.250149784Z Shard: leader N0 received: {"term":1,"senderId":"N1","success":true,"matchIndex":-1,"level":"Shard","type":"AppendEntriesReply","version":0}
2026-07-29T01:32:10.722844179Z Shard: leader N0 received: {"nodes":{"N0":{"id":"N0","ip":"localhost","port":4567},"N1":{"id":"N1","ip":"localhost","port":4568},"N2":{"id":"N2","ip":"localhost","port":4569},"N9":{"id":"N9","ip":"localhost","port":4570}},"action":"Update","type":"Update","version":1}
2026-07-29T01:32:10.722922813Z Node N0 Shard level raft recieved config update request
2026-07-29T01:32:10.725021568Z Shard: follower N2 received: {"nodes":{"N0":{"id":"N0","ip":"localhost","port":4567},"N1":{"id":"N1","ip":"localhost","port":4568},"N2":{"id":"N2","ip":"localhost","port":4569},"N9":{"id":"N9","ip":"localhost","port":4570}},"action":"Update","type":"Update","version":1}
2026-07-29T01:32:10.725169279Z Node N2 Shard level raft recieved config update request
2026-07-29T01:32:10.725146580Z Shard: follower N1 received: {"nodes":{"N0":{"id":"N0","ip":"localhost","port":4567},"N1":{"id":"N1","ip":"localhost","port":4568},"N2":{"id":"N2","ip":"localhost","port":4569},"N9":{"id":"N9","ip":"localhost","port":4570}},"action":"Update","type":"Update","version":1}
2026-07-29T01:32:10.725268076Z Node N1 Shard level raft recieved config update request
2026-07-29T01:32:10.726263883Z Shard: learner N9 received: {"nodes":{"N0":{"id":"N0","ip":"localhost","port":4567},"N1":{"id":"N1","ip":"localhost","port":4568},"N2":{"id":"N2","ip":"localhost","port":4569},"N9":{"id":"N9","ip":"localhost","port":4570}},"action":"Update","type":"Update","version":1}
2026-07-29T01:32:10.726379821Z Node N9 Shard level raft recieved config update request
2026-07-29T01:32:11.723570959Z Shard: Node N0 - Leader sending heartbeats.
2026-07-29T01:32:11.724436676Z Shard: leader node: N0 broadcasting append entries message
2026-07-29T01:32:11.725215811Z Sending message to node N1: {"term":1,"leaderId":"N0","prevLogIndex":-1,"prevLogTerm":0,"leaderCommit":-1,"level":"Shard","type":"AppendEntries","version":0}
2026-07-29T01:32:11.727568916Z Sending message to node N9: {"term":1,"leaderId":"N0","prevLogIndex":-1,"prevLogTerm":0,"leaderCommit":-1,"level":"Shard","type":"AppendEntries","version":0}
2026-07-29T01:32:11.728430013Z Sending message to node N2: {"term":1,"leaderId":"N0","prevLogIndex":-1,"prevLogTerm":0,"leaderCommit":-1,"level":"Shard","type":"AppendEntries","version":0}
2026-07-29T01:32:11.729646679Z Shard: follower N1 received: {"term":1,"leaderId":"N0","prevLogIndex":-1,"prevLogTerm":0,"leaderCommit":-1,"level":"Shard","type":"AppendEntries","version":0}
2026-07-29T01:32:11.729958574Z Node N1 Shard: commiting upto index -1
2026-07-29T01:32:11.730151044Z Sending message to node N0: {"term":1,"senderId":"N1","success":true,"matchIndex":-1,"level":"Shard","type":"AppendEntriesReply","version":0}
2026-07-29T01:32:11.732022655Z Shard: follower N2 received: {"term":1,"leaderId":"N0","prevLogIndex":-1,"prevLogTerm":0,"leaderCommit":-1,"level":"Shard","type":"AppendEntries","version":0}
2026-07-29T01:32:11.732359841Z Node N2 Shard: commiting upto index -1
2026-07-29T01:32:11.732379442Z Shard: leader N0 received: {"term":1,"senderId":"N1","success":true,"matchIndex":-1,"level":"Shard","type":"AppendEntriesReply","version":0}
2026-07-29T01:32:11.732533965Z Shard: leader node: N0 broadcasting append entries message
2026-07-29T01:32:11.732545761Z Sending message to node N0: {"term":1,"senderId":"N2","success":true,"matchIndex":-1,"level":"Shard","type":"AppendEntriesReply","version":0}
2026-07-29T01:32:11.733427910Z Sending message to node N1: {"term":1,"leaderId":"N0","prevLogIndex":-1,"prevLogTerm":0,"leaderCommit":-1,"entries":[{"msg":{"nodes":{"N0":{"id":"N0","ip":"localhost","port":4567},"N1":{"id":"N1","ip":"localhost","port":4568},"N2":{"id":"N2","ip":"localhost","port":4569},"N9":{"id":"N9","ip":"localhost","port":4570}},"oldNodes":{"N2":{"id":"N2","ip":"localhost","port":4569},"N0":{"id":"N0","ip":"localhost","port":4567},"N1":{"id":"N1","ip":"localhost","port":4568}},"jointConfig":true,"targetVersion":1,"type":"RaftConfig","version":1},"term":1,"index":0}],"level":"Shard","type":"AppendEntries","version":0}
2026-07-29T01:32:11.734241896Z Sending message to node N9: {"term":1,"leaderId":"N0","prevLogIndex":-1,"prevLogTerm":0,"leaderCommit":-1,"entries":[{"msg":{"nodes":{"N0":{"id":"N0","ip":"localhost","port":4567},"N1":{"id":"N1","ip":"localhost","port":4568},"N2":{"id":"N2","ip":"localhost","port":4569},"N9":{"id":"N9","ip":"localhost","port":4570}},"oldNodes":{"N2":{"id":"N2","ip":"localhost","port":4569},"N0":{"id":"N0","ip":"localhost","port":4567},"N1":{"id":"N1","ip":"localhost","port":4568}},"jointConfig":true,"targetVersion":1,"type":"RaftConfig","version":1},"term":1,"index":0}],"level":"Shard","type":"AppendEntries","version":0}
2026-07-29T01:32:11.735297918Z Shard: learner N9 received: {"term":1,"leaderId":"N0","prevLogIndex":-1,"prevLogTerm":0,"leaderCommit":-1,"level":"Shard","type":"AppendEntries","version":0}
2026-07-29T01:32:11.735842679Z Sending message to node N2: {"term":1,"leaderId":"N0","prevLogIndex":-1,"prevLogTerm":0,"leaderCommit":-1,"entries":[{"msg":{"nodes":{"N0":{"id":"N0","ip":"localhost","port":4567},"N1":{"id":"N1","ip":"localhost","port":4568},"N2":{"id":"N2","ip":"localhost","port":4569},"N9":{"id":"N9","ip":"localhost","port":4570}},"oldNodes":{"N2":{"id":"N2","ip":"localhost","port":4569},"N0":{"id":"N0","ip":"localhost","port":4567},"N1":{"id":"N1","ip":"localhost","port":4568}},"jointConfig":true,"targetVersion":1,"type":"RaftConfig","version":1},"term":1,"index":0}],"level":"Shard","type":"AppendEntries","version":0}
2026-07-29T01:32:11.735997980Z Node N9 Shard: commiting upto index -1
2026-07-29T01:32:11.736240301Z Shard: leader N0 received: {"term":1,"senderId":"N2","success":true,"matchIndex":-1,"level":"Shard","type":"AppendEntriesReply","version":0}
2026-07-29T01:32:11.736357422Z Shard: follower N1 received: {"term":1,"leaderId":"N0","prevLogIndex":-1,"prevLogTerm":0,"leaderCommit":-1,"entries":[{"msg":{"nodes":{"N0":{"id":"N0","ip":"localhost","port":4567},"N1":{"id":"N1","ip":"localhost","port":4568},"N2":{"id":"N2","ip":"localhost","port":4569},"N9":{"id":"N9","ip":"localhost","port":4570}},"oldNodes":{"N2":{"id":"N2","ip":"localhost","port":4569},"N0":{"id":"N0","ip":"localhost","port":4567},"N1":{"id":"N1","ip":"localhost","port":4568}},"jointConfig":true,"targetVersion":1,"type":"RaftConfig","version":1},"term":1,"index":0}],"level":"Shard","type":"AppendEntries","version":0}
2026-07-29T01:32:11.736558894Z Node N1 Shard: commiting upto index -1
2026-07-29T01:32:11.736695320Z Sending message to node N0: {"term":1,"senderId":"N9","success":true,"matchIndex":-1,"level":"Shard","type":"AppendEntriesReply","version":0}
2026-07-29T01:32:11.736728572Z Sending message to node N0: {"term":1,"senderId":"N1","success":true,"matchIndex":0,"level":"Shard","type":"AppendEntriesReply","version":0}
2026-07-29T01:32:11.737211583Z Shard: follower N2 received: {"term":1,"leaderId":"N0","prevLogIndex":-1,"prevLogTerm":0,"leaderCommit":-1,"entries":[{"msg":{"nodes":{"N0":{"id":"N0","ip":"localhost","port":4567},"N1":{"id":"N1","ip":"localhost","port":4568},"N2":{"id":"N2","ip":"localhost","port":4569},"N9":{"id":"N9","ip":"localhost","port":4570}},"oldNodes":{"N2":{"id":"N2","ip":"localhost","port":4569},"N0":{"id":"N0","ip":"localhost","port":4567},"N1":{"id":"N1","ip":"localhost","port":4568}},"jointConfig":true,"targetVersion":1,"type":"RaftConfig","version":1},"term":1,"index":0}],"level":"Shard","type":"AppendEntries","version":0}
2026-07-29T01:32:11.737355191Z Node N2 Shard: commiting upto index -1
2026-07-29T01:32:11.737487598Z Sending message to node N0: {"term":1,"senderId":"N2","success":true,"matchIndex":0,"level":"Shard","type":"AppendEntriesReply","version":0}
2026-07-29T01:32:11.737597934Z Shard: leader N0 received: {"term":1,"senderId":"N1","success":true,"matchIndex":0,"level":"Shard","type":"AppendEntriesReply","version":0}
2026-07-29T01:32:11.737823085Z Shard: leader N0 received: {"term":1,"senderId":"N9","success":true,"matchIndex":-1,"level":"Shard","type":"AppendEntriesReply","version":0}
2026-07-29T01:32:11.737931281Z Shard: leader N0 received: {"term":1,"senderId":"N2","success":true,"matchIndex":0,"level":"Shard","type":"AppendEntriesReply","version":0}
2026-07-29T01:32:11.737991521Z Node N0 Shard: commiting upto index 0
2026-07-29T01:32:11.738094673Z Shard: leader node: N0 broadcasting append entries message
2026-07-29T01:32:11.738245774Z Sending message to node N1: {"term":1,"leaderId":"N0","prevLogIndex":0,"prevLogTerm":1,"leaderCommit":0,"entries":[{"msg":{"nodes":{"N0":{"id":"N0","ip":"localhost","port":4567},"N1":{"id":"N1","ip":"localhost","port":4568},"N2":{"id":"N2","ip":"localhost","port":4569},"N9":{"id":"N9","ip":"localhost","port":4570}},"jointConfig":false,"targetVersion":1,"type":"RaftConfig","version":1},"term":1,"index":1}],"level":"Shard","type":"AppendEntries","version":0}
2026-07-29T01:32:11.738562687Z Sending message to node N9: {"term":1,"leaderId":"N0","prevLogIndex":-1,"prevLogTerm":0,"leaderCommit":0,"entries":[{"msg":{"nodes":{"N0":{"id":"N0","ip":"localhost","port":4567},"N1":{"id":"N1","ip":"localhost","port":4568},"N2":{"id":"N2","ip":"localhost","port":4569},"N9":{"id":"N9","ip":"localhost","port":4570}},"oldNodes":{"N0":{"id":"N0","ip":"localhost","port":4567},"N1":{"id":"N1","ip":"localhost","port":4568},"N9":{"id":"N9","ip":"localhost","port":4570},"N2":{"id":"N2","ip":"localhost","port":4569}},"jointConfig":true,"targetVersion":1,"type":"RaftConfig","version":1},"term":1,"index":0},{"msg":{"nodes":{"N0":{"id":"N0","ip":"localhost","port":4567},"N1":{"id":"N1","ip":"localhost","port":4568},"N2":{"id":"N2","ip":"localhost","port":4569},"N9":{"id":"N9","ip":"localhost","port":4570}},"jointConfig":false,"targetVersion":1,"type":"RaftConfig","version":1},"term":1,"index":1}],"level":"Shard","type":"AppendEntries","version":0}
2026-07-29T01:32:11.738839626Z Sending message to node N2: {"term":1,"leaderId":"N0","prevLogIndex":0,"prevLogTerm":1,"leaderCommit":0,"entries":[{"msg":{"nodes":{"N0":{"id":"N0","ip":"localhost","port":4567},"N1":{"id":"N1","ip":"localhost","port":4568},"N2":{"id":"N2","ip":"localhost","port":4569},"N9":{"id":"N9","ip":"localhost","port":4570}},"jointConfig":false,"targetVersion":1,"type":"RaftConfig","version":1},"term":1,"index":1}],"level":"Shard","type":"AppendEntries","version":0}
2026-07-29T01:32:11.739300782Z Shard: learner N9 received: {"term":1,"leaderId":"N0","prevLogIndex":-1,"prevLogTerm":0,"leaderCommit":-1,"entries":[{"msg":{"nodes":{"N0":{"id":"N0","ip":"localhost","port":4567},"N1":{"id":"N1","ip":"localhost","port":4568},"N2":{"id":"N2","ip":"localhost","port":4569},"N9":{"id":"N9","ip":"localhost","port":4570}},"oldNodes":{"N2":{"id":"N2","ip":"localhost","port":4569},"N0":{"id":"N0","ip":"localhost","port":4567},"N1":{"id":"N1","ip":"localhost","port":4568}},"jointConfig":true,"targetVersion":1,"type":"RaftConfig","version":1},"term":1,"index":0}],"level":"Shard","type":"AppendEntries","version":0}
2026-07-29T01:32:11.739329675Z Shard: follower N1 received: {"term":1,"leaderId":"N0","prevLogIndex":0,"prevLogTerm":1,"leaderCommit":0,"entries":[{"msg":{"nodes":{"N0":{"id":"N0","ip":"localhost","port":4567},"N1":{"id":"N1","ip":"localhost","port":4568},"N2":{"id":"N2","ip":"localhost","port":4569},"N9":{"id":"N9","ip":"localhost","port":4570}},"jointConfig":false,"targetVersion":1,"type":"RaftConfig","version":1},"term":1,"index":1}],"level":"Shard","type":"AppendEntries","version":0}
2026-07-29T01:32:11.739594595Z Node N9 Shard: commiting upto index -1
2026-07-29T01:32:11.739621186Z Node N1 Shard: commiting upto index 0
2026-07-29T01:32:11.739950625Z Sending message to node N0: {"term":1,"senderId":"N9","success":true,"matchIndex":0,"level":"Shard","type":"AppendEntriesReply","version":0}
2026-07-29T01:32:11.740050697Z Sending message to node N0: {"term":1,"senderId":"N1","success":true,"matchIndex":1,"level":"Shard","type":"AppendEntriesReply","version":0}
2026-07-29T01:32:11.740716536Z Shard: follower N2 received: {"term":1,"leaderId":"N0","prevLogIndex":0,"prevLogTerm":1,"leaderCommit":0,"entries":[{"msg":{"nodes":{"N0":{"id":"N0","ip":"localhost","port":4567},"N1":{"id":"N1","ip":"localhost","port":4568},"N2":{"id":"N2","ip":"localhost","port":4569},"N9":{"id":"N9","ip":"localhost","port":4570}},"jointConfig":false,"targetVersion":1,"type":"RaftConfig","version":1},"term":1,"index":1}],"level":"Shard","type":"AppendEntries","version":0}
2026-07-29T01:32:11.740718222Z Shard: leader N0 received: {"term":1,"senderId":"N1","success":true,"matchIndex":1,"level":"Shard","type":"AppendEntriesReply","version":0}
2026-07-29T01:32:11.740869808Z Node N2 Shard: commiting upto index 0
2026-07-29T01:32:11.740921888Z Shard: leader N0 received: {"term":1,"senderId":"N9","success":true,"matchIndex":0,"level":"Shard","type":"AppendEntriesReply","version":0}
2026-07-29T01:32:11.741053431Z Sending message to node N0: {"term":1,"senderId":"N2","success":true,"matchIndex":1,"level":"Shard","type":"AppendEntriesReply","version":0}
2026-07-29T01:32:11.741039693Z Shard: learner N9 received: {"term":1,"leaderId":"N0","prevLogIndex":-1,"prevLogTerm":0,"leaderCommit":0,"entries":[{"msg":{"nodes":{"N0":{"id":"N0","ip":"localhost","port":4567},"N1":{"id":"N1","ip":"localhost","port":4568},"N2":{"id":"N2","ip":"localhost","port":4569},"N9":{"id":"N9","ip":"localhost","port":4570}},"oldNodes":{"N0":{"id":"N0","ip":"localhost","port":4567},"N1":{"id":"N1","ip":"localhost","port":4568},"N9":{"id":"N9","ip":"localhost","port":4570},"N2":{"id":"N2","ip":"localhost","port":4569}},"jointConfig":true,"targetVersion":1,"type":"RaftConfig","version":1},"term":1,"index":0},{"msg":{"nodes":{"N0":{"id":"N0","ip":"localhost","port":4567},"N1":{"id":"N1","ip":"localhost","port":4568},"N2":{"id":"N2","ip":"localhost","port":4569},"N9":{"id":"N9","ip":"localhost","port":4570}},"jointConfig":false,"targetVersion":1,"type":"RaftConfig","version":1},"term":1,"index":1}],"level":"Shard","type":"AppendEntries","version":0}
2026-07-29T01:32:11.741553173Z Shard: leader N0 received: {"term":1,"senderId":"N2","success":true,"matchIndex":1,"level":"Shard","type":"AppendEntriesReply","version":0}
2026-07-29T01:32:11.741453682Z Node N9 Shard: commiting upto index 0
2026-07-29T01:32:11.741972125Z Sending message to node N0: {"term":1,"senderId":"N9","success":true,"matchIndex":1,"level":"Shard","type":"AppendEntriesReply","version":0}
2026-07-29T01:32:11.742627597Z Shard: leader N0 received: {"term":1,"senderId":"N9","success":true,"matchIndex":1,"level":"Shard","type":"AppendEntriesReply","version":0}
2026-07-29T01:32:11.742731155Z Node N0 Shard: commiting upto index 1
2026-07-29T01:32:11.742854062Z Shard: leader node: N0 broadcasting append entries message
2026-07-29T01:32:11.742943236Z Sending message to node N1: {"term":1,"leaderId":"N0","prevLogIndex":1,"prevLogTerm":1,"leaderCommit":1,"level":"Shard","type":"AppendEntries","version":1}
2026-07-29T01:32:11.743488475Z Sending message to node N9: {"term":1,"leaderId":"N0","prevLogIndex":1,"prevLogTerm":1,"leaderCommit":1,"level":"Shard","type":"AppendEntries","version":1}
2026-07-29T01:32:11.744160930Z Sending message to node N2: {"term":1,"leaderId":"N0","prevLogIndex":1,"prevLogTerm":1,"leaderCommit":1,"level":"Shard","type":"AppendEntries","version":1}
2026-07-29T01:32:11.744259076Z Shard: follower N1 received: {"term":1,"leaderId":"N0","prevLogIndex":1,"prevLogTerm":1,"leaderCommit":1,"level":"Shard","type":"AppendEntries","version":1}
2026-07-29T01:32:11.744448311Z Node N1 Shard: commiting upto index 1
2026-07-29T01:32:11.744618938Z Sending message to node N0: {"term":1,"senderId":"N1","success":true,"matchIndex":1,"level":"Shard","type":"AppendEntriesReply","version":1}
2026-07-29T01:32:11.744800988Z Shard: learner N9 received: {"term":1,"leaderId":"N0","prevLogIndex":1,"prevLogTerm":1,"leaderCommit":1,"level":"Shard","type":"AppendEntries","version":1}
2026-07-29T01:32:11.744861112Z Shard: follower N2 received: {"term":1,"leaderId":"N0","prevLogIndex":1,"prevLogTerm":1,"leaderCommit":1,"level":"Shard","type":"AppendEntries","version":1}
2026-07-29T01:32:11.744941160Z Node N9 Shard: commiting upto index 1
2026-07-29T01:32:11.745004850Z Node N2 Shard: commiting upto index 1
2026-07-29T01:32:11.745506676Z Sending message to node N0: {"term":1,"senderId":"N9","success":true,"matchIndex":1,"level":"Shard","type":"AppendEntriesReply","version":1}
2026-07-29T01:32:11.745784690Z Sending message to node N0: {"term":1,"senderId":"N2","success":true,"matchIndex":1,"level":"Shard","type":"AppendEntriesReply","version":1}
2026-07-29T01:32:11.746022202Z Shard: leader N0 received: {"term":1,"senderId":"N1","success":true,"matchIndex":1,"level":"Shard","type":"AppendEntriesReply","version":1}
2026-07-29T01:32:11.746983250Z Shard: leader N0 received: {"term":1,"senderId":"N9","success":true,"matchIndex":1,"level":"Shard","type":"AppendEntriesReply","version":1}
2026-07-29T01:32:11.747415564Z Shard: leader N0 received: {"term":1,"senderId":"N2","success":true,"matchIndex":1,"level":"Shard","type":"AppendEntriesReply","version":1}
2026-07-29T01:32:12.747852885Z Shard: Node N0 - Leader sending heartbeats.
2026-07-29T01:32:12.748068162Z Shard: leader node: N0 broadcasting append entries message
2026-07-29T01:32:12.748307635Z Sending message to node N1: {"term":1,"leaderId":"N0","prevLogIndex":1,"prevLogTerm":1,"leaderCommit":1,"level":"Shard","type":"AppendEntries","version":1}
2026-07-29T01:32:12.748843523Z Sending message to node N9: {"term":1,"leaderId":"N0","prevLogIndex":1,"prevLogTerm":1,"leaderCommit":1,"level":"Shard","type":"AppendEntries","version":1}
2026-07-29T01:32:12.749139413Z Shard: follower N1 received: {"term":1,"leaderId":"N0","prevLogIndex":1,"prevLogTerm":1,"leaderCommit":1,"level":"Shard","type":"AppendEntries","version":1}
2026-07-29T01:32:12.749189773Z Sending message to node N2: {"term":1,"leaderId":"N0","prevLogIndex":1,"prevLogTerm":1,"leaderCommit":1,"level":"Shard","type":"AppendEntries","version":1}
2026-07-29T01:32:12.749322058Z Node N1 Shard: commiting upto index 1
2026-07-29T01:32:12.749561041Z Sending message to node N0: {"term":1,"senderId":"N1","success":true,"matchIndex":1,"level":"Shard","type":"AppendEntriesReply","version":1}
2026-07-29T01:32:12.749971129Z Shard: follower N9 received: {"term":1,"leaderId":"N0","prevLogIndex":1,"prevLogTerm":1,"leaderCommit":1,"level":"Shard","type":"AppendEntries","version":1}
2026-07-29T01:32:12.750017180Z Shard: follower N2 received: {"term":1,"leaderId":"N0","prevLogIndex":1,"prevLogTerm":1,"leaderCommit":1,"level":"Shard","type":"AppendEntries","version":1}
2026-07-29T01:32:12.750186446Z Node N2 Shard: commiting upto index 1
2026-07-29T01:32:12.750227404Z Node N9 Shard: commiting upto index 1
2026-07-29T01:32:12.750345923Z Sending message to node N0: {"term":1,"senderId":"N2","success":true,"matchIndex":1,"level":"Shard","type":"AppendEntriesReply","version":1}
2026-07-29T01:32:12.750379064Z Sending message to node N0: {"term":1,"senderId":"N9","success":true,"matchIndex":1,"level":"Shard","type":"AppendEntriesReply","version":1}
2026-07-29T01:32:12.750703687Z Shard: leader N0 received: {"term":1,"senderId":"N1","success":true,"matchIndex":1,"level":"Shard","type":"AppendEntriesReply","version":1}
2026-07-29T01:32:12.751113212Z Shard: leader N0 received: {"term":1,"senderId":"N2","success":true,"matchIndex":1,"level":"Shard","type":"AppendEntriesReply","version":1}
2026-07-29T01:32:12.751266911Z Shard: leader N0 received: {"term":1,"senderId":"N9","success":true,"matchIndex":1,"level":"Shard","type":"AppendEntriesReply","version":1}
2026-07-29T01:32:13.753419410Z Shard: Node N0 - Leader sending heartbeats.
2026-07-29T01:32:13.753775062Z Shard: leader node: N0 broadcasting append entries message
2026-07-29T01:32:13.753954985Z Sending message to node N1: {"term":1,"leaderId":"N0","prevLogIndex":1,"prevLogTerm":1,"leaderCommit":1,"level":"Shard","type":"AppendEntries","version":1}
2026-07-29T01:32:13.754159233Z Sending message to node N9: {"term":1,"leaderId":"N0","prevLogIndex":1,"prevLogTerm":1,"leaderCommit":1,"level":"Shard","type":"AppendEntries","version":1}
2026-07-29T01:32:13.754339683Z Sending message to node N2: {"term":1,"leaderId":"N0","prevLogIndex":1,"prevLogTerm":1,"leaderCommit":1,"level":"Shard","type":"AppendEntries","version":1}
2026-07-29T01:32:13.754549659Z Shard: follower N1 received: {"term":1,"leaderId":"N0","prevLogIndex":1,"prevLogTerm":1,"leaderCommit":1,"level":"Shard","type":"AppendEntries","version":1}
2026-07-29T01:32:13.754680672Z Node N1 Shard: commiting upto index 1
2026-07-29T01:32:13.754842794Z Shard: follower N9 received: {"term":1,"leaderId":"N0","prevLogIndex":1,"prevLogTerm":1,"leaderCommit":1,"level":"Shard","type":"AppendEntries","version":1}
2026-07-29T01:32:13.754825479Z Shard: follower N2 received: {"term":1,"leaderId":"N0","prevLogIndex":1,"prevLogTerm":1,"leaderCommit":1,"level":"Shard","type":"AppendEntries","version":1}
2026-07-29T01:32:13.754867164Z Sending message to node N0: {"term":1,"senderId":"N1","success":true,"matchIndex":1,"level":"Shard","type":"AppendEntriesReply","version":1}
2026-07-29T01:32:13.754948167Z Node N9 Shard: commiting upto index 1
2026-07-29T01:32:13.755007195Z Node N2 Shard: commiting upto index 1
2026-07-29T01:32:13.755069926Z Sending message to node N0: {"term":1,"senderId":"N9","success":true,"matchIndex":1,"level":"Shard","type":"AppendEntriesReply","version":1}
2026-07-29T01:32:13.755112125Z Sending message to node N0: {"term":1,"senderId":"N2","success":true,"matchIndex":1,"level":"Shard","type":"AppendEntriesReply","version":1}
2026-07-29T01:32:13.755911988Z Shard: leader N0 received: {"term":1,"senderId":"N1","success":true,"matchIndex":1,"level":"Shard","type":"AppendEntriesReply","version":1}
2026-07-29T01:32:13.756029393Z Shard: leader N0 received: {"term":1,"senderId":"N9","success":true,"matchIndex":1,"level":"Shard","type":"AppendEntriesReply","version":1}
2026-07-29T01:32:13.756109002Z Shard: leader N0 received: {"term":1,"senderId":"N2","success":true,"matchIndex":1,"level":"Shard","type":"AppendEntriesReply","version":1}
2026-07-29T01:32:14.756627873Z Shard: Node N0 - Leader sending heartbeats.
2026-07-29T01:32:14.757305616Z Shard: leader node: N0 broadcasting append entries message
2026-07-29T01:32:14.758064838Z Sending message to node N1: {"term":1,"leaderId":"N0","prevLogIndex":1,"prevLogTerm":1,"leaderCommit":1,"level":"Shard","type":"AppendEntries","version":1}
2026-07-29T01:32:14.759392740Z Sending message to node N9: {"term":1,"leaderId":"N0","prevLogIndex":1,"prevLogTerm":1,"leaderCommit":1,"level":"Shard","type":"AppendEntries","version":1}
2026-07-29T01:32:14.760087014Z Sending message to node N2: {"term":1,"leaderId":"N0","prevLogIndex":1,"prevLogTerm":1,"leaderCommit":1,"level":"Shard","type":"AppendEntries","version":1}
2026-07-29T01:32:14.762731176Z Shard: follower N9 received: {"term":1,"leaderId":"N0","prevLogIndex":1,"prevLogTerm":1,"leaderCommit":1,"level":"Shard","type":"AppendEntries","version":1}
2026-07-29T01:32:14.763197934Z Node N9 Shard: commiting upto index 1
2026-07-29T01:32:14.763181606Z Shard: follower N1 received: {"term":1,"leaderId":"N0","prevLogIndex":1,"prevLogTerm":1,"leaderCommit":1,"level":"Shard","type":"AppendEntries","version":1}
2026-07-29T01:32:14.763878724Z Node N1 Shard: commiting upto index 1
2026-07-29T01:32:14.764233407Z Sending message to node N0: {"term":1,"senderId":"N1","success":true,"matchIndex":1,"level":"Shard","type":"AppendEntriesReply","version":1}
2026-07-29T01:32:14.764525332Z Sending message to node N0: {"term":1,"senderId":"N9","success":true,"matchIndex":1,"level":"Shard","type":"AppendEntriesReply","version":1}
2026-07-29T01:32:14.764801254Z Shard: follower N2 received: {"term":1,"leaderId":"N0","prevLogIndex":1,"prevLogTerm":1,"leaderCommit":1,"level":"Shard","type":"AppendEntries","version":1}
2026-07-29T01:32:14.765323002Z Node N2 Shard: commiting upto index 1
2026-07-29T01:32:14.765712220Z Sending message to node N0: {"term":1,"senderId":"N2","success":true,"matchIndex":1,"level":"Shard","type":"AppendEntriesReply","version":1}
2026-07-29T01:32:14.765977825Z Shard: leader N0 received: {"term":1,"senderId":"N1","success":true,"matchIndex":1,"level":"Shard","type":"AppendEntriesReply","version":1}
2026-07-29T01:32:14.766337630Z Shard: leader N0 received: {"term":1,"senderId":"N9","success":true,"matchIndex":1,"level":"Shard","type":"AppendEntriesReply","version":1}
2026-07-29T01:32:14.767641110Z Shard: leader N0 received: {"term":1,"senderId":"N2","success":true,"matchIndex":1,"level":"Shard","type":"AppendEntriesReply","version":1}
2026-07-29T01:32:15.767983135Z Shard: Node N0 - Leader sending heartbeats.
2026-07-29T01:32:15.768153995Z Shard: leader node: N0 broadcasting append entries message
2026-07-29T01:32:15.768564523Z Sending message to node N1: {"term":1,"leaderId":"N0","prevLogIndex":1,"prevLogTerm":1,"leaderCommit":1,"level":"Shard","type":"AppendEntries","version":1}
2026-07-29T01:32:15.769141696Z Sending message to node N9: {"term":1,"leaderId":"N0","prevLogIndex":1,"prevLogTerm":1,"leaderCommit":1,"level":"Shard","type":"AppendEntries","version":1}
2026-07-29T01:32:15.770168242Z Sending message to node N2: {"term":1,"leaderId":"N0","prevLogIndex":1,"prevLogTerm":1,"leaderCommit":1,"level":"Shard","type":"AppendEntries","version":1}
2026-07-29T01:32:15.771128404Z Shard: follower N1 received: {"term":1,"leaderId":"N0","prevLogIndex":1,"prevLogTerm":1,"leaderCommit":1,"level":"Shard","type":"AppendEntries","version":1}
2026-07-29T01:32:15.771360692Z Node N1 Shard: commiting upto index 1
2026-07-29T01:32:15.771369907Z Shard: follower N9 received: {"term":1,"leaderId":"N0","prevLogIndex":1,"prevLogTerm":1,"leaderCommit":1,"level":"Shard","type":"AppendEntries","version":1}
2026-07-29T01:32:15.771659660Z Sending message to node N0: {"term":1,"senderId":"N1","success":true,"matchIndex":1,"level":"Shard","type":"AppendEntriesReply","version":1}
2026-07-29T01:32:15.771947612Z Node N9 Shard: commiting upto index 1
2026-07-29T01:32:15.772630961Z Sending message to node N0: {"term":1,"senderId":"N9","success":true,"matchIndex":1,"level":"Shard","type":"AppendEntriesReply","version":1}
2026-07-29T01:32:15.772997807Z Shard: follower N2 received: {"term":1,"leaderId":"N0","prevLogIndex":1,"prevLogTerm":1,"leaderCommit":1,"level":"Shard","type":"AppendEntries","version":1}
2026-07-29T01:32:15.773420915Z Node N2 Shard: commiting upto index 1
2026-07-29T01:32:15.774225748Z Sending message to node N0: {"term":1,"senderId":"N2","success":true,"matchIndex":1,"level":"Shard","type":"AppendEntriesReply","version":1}
2026-07-29T01:32:15.774967253Z Shard: leader N0 received: {"term":1,"senderId":"N1","success":true,"matchIndex":1,"level":"Shard","type":"AppendEntriesReply","version":1}
2026-07-29T01:32:15.775289971Z Shard: leader N0 received: {"term":1,"senderId":"N9","success":true,"matchIndex":1,"level":"Shard","type":"AppendEntriesReply","version":1}
2026-07-29T01:32:15.776548603Z Shard: leader N0 received: {"term":1,"senderId":"N2","success":true,"matchIndex":1,"level":"Shard","type":"AppendEntriesReply","version":1}
2026-07-29T01:32:16.776911593Z Shard: Node N0 - Leader sending heartbeats.
2026-07-29T01:32:16.777198917Z Shard: leader node: N0 broadcasting append entries message
2026-07-29T01:32:16.777432680Z Sending message to node N1: {"term":1,"leaderId":"N0","prevLogIndex":1,"prevLogTerm":1,"leaderCommit":1,"level":"Shard","type":"AppendEntries","version":1}
2026-07-29T01:32:16.778436659Z Sending message to node N9: {"term":1,"leaderId":"N0","prevLogIndex":1,"prevLogTerm":1,"leaderCommit":1,"level":"Shard","type":"AppendEntries","version":1}
2026-07-29T01:32:16.778869934Z Shard: follower N1 received: {"term":1,"leaderId":"N0","prevLogIndex":1,"prevLogTerm":1,"leaderCommit":1,"level":"Shard","type":"AppendEntries","version":1}
2026-07-29T01:32:16.778932782Z Sending message to node N2: {"term":1,"leaderId":"N0","prevLogIndex":1,"prevLogTerm":1,"leaderCommit":1,"level":"Shard","type":"AppendEntries","version":1}
2026-07-29T01:32:16.779239845Z Node N1 Shard: commiting upto index 1
2026-07-29T01:32:16.779541316Z Sending message to node N0: {"term":1,"senderId":"N1","success":true,"matchIndex":1,"level":"Shard","type":"AppendEntriesReply","version":1}
2026-07-29T01:32:16.779847898Z Shard: follower N9 received: {"term":1,"leaderId":"N0","prevLogIndex":1,"prevLogTerm":1,"leaderCommit":1,"level":"Shard","type":"AppendEntries","version":1}
2026-07-29T01:32:16.780251663Z Node N9 Shard: commiting upto index 1
2026-07-29T01:32:16.781036994Z Shard: leader N0 received: {"term":1,"senderId":"N1","success":true,"matchIndex":1,"level":"Shard","type":"AppendEntriesReply","version":1}
2026-07-29T01:32:16.781163781Z Shard: follower N2 received: {"term":1,"leaderId":"N0","prevLogIndex":1,"prevLogTerm":1,"leaderCommit":1,"level":"Shard","type":"AppendEntries","version":1}
2026-07-29T01:32:16.781172563Z Sending message to node N0: {"term":1,"senderId":"N9","success":true,"matchIndex":1,"level":"Shard","type":"AppendEntriesReply","version":1}
2026-07-29T01:32:16.781702883Z Node N2 Shard: commiting upto index 1
2026-07-29T01:32:16.782371555Z Sending message to node N0: {"term":1,"senderId":"N2","success":true,"matchIndex":1,"level":"Shard","type":"AppendEntriesReply","version":1}
2026-07-29T01:32:16.783133525Z Shard: leader N0 received: {"term":1,"senderId":"N9","success":true,"matchIndex":1,"level":"Shard","type":"AppendEntriesReply","version":1}
2026-07-29T01:32:16.784035390Z Shard: leader N0 received: {"term":1,"senderId":"N2","success":true,"matchIndex":1,"level":"Shard","type":"AppendEntriesReply","version":1}
2026-07-29T01:32:17.784426315Z Shard: Node N0 - Leader sending heartbeats.
2026-07-29T01:32:17.784543961Z Shard: leader node: N0 broadcasting append entries message
2026-07-29T01:32:17.784645443Z Sending message to node N1: {"term":1,"leaderId":"N0","prevLogIndex":1,"prevLogTerm":1,"leaderCommit":1,"level":"Shard","type":"AppendEntries","version":1}
2026-07-29T01:32:17.784997483Z Sending message to node N9: {"term":1,"leaderId":"N0","prevLogIndex":1,"prevLogTerm":1,"leaderCommit":1,"level":"Shard","type":"AppendEntries","version":1}
2026-07-29T01:32:17.785221728Z Sending message to node N2: {"term":1,"leaderId":"N0","prevLogIndex":1,"prevLogTerm":1,"leaderCommit":1,"level":"Shard","type":"AppendEntries","version":1}
2026-07-29T01:32:17.785476224Z Shard: follower N1 received: {"term":1,"leaderId":"N0","prevLogIndex":1,"prevLogTerm":1,"leaderCommit":1,"level":"Shard","type":"AppendEntries","version":1}
2026-07-29T01:32:17.785611397Z Node N1 Shard: commiting upto index 1
2026-07-29T01:32:17.785763342Z Sending message to node N0: {"term":1,"senderId":"N1","success":true,"matchIndex":1,"level":"Shard","type":"AppendEntriesReply","version":1}
2026-07-29T01:32:17.785783318Z Shard: follower N9 received: {"term":1,"leaderId":"N0","prevLogIndex":1,"prevLogTerm":1,"leaderCommit":1,"level":"Shard","type":"AppendEntries","version":1}
2026-07-29T01:32:17.785974329Z Shard: follower N2 received: {"term":1,"leaderId":"N0","prevLogIndex":1,"prevLogTerm":1,"leaderCommit":1,"level":"Shard","type":"AppendEntries","version":1}
2026-07-29T01:32:17.786037902Z Node N9 Shard: commiting upto index 1
2026-07-29T01:32:17.786204323Z Node N2 Shard: commiting upto index 1
2026-07-29T01:32:17.786272987Z Sending message to node N0: {"term":1,"senderId":"N9","success":true,"matchIndex":1,"level":"Shard","type":"AppendEntriesReply","version":1}
2026-07-29T01:32:17.786370415Z Sending message to node N0: {"term":1,"senderId":"N2","success":true,"matchIndex":1,"level":"Shard","type":"AppendEntriesReply","version":1}
2026-07-29T01:32:17.786368645Z Shard: leader N0 received: {"term":1,"senderId":"N1","success":true,"matchIndex":1,"level":"Shard","type":"AppendEntriesReply","version":1}
2026-07-29T01:32:17.786802295Z Shard: leader N0 received: {"term":1,"senderId":"N9","success":true,"matchIndex":1,"level":"Shard","type":"AppendEntriesReply","version":1}
2026-07-29T01:32:17.786952822Z Shard: leader N0 received: {"term":1,"senderId":"N2","success":true,"matchIndex":1,"level":"Shard","type":"AppendEntriesReply","version":1}
2026-07-29T01:32:18.787191417Z Shard: Node N0 - Leader sending heartbeats.
2026-07-29T01:32:18.787353475Z Shard: leader node: N0 broadcasting append entries message
2026-07-29T01:32:18.787514689Z Sending message to node N1: {"term":1,"leaderId":"N0","prevLogIndex":1,"prevLogTerm":1,"leaderCommit":1,"level":"Shard","type":"AppendEntries","version":1}
2026-07-29T01:32:18.788080368Z Sending message to node N9: {"term":1,"leaderId":"N0","prevLogIndex":1,"prevLogTerm":1,"leaderCommit":1,"level":"Shard","type":"AppendEntries","version":1}
2026-07-29T01:32:18.788294813Z Sending message to node N2: {"term":1,"leaderId":"N0","prevLogIndex":1,"prevLogTerm":1,"leaderCommit":1,"level":"Shard","type":"AppendEntries","version":1}
2026-07-29T01:32:18.789649123Z Shard: follower N1 received: {"term":1,"leaderId":"N0","prevLogIndex":1,"prevLogTerm":1,"leaderCommit":1,"level":"Shard","type":"AppendEntries","version":1}
2026-07-29T01:32:18.789656009Z Shard: follower N9 received: {"term":1,"leaderId":"N0","prevLogIndex":1,"prevLogTerm":1,"leaderCommit":1,"level":"Shard","type":"AppendEntries","version":1}
2026-07-29T01:32:18.789750278Z Node N1 Shard: commiting upto index 1
2026-07-29T01:32:18.789748198Z Node N9 Shard: commiting upto index 1
2026-07-29T01:32:18.789819305Z Sending message to node N0: {"term":1,"senderId":"N1","success":true,"matchIndex":1,"level":"Shard","type":"AppendEntriesReply","version":1}
2026-07-29T01:32:18.789830646Z Sending message to node N0: {"term":1,"senderId":"N9","success":true,"matchIndex":1,"level":"Shard","type":"AppendEntriesReply","version":1}
2026-07-29T01:32:18.789854638Z Shard: follower N2 received: {"term":1,"leaderId":"N0","prevLogIndex":1,"prevLogTerm":1,"leaderCommit":1,"level":"Shard","type":"AppendEntries","version":1}
2026-07-29T01:32:18.789909990Z Node N2 Shard: commiting upto index 1
2026-07-29T01:32:18.789970884Z Sending message to node N0: {"term":1,"senderId":"N2","success":true,"matchIndex":1,"level":"Shard","type":"AppendEntriesReply","version":1}
2026-07-29T01:32:18.790677896Z Shard: leader N0 received: {"term":1,"senderId":"N1","success":true,"matchIndex":1,"level":"Shard","type":"AppendEntriesReply","version":1}
2026-07-29T01:32:18.797527744Z Shard: leader N0 received: {"term":1,"senderId":"N9","success":true,"matchIndex":1,"level":"Shard","type":"AppendEntriesReply","version":1}
2026-07-29T01:32:18.797612215Z Shard: leader N0 received: {"term":1,"senderId":"N2","success":true,"matchIndex":1,"level":"Shard","type":"AppendEntriesReply","version":1}
2026-07-29T01:32:19.549538871Z Shard: leader N0 received: {"nodes":{"N0":{"id":"N0","ip":"localhost","port":4567},"N1":{"id":"N1","ip":"localhost","port":4568},"N2":{"id":"N2","ip":"localhost","port":4569},"N9":{"id":"N9","ip":"localhost","port":4570},"N10":{"id":"N10","ip":"localhost","port":4571}},"action":"Update","type":"Update","version":2}
2026-07-29T01:32:19.549709578Z Node N0 Shard level raft recieved config update request
2026-07-29T01:32:19.551869946Z Shard: follower N1 received: {"nodes":{"N0":{"id":"N0","ip":"localhost","port":4567},"N1":{"id":"N1","ip":"localhost","port":4568},"N2":{"id":"N2","ip":"localhost","port":4569},"N9":{"id":"N9","ip":"localhost","port":4570},"N10":{"id":"N10","ip":"localhost","port":4571}},"action":"Update","type":"Update","version":2}
2026-07-29T01:32:19.552128981Z Node N1 Shard level raft recieved config update request
2026-07-29T01:32:19.553445406Z Shard: follower N9 received: {"nodes":{"N0":{"id":"N0","ip":"localhost","port":4567},"N1":{"id":"N1","ip":"localhost","port":4568},"N2":{"id":"N2","ip":"localhost","port":4569},"N9":{"id":"N9","ip":"localhost","port":4570},"N10":{"id":"N10","ip":"localhost","port":4571}},"action":"Update","type":"Update","version":2}
2026-07-29T01:32:19.553606760Z Shard: follower N2 received: {"nodes":{"N0":{"id":"N0","ip":"localhost","port":4567},"N1":{"id":"N1","ip":"localhost","port":4568},"N2":{"id":"N2","ip":"localhost","port":4569},"N9":{"id":"N9","ip":"localhost","port":4570},"N10":{"id":"N10","ip":"localhost","port":4571}},"action":"Update","type":"Update","version":2}
2026-07-29T01:32:19.553721261Z Node N2 Shard level raft recieved config update request
2026-07-29T01:32:19.553699067Z Node N9 Shard level raft recieved config update request
2026-07-29T01:32:20.550006590Z Shard: Node N0 - Leader sending heartbeats.
2026-07-29T01:32:20.550149098Z Shard: leader node: N0 broadcasting append entries message
2026-07-29T01:32:20.550350974Z Sending message to node N1: {"term":1,"leaderId":"N0","prevLogIndex":1,"prevLogTerm":1,"leaderCommit":1,"level":"Shard","type":"AppendEntries","version":1}
2026-07-29T01:32:20.550888903Z Sending message to node N9: {"term":1,"leaderId":"N0","prevLogIndex":1,"prevLogTerm":1,"leaderCommit":1,"level":"Shard","type":"AppendEntries","version":1}
2026-07-29T01:32:20.551122351Z Sending message to node N2: {"term":1,"leaderId":"N0","prevLogIndex":1,"prevLogTerm":1,"leaderCommit":1,"level":"Shard","type":"AppendEntries","version":1}
2026-07-29T01:32:20.551354442Z Sending message to node N10: {"term":1,"leaderId":"N0","prevLogIndex":-1,"prevLogTerm":0,"leaderCommit":1,"entries":[{"msg":{"nodes":{"N0":{"id":"N0","ip":"localhost","port":4567},"N1":{"id":"N1","ip":"localhost","port":4568},"N2":{"id":"N2","ip":"localhost","port":4569},"N9":{"id":"N9","ip":"localhost","port":4570}},"oldNodes":{"N0":{"id":"N0","ip":"localhost","port":4567},"N1":{"id":"N1","ip":"localhost","port":4568},"N9":{"id":"N9","ip":"localhost","port":4570},"N2":{"id":"N2","ip":"localhost","port":4569}},"jointConfig":true,"targetVersion":1,"type":"RaftConfig","version":1},"term":1,"index":0},{"msg":{"nodes":{"N0":{"id":"N0","ip":"localhost","port":4567},"N1":{"id":"N1","ip":"localhost","port":4568},"N2":{"id":"N2","ip":"localhost","port":4569},"N9":{"id":"N9","ip":"localhost","port":4570}},"jointConfig":false,"targetVersion":1,"type":"RaftConfig","version":1},"term":1,"index":1}],"level":"Shard","type":"AppendEntries","version":1}
2026-07-29T01:32:20.551737757Z Shard: follower N1 received: {"term":1,"leaderId":"N0","prevLogIndex":1,"prevLogTerm":1,"leaderCommit":1,"level":"Shard","type":"AppendEntries","version":1}
2026-07-29T01:32:20.551870926Z Shard: follower N9 received: {"term":1,"leaderId":"N0","prevLogIndex":1,"prevLogTerm":1,"leaderCommit":1,"level":"Shard","type":"AppendEntries","version":1}
2026-07-29T01:32:20.551916179Z Node N1 Shard: commiting upto index 1
2026-07-29T01:32:20.551885233Z Shard: follower N2 received: {"term":1,"leaderId":"N0","prevLogIndex":1,"prevLogTerm":1,"leaderCommit":1,"level":"Shard","type":"AppendEntries","version":1}
2026-07-29T01:32:20.552009867Z Node N2 Shard: commiting upto index 1
2026-07-29T01:32:20.552015357Z Sending message to node N0: {"term":1,"senderId":"N1","success":true,"matchIndex":1,"level":"Shard","type":"AppendEntriesReply","version":1}
2026-07-29T01:32:20.552083451Z Sending message to node N0: {"term":1,"senderId":"N2","success":true,"matchIndex":1,"level":"Shard","type":"AppendEntriesReply","version":1}
2026-07-29T01:32:20.552028089Z Node N9 Shard: commiting upto index 1
2026-07-29T01:32:20.552538273Z Sending message to node N0: {"term":1,"senderId":"N9","success":true,"matchIndex":1,"level":"Shard","type":"AppendEntriesReply","version":1}
2026-07-29T01:32:20.552981111Z Shard: leader N0 received: {"term":1,"senderId":"N1","success":true,"matchIndex":1,"level":"Shard","type":"AppendEntriesReply","version":1}
2026-07-29T01:32:20.553234950Z Shard: leader N0 received: {"term":1,"senderId":"N2","success":true,"matchIndex":1,"level":"Shard","type":"AppendEntriesReply","version":1}
2026-07-29T01:32:20.553332794Z Shard: leader N0 received: {"term":1,"senderId":"N9","success":true,"matchIndex":1,"level":"Shard","type":"AppendEntriesReply","version":1}
2026-07-29T01:32:20.593666950Z Shard: learner N10 received: {"term":1,"leaderId":"N0","prevLogIndex":-1,"prevLogTerm":0,"leaderCommit":1,"entries":[{"msg":{"nodes":{"N0":{"id":"N0","ip":"localhost","port":4567},"N1":{"id":"N1","ip":"localhost","port":4568},"N2":{"id":"N2","ip":"localhost","port":4569},"N9":{"id":"N9","ip":"localhost","port":4570}},"oldNodes":{"N0":{"id":"N0","ip":"localhost","port":4567},"N1":{"id":"N1","ip":"localhost","port":4568},"N9":{"id":"N9","ip":"localhost","port":4570},"N2":{"id":"N2","ip":"localhost","port":4569}},"jointConfig":true,"targetVersion":1,"type":"RaftConfig","version":1},"term":1,"index":0},{"msg":{"nodes":{"N0":{"id":"N0","ip":"localhost","port":4567},"N1":{"id":"N1","ip":"localhost","port":4568},"N2":{"id":"N2","ip":"localhost","port":4569},"N9":{"id":"N9","ip":"localhost","port":4570}},"jointConfig":false,"targetVersion":1,"type":"RaftConfig","version":1},"term":1,"index":1}],"level":"Shard","type":"AppendEntries","version":1}
2026-07-29T01:32:20.599841711Z Node N10 Shard: commiting upto index 1
2026-07-29T01:32:20.601122344Z Sending message to node N0: {"term":1,"senderId":"N10","success":true,"matchIndex":1,"level":"Shard","type":"AppendEntriesReply","version":1}
2026-07-29T01:32:20.605954220Z Shard: leader N0 received: {"term":1,"senderId":"N10","success":true,"matchIndex":1,"level":"Shard","type":"AppendEntriesReply","version":1}
2026-07-29T01:32:20.606095671Z Shard: leader node: N0 broadcasting append entries message
2026-07-29T01:32:20.606248307Z Sending message to node N1: {"term":1,"leaderId":"N0","prevLogIndex":1,"prevLogTerm":1,"leaderCommit":1,"entries":[{"msg":{"nodes":{"N0":{"id":"N0","ip":"localhost","port":4567},"N1":{"id":"N1","ip":"localhost","port":4568},"N2":{"id":"N2","ip":"localhost","port":4569},"N9":{"id":"N9","ip":"localhost","port":4570},"N10":{"id":"N10","ip":"localhost","port":4571}},"oldNodes":{"N0":{"id":"N0","ip":"localhost","port":4567},"N1":{"id":"N1","ip":"localhost","port":4568},"N9":{"id":"N9","ip":"localhost","port":4570},"N2":{"id":"N2","ip":"localhost","port":4569}},"jointConfig":true,"targetVersion":2,"type":"RaftConfig","version":2},"term":1,"index":2}],"level":"Shard","type":"AppendEntries","version":1}
2026-07-29T01:32:20.606540184Z Sending message to node N9: {"term":1,"leaderId":"N0","prevLogIndex":1,"prevLogTerm":1,"leaderCommit":1,"entries":[{"msg":{"nodes":{"N0":{"id":"N0","ip":"localhost","port":4567},"N1":{"id":"N1","ip":"localhost","port":4568},"N2":{"id":"N2","ip":"localhost","port":4569},"N9":{"id":"N9","ip":"localhost","port":4570},"N10":{"id":"N10","ip":"localhost","port":4571}},"oldNodes":{"N0":{"id":"N0","ip":"localhost","port":4567},"N1":{"id":"N1","ip":"localhost","port":4568},"N9":{"id":"N9","ip":"localhost","port":4570},"N2":{"id":"N2","ip":"localhost","port":4569}},"jointConfig":true,"targetVersion":2,"type":"RaftConfig","version":2},"term":1,"index":2}],"level":"Shard","type":"AppendEntries","version":1}
2026-07-29T01:32:20.606768502Z Sending message to node N2: {"term":1,"leaderId":"N0","prevLogIndex":1,"prevLogTerm":1,"leaderCommit":1,"entries":[{"msg":{"nodes":{"N0":{"id":"N0","ip":"localhost","port":4567},"N1":{"id":"N1","ip":"localhost","port":4568},"N2":{"id":"N2","ip":"localhost","port":4569},"N9":{"id":"N9","ip":"localhost","port":4570},"N10":{"id":"N10","ip":"localhost","port":4571}},"oldNodes":{"N0":{"id":"N0","ip":"localhost","port":4567},"N1":{"id":"N1","ip":"localhost","port":4568},"N9":{"id":"N9","ip":"localhost","port":4570},"N2":{"id":"N2","ip":"localhost","port":4569}},"jointConfig":true,"targetVersion":2,"type":"RaftConfig","version":2},"term":1,"index":2}],"level":"Shard","type":"AppendEntries","version":1}
2026-07-29T01:32:20.606993505Z Sending message to node N10: {"term":1,"leaderId":"N0","prevLogIndex":1,"prevLogTerm":1,"leaderCommit":1,"entries":[{"msg":{"nodes":{"N0":{"id":"N0","ip":"localhost","port":4567},"N1":{"id":"N1","ip":"localhost","port":4568},"N2":{"id":"N2","ip":"localhost","port":4569},"N9":{"id":"N9","ip":"localhost","port":4570},"N10":{"id":"N10","ip":"localhost","port":4571}},"oldNodes":{"N0":{"id":"N0","ip":"localhost","port":4567},"N1":{"id":"N1","ip":"localhost","port":4568},"N9":{"id":"N9","ip":"localhost","port":4570},"N2":{"id":"N2","ip":"localhost","port":4569}},"jointConfig":true,"targetVersion":2,"type":"RaftConfig","version":2},"term":1,"index":2}],"level":"Shard","type":"AppendEntries","version":1}
2026-07-29T01:32:20.607181430Z Shard: learner N10 received: {"nodes":{"N0":{"id":"N0","ip":"localhost","port":4567},"N1":{"id":"N1","ip":"localhost","port":4568},"N2":{"id":"N2","ip":"localhost","port":4569},"N9":{"id":"N9","ip":"localhost","port":4570}},"action":"Update","type":"Update","version":1}
2026-07-29T01:32:20.607478163Z Shard: learner N10 received: {"nodes":{"N0":{"id":"N0","ip":"localhost","port":4567},"N1":{"id":"N1","ip":"localhost","port":4568},"N2":{"id":"N2","ip":"localhost","port":4569},"N9":{"id":"N9","ip":"localhost","port":4570},"N10":{"id":"N10","ip":"localhost","port":4571}},"action":"Update","type":"Update","version":2}
2026-07-29T01:32:20.607815384Z Node N10 Shard level raft recieved config update request
2026-07-29T01:32:20.607881466Z Shard: follower N1 received: {"term":1,"leaderId":"N0","prevLogIndex":1,"prevLogTerm":1,"leaderCommit":1,"entries":[{"msg":{"nodes":{"N0":{"id":"N0","ip":"localhost","port":4567},"N1":{"id":"N1","ip":"localhost","port":4568},"N2":{"id":"N2","ip":"localhost","port":4569},"N9":{"id":"N9","ip":"localhost","port":4570},"N10":{"id":"N10","ip":"localhost","port":4571}},"oldNodes":{"N0":{"id":"N0","ip":"localhost","port":4567},"N1":{"id":"N1","ip":"localhost","port":4568},"N9":{"id":"N9","ip":"localhost","port":4570},"N2":{"id":"N2","ip":"localhost","port":4569}},"jointConfig":true,"targetVersion":2,"type":"RaftConfig","version":2},"term":1,"index":2}],"level":"Shard","type":"AppendEntries","version":1}
2026-07-29T01:32:20.607989644Z Shard: follower N9 received: {"term":1,"leaderId":"N0","prevLogIndex":1,"prevLogTerm":1,"leaderCommit":1,"entries":[{"msg":{"nodes":{"N0":{"id":"N0","ip":"localhost","port":4567},"N1":{"id":"N1","ip":"localhost","port":4568},"N2":{"id":"N2","ip":"localhost","port":4569},"N9":{"id":"N9","ip":"localhost","port":4570},"N10":{"id":"N10","ip":"localhost","port":4571}},"oldNodes":{"N0":{"id":"N0","ip":"localhost","port":4567},"N1":{"id":"N1","ip":"localhost","port":4568},"N9":{"id":"N9","ip":"localhost","port":4570},"N2":{"id":"N2","ip":"localhost","port":4569}},"jointConfig":true,"targetVersion":2,"type":"RaftConfig","version":2},"term":1,"index":2}],"level":"Shard","type":"AppendEntries","version":1}
2026-07-29T01:32:20.608135322Z Node N1 Shard: commiting upto index 1
2026-07-29T01:32:20.608198211Z Node N9 Shard: commiting upto index 1
2026-07-29T01:32:20.608151558Z Shard: follower N2 received: {"term":1,"leaderId":"N0","prevLogIndex":1,"prevLogTerm":1,"leaderCommit":1,"entries":[{"msg":{"nodes":{"N0":{"id":"N0","ip":"localhost","port":4567},"N1":{"id":"N1","ip":"localhost","port":4568},"N2":{"id":"N2","ip":"localhost","port":4569},"N9":{"id":"N9","ip":"localhost","port":4570},"N10":{"id":"N10","ip":"localhost","port":4571}},"oldNodes":{"N0":{"id":"N0","ip":"localhost","port":4567},"N1":{"id":"N1","ip":"localhost","port":4568},"N9":{"id":"N9","ip":"localhost","port":4570},"N2":{"id":"N2","ip":"localhost","port":4569}},"jointConfig":true,"targetVersion":2,"type":"RaftConfig","version":2},"term":1,"index":2}],"level":"Shard","type":"AppendEntries","version":1}
2026-07-29T01:32:20.608325764Z Node N2 Shard: commiting upto index 1
2026-07-29T01:32:20.608408541Z Sending message to node N0: {"term":1,"senderId":"N2","success":true,"matchIndex":2,"level":"Shard","type":"AppendEntriesReply","version":1}
2026-07-29T01:32:20.608440480Z Sending message to node N0: {"term":1,"senderId":"N9","success":true,"matchIndex":2,"level":"Shard","type":"AppendEntriesReply","version":1}
2026-07-29T01:32:20.608953678Z Shard: leader N0 received: {"term":1,"senderId":"N2","success":true,"matchIndex":2,"level":"Shard","type":"AppendEntriesReply","version":1}
2026-07-29T01:32:20.608951326Z Sending message to node N0: {"term":1,"senderId":"N1","success":true,"matchIndex":2,"level":"Shard","type":"AppendEntriesReply","version":1}
2026-07-29T01:32:20.609102716Z Shard: leader N0 received: {"term":1,"senderId":"N9","success":true,"matchIndex":2,"level":"Shard","type":"AppendEntriesReply","version":1}
2026-07-29T01:32:20.609383855Z Shard: learner N10 received: {"term":1,"leaderId":"N0","prevLogIndex":1,"prevLogTerm":1,"leaderCommit":1,"entries":[{"msg":{"nodes":{"N0":{"id":"N0","ip":"localhost","port":4567},"N1":{"id":"N1","ip":"localhost","port":4568},"N2":{"id":"N2","ip":"localhost","port":4569},"N9":{"id":"N9","ip":"localhost","port":4570},"N10":{"id":"N10","ip":"localhost","port":4571}},"oldNodes":{"N0":{"id":"N0","ip":"localhost","port":4567},"N1":{"id":"N1","ip":"localhost","port":4568},"N9":{"id":"N9","ip":"localhost","port":4570},"N2":{"id":"N2","ip":"localhost","port":4569}},"jointConfig":true,"targetVersion":2,"type":"RaftConfig","version":2},"term":1,"index":2}],"level":"Shard","type":"AppendEntries","version":1}
2026-07-29T01:32:20.609633570Z Shard: leader N0 received: {"term":1,"senderId":"N1","success":true,"matchIndex":2,"level":"Shard","type":"AppendEntriesReply","version":1}
2026-07-29T01:32:20.609694025Z Node N0 Shard: commiting upto index 2
2026-07-29T01:32:20.609753487Z Shard: leader node: N0 broadcasting append entries message
2026-07-29T01:32:20.609776793Z Node N10 Shard: commiting upto index 1
2026-07-29T01:32:20.609929368Z Sending message to node N1: {"term":1,"leaderId":"N0","prevLogIndex":2,"prevLogTerm":1,"leaderCommit":2,"entries":[{"msg":{"nodes":{"N0":{"id":"N0","ip":"localhost","port":4567},"N1":{"id":"N1","ip":"localhost","port":4568},"N2":{"id":"N2","ip":"localhost","port":4569},"N9":{"id":"N9","ip":"localhost","port":4570},"N10":{"id":"N10","ip":"localhost","port":4571}},"jointConfig":false,"targetVersion":2,"type":"RaftConfig","version":2},"term":1,"index":3}],"level":"Shard","type":"AppendEntries","version":1}
2026-07-29T01:32:20.610175159Z Sending message to node N0: {"term":1,"senderId":"N10","success":true,"matchIndex":2,"level":"Shard","type":"AppendEntriesReply","version":1}
2026-07-29T01:32:20.610225007Z Sending message to node N9: {"term":1,"leaderId":"N0","prevLogIndex":2,"prevLogTerm":1,"leaderCommit":2,"entries":[{"msg":{"nodes":{"N0":{"id":"N0","ip":"localhost","port":4567},"N1":{"id":"N1","ip":"localhost","port":4568},"N2":{"id":"N2","ip":"localhost","port":4569},"N9":{"id":"N9","ip":"localhost","port":4570},"N10":{"id":"N10","ip":"localhost","port":4571}},"jointConfig":false,"targetVersion":2,"type":"RaftConfig","version":2},"term":1,"index":3}],"level":"Shard","type":"AppendEntries","version":1}
2026-07-29T01:32:20.610443978Z Sending message to node N2: {"term":1,"leaderId":"N0","prevLogIndex":2,"prevLogTerm":1,"leaderCommit":2,"entries":[{"msg":{"nodes":{"N0":{"id":"N0","ip":"localhost","port":4567},"N1":{"id":"N1","ip":"localhost","port":4568},"N2":{"id":"N2","ip":"localhost","port":4569},"N9":{"id":"N9","ip":"localhost","port":4570},"N10":{"id":"N10","ip":"localhost","port":4571}},"jointConfig":false,"targetVersion":2,"type":"RaftConfig","version":2},"term":1,"index":3}],"level":"Shard","type":"AppendEntries","version":1}
2026-07-29T01:32:20.610661143Z Sending message to node N10: {"term":1,"leaderId":"N0","prevLogIndex":1,"prevLogTerm":1,"leaderCommit":2,"entries":[{"msg":{"nodes":{"N0":{"id":"N0","ip":"localhost","port":4567},"N1":{"id":"N1","ip":"localhost","port":4568},"N2":{"id":"N2","ip":"localhost","port":4569},"N9":{"id":"N9","ip":"localhost","port":4570},"N10":{"id":"N10","ip":"localhost","port":4571}},"oldNodes":{"N0":{"id":"N0","ip":"localhost","port":4567},"N1":{"id":"N1","ip":"localhost","port":4568},"N9":{"id":"N9","ip":"localhost","port":4570},"N2":{"id":"N2","ip":"localhost","port":4569},"N10":{"id":"N10","ip":"localhost","port":4571}},"jointConfig":true,"targetVersion":2,"type":"RaftConfig","version":2},"term":1,"index":2},{"msg":{"nodes":{"N0":{"id":"N0","ip":"localhost","port":4567},"N1":{"id":"N1","ip":"localhost","port":4568},"N2":{"id":"N2","ip":"localhost","port":4569},"N9":{"id":"N9","ip":"localhost","port":4570},"N10":{"id":"N10","ip":"localhost","port":4571}},"jointConfig":false,"targetVersion":2,"type":"RaftConfig","version":2},"term":1,"index":3}],"level":"Shard","type":"AppendEntries","version":1}
2026-07-29T01:32:20.610860882Z Shard: leader N0 received: {"term":1,"senderId":"N10","success":true,"matchIndex":2,"level":"Shard","type":"AppendEntriesReply","version":1}
2026-07-29T01:32:20.610865239Z Shard: follower N9 received: {"term":1,"leaderId":"N0","prevLogIndex":2,"prevLogTerm":1,"leaderCommit":2,"entries":[{"msg":{"nodes":{"N0":{"id":"N0","ip":"localhost","port":4567},"N1":{"id":"N1","ip":"localhost","port":4568},"N2":{"id":"N2","ip":"localhost","port":4569},"N9":{"id":"N9","ip":"localhost","port":4570},"N10":{"id":"N10","ip":"localhost","port":4571}},"jointConfig":false,"targetVersion":2,"type":"RaftConfig","version":2},"term":1,"index":3}],"level":"Shard","type":"AppendEntries","version":1}
2026-07-29T01:32:20.611000018Z Node N9 Shard: commiting upto index 2
2026-07-29T01:32:20.611126716Z Sending message to node N0: {"term":1,"senderId":"N9","success":true,"matchIndex":3,"level":"Shard","type":"AppendEntriesReply","version":1}
2026-07-29T01:32:20.611647044Z Shard: leader N0 received: {"term":1,"senderId":"N9","success":true,"matchIndex":3,"level":"Shard","type":"AppendEntriesReply","version":1}
2026-07-29T01:32:20.612890313Z Shard: learner N10 received: {"term":1,"leaderId":"N0","prevLogIndex":1,"prevLogTerm":1,"leaderCommit":2,"entries":[{"msg":{"nodes":{"N0":{"id":"N0","ip":"localhost","port":4567},"N1":{"id":"N1","ip":"localhost","port":4568},"N2":{"id":"N2","ip":"localhost","port":4569},"N9":{"id":"N9","ip":"localhost","port":4570},"N10":{"id":"N10","ip":"localhost","port":4571}},"oldNodes":{"N0":{"id":"N0","ip":"localhost","port":4567},"N1":{"id":"N1","ip":"localhost","port":4568},"N9":{"id":"N9","ip":"localhost","port":4570},"N2":{"id":"N2","ip":"localhost","port":4569},"N10":{"id":"N10","ip":"localhost","port":4571}},"jointConfig":true,"targetVersion":2,"type":"RaftConfig","version":2},"term":1,"index":2},{"msg":{"nodes":{"N0":{"id":"N0","ip":"localhost","port":4567},"N1":{"id":"N1","ip":"localhost","port":4568},"N2":{"id":"N2","ip":"localhost","port":4569},"N9":{"id":"N9","ip":"localhost","port":4570},"N10":{"id":"N10","ip":"localhost","port":4571}},"jointConfig":false,"targetVersion":2,"type":"RaftConfig","version":2},"term":1,"index":3}],"level":"Shard","type":"AppendEntries","version":1}
2026-07-29T01:32:20.613067076Z Node N10 Shard: commiting upto index 2
2026-07-29T01:32:20.613263707Z Sending message to node N0: {"term":1,"senderId":"N10","success":true,"matchIndex":3,"level":"Shard","type":"AppendEntriesReply","version":1}
2026-07-29T01:32:20.613637695Z Shard: follower N2 received: {"term":1,"leaderId":"N0","prevLogIndex":2,"prevLogTerm":1,"leaderCommit":2,"entries":[{"msg":{"nodes":{"N0":{"id":"N0","ip":"localhost","port":4567},"N1":{"id":"N1","ip":"localhost","port":4568},"N2":{"id":"N2","ip":"localhost","port":4569},"N9":{"id":"N9","ip":"localhost","port":4570},"N10":{"id":"N10","ip":"localhost","port":4571}},"jointConfig":false,"targetVersion":2,"type":"RaftConfig","version":2},"term":1,"index":3}],"level":"Shard","type":"AppendEntries","version":1}
2026-07-29T01:32:20.613866016Z Node N2 Shard: commiting upto index 2
2026-07-29T01:32:20.613955330Z Shard: follower N1 received: {"term":1,"leaderId":"N0","prevLogIndex":2,"prevLogTerm":1,"leaderCommit":2,"entries":[{"msg":{"nodes":{"N0":{"id":"N0","ip":"localhost","port":4567},"N1":{"id":"N1","ip":"localhost","port":4568},"N2":{"id":"N2","ip":"localhost","port":4569},"N9":{"id":"N9","ip":"localhost","port":4570},"N10":{"id":"N10","ip":"localhost","port":4571}},"jointConfig":false,"targetVersion":2,"type":"RaftConfig","version":2},"term":1,"index":3}],"level":"Shard","type":"AppendEntries","version":1}
2026-07-29T01:32:20.614075266Z Node N1 Shard: commiting upto index 2
2026-07-29T01:32:20.614211154Z Sending message to node N0: {"term":1,"senderId":"N2","success":true,"matchIndex":3,"level":"Shard","type":"AppendEntriesReply","version":1}
2026-07-29T01:32:20.614258932Z Shard: leader N0 received: {"term":1,"senderId":"N10","success":true,"matchIndex":3,"level":"Shard","type":"AppendEntriesReply","version":1}
2026-07-29T01:32:20.614248113Z Sending message to node N0: {"term":1,"senderId":"N1","success":true,"matchIndex":3,"level":"Shard","type":"AppendEntriesReply","version":1}
2026-07-29T01:32:20.614780826Z Shard: leader N0 received: {"term":1,"senderId":"N2","success":true,"matchIndex":3,"level":"Shard","type":"AppendEntriesReply","version":1}
2026-07-29T01:32:20.614998502Z Shard: leader N0 received: {"term":1,"senderId":"N1","success":true,"matchIndex":3,"level":"Shard","type":"AppendEntriesReply","version":1}
2026-07-29T01:32:20.615090642Z Node N0 Shard: commiting upto index 3
2026-07-29T01:32:20.615171786Z Shard: leader node: N0 broadcasting append entries message
2026-07-29T01:32:20.615244701Z Sending message to node N1: {"term":1,"leaderId":"N0","prevLogIndex":3,"prevLogTerm":1,"leaderCommit":3,"level":"Shard","type":"AppendEntries","version":2}
2026-07-29T01:32:20.615462527Z Sending message to node N9: {"term":1,"leaderId":"N0","prevLogIndex":3,"prevLogTerm":1,"leaderCommit":3,"level":"Shard","type":"AppendEntries","version":2}
2026-07-29T01:32:20.615660699Z Sending message to node N2: {"term":1,"leaderId":"N0","prevLogIndex":3,"prevLogTerm":1,"leaderCommit":3,"level":"Shard","type":"AppendEntries","version":2}
2026-07-29T01:32:20.615820437Z Sending message to node N10: {"term":1,"leaderId":"N0","prevLogIndex":3,"prevLogTerm":1,"leaderCommit":3,"level":"Shard","type":"AppendEntries","version":2}
2026-07-29T01:32:20.615816805Z Shard: follower N1 received: {"term":1,"leaderId":"N0","prevLogIndex":3,"prevLogTerm":1,"leaderCommit":3,"level":"Shard","type":"AppendEntries","version":2}
2026-07-29T01:32:20.615935597Z Node N1 Shard: commiting upto index 3
2026-07-29T01:32:20.616060189Z Sending message to node N0: {"term":1,"senderId":"N1","success":true,"matchIndex":3,"level":"Shard","type":"AppendEntriesReply","version":2}
2026-07-29T01:32:20.616242952Z Shard: follower N9 received: {"term":1,"leaderId":"N0","prevLogIndex":3,"prevLogTerm":1,"leaderCommit":3,"level":"Shard","type":"AppendEntries","version":2}
2026-07-29T01:32:20.616400806Z Node N9 Shard: commiting upto index 3
2026-07-29T01:32:20.616526376Z Shard: leader N0 received: {"term":1,"senderId":"N1","success":true,"matchIndex":3,"level":"Shard","type":"AppendEntriesReply","version":2}
2026-07-29T01:32:20.616559536Z Sending message to node N0: {"term":1,"senderId":"N9","success":true,"matchIndex":3,"level":"Shard","type":"AppendEntriesReply","version":2}
2026-07-29T01:32:20.616552581Z Shard: learner N10 received: {"term":1,"leaderId":"N0","prevLogIndex":3,"prevLogTerm":1,"leaderCommit":3,"level":"Shard","type":"AppendEntries","version":2}
2026-07-29T01:32:20.616678947Z Node N10 Shard: commiting upto index 3
2026-07-29T01:32:20.616823352Z Sending message to node N0: {"term":1,"senderId":"N10","success":true,"matchIndex":3,"level":"Shard","type":"AppendEntriesReply","version":2}
2026-07-29T01:32:20.616878571Z Shard: follower N2 received: {"term":1,"leaderId":"N0","prevLogIndex":3,"prevLogTerm":1,"leaderCommit":3,"level":"Shard","type":"AppendEntries","version":2}
2026-07-29T01:32:20.617036879Z Shard: leader N0 received: {"term":1,"senderId":"N9","success":true,"matchIndex":3,"level":"Shard","type":"AppendEntriesReply","version":2}
2026-07-29T01:32:20.617140688Z Node N2 Shard: commiting upto index 3
2026-07-29T01:32:20.617345503Z Sending message to node N0: {"term":1,"senderId":"N2","success":true,"matchIndex":3,"level":"Shard","type":"AppendEntriesReply","version":2}
2026-07-29T01:32:20.617486248Z Shard: leader N0 received: {"term":1,"senderId":"N10","success":true,"matchIndex":3,"level":"Shard","type":"AppendEntriesReply","version":2}
2026-07-29T01:32:20.617700739Z Shard: leader N0 received: {"term":1,"senderId":"N2","success":true,"matchIndex":3,"level":"Shard","type":"AppendEntriesReply","version":2}
2026-07-29T01:32:21.618049291Z Shard: Node N0 - Leader sending heartbeats.
2026-07-29T01:32:21.618344339Z Shard: leader node: N0 broadcasting append entries message
2026-07-29T01:32:21.618608105Z Sending message to node N1: {"term":1,"leaderId":"N0","prevLogIndex":3,"prevLogTerm":1,"leaderCommit":3,"level":"Shard","type":"AppendEntries","version":2}
2026-07-29T01:32:21.619268815Z Sending message to node N9: {"term":1,"leaderId":"N0","prevLogIndex":3,"prevLogTerm":1,"leaderCommit":3,"level":"Shard","type":"AppendEntries","version":2}
2026-07-29T01:32:21.619850540Z Sending message to node N2: {"term":1,"leaderId":"N0","prevLogIndex":3,"prevLogTerm":1,"leaderCommit":3,"level":"Shard","type":"AppendEntries","version":2}
2026-07-29T01:32:21.619941564Z Shard: follower N1 received: {"term":1,"leaderId":"N0","prevLogIndex":3,"prevLogTerm":1,"leaderCommit":3,"level":"Shard","type":"AppendEntries","version":2}
2026-07-29T01:32:21.620549126Z Node N1 Shard: commiting upto index 3
2026-07-29T01:32:21.620356836Z Sending message to node N10: {"term":1,"leaderId":"N0","prevLogIndex":3,"prevLogTerm":1,"leaderCommit":3,"level":"Shard","type":"AppendEntries","version":2}
2026-07-29T01:32:21.620860594Z Sending message to node N0: {"term":1,"senderId":"N1","success":true,"matchIndex":3,"level":"Shard","type":"AppendEntriesReply","version":2}
2026-07-29T01:32:21.622481592Z Shard: follower N9 received: {"term":1,"leaderId":"N0","prevLogIndex":3,"prevLogTerm":1,"leaderCommit":3,"level":"Shard","type":"AppendEntries","version":2}
2026-07-29T01:32:21.622495155Z Shard: follower N2 received: {"term":1,"leaderId":"N0","prevLogIndex":3,"prevLogTerm":1,"leaderCommit":3,"level":"Shard","type":"AppendEntries","version":2}
2026-07-29T01:32:21.622732133Z Node N9 Shard: commiting upto index 3
2026-07-29T01:32:21.622771453Z Node N2 Shard: commiting upto index 3
2026-07-29T01:32:21.622926604Z Sending message to node N0: {"term":1,"senderId":"N2","success":true,"matchIndex":3,"level":"Shard","type":"AppendEntriesReply","version":2}
2026-07-29T01:32:21.622910159Z Sending message to node N0: {"term":1,"senderId":"N9","success":true,"matchIndex":3,"level":"Shard","type":"AppendEntriesReply","version":2}
2026-07-29T01:32:21.623413627Z Shard: leader N0 received: {"term":1,"senderId":"N1","success":true,"matchIndex":3,"level":"Shard","type":"AppendEntriesReply","version":2}
2026-07-29T01:32:21.623584503Z Shard: leader N0 received: {"term":1,"senderId":"N2","success":true,"matchIndex":3,"level":"Shard","type":"AppendEntriesReply","version":2}
2026-07-29T01:32:21.624597476Z Shard: follower N10 received: {"term":1,"leaderId":"N0","prevLogIndex":3,"prevLogTerm":1,"leaderCommit":3,"level":"Shard","type":"AppendEntries","version":2}
2026-07-29T01:32:21.624868494Z Node N10 Shard: commiting upto index 3
2026-07-29T01:32:21.625114492Z Sending message to node N0: {"term":1,"senderId":"N10","success":true,"matchIndex":3,"level":"Shard","type":"AppendEntriesReply","version":2}
2026-07-29T01:32:21.625873832Z Shard: leader N0 received: {"term":1,"senderId":"N9","success":true,"matchIndex":3,"level":"Shard","type":"AppendEntriesReply","version":2}
2026-07-29T01:32:21.626125292Z Shard: leader N0 received: {"term":1,"senderId":"N10","success":true,"matchIndex":3,"level":"Shard","type":"AppendEntriesReply","version":2}
2026-07-29T01:32:22.626728983Z Shard: Node N0 - Leader sending heartbeats.
2026-07-29T01:32:22.626987846Z Shard: leader node: N0 broadcasting append entries message
2026-07-29T01:32:22.627270875Z Sending message to node N1: {"term":1,"leaderId":"N0","prevLogIndex":3,"prevLogTerm":1,"leaderCommit":3,"level":"Shard","type":"AppendEntries","version":2}
2026-07-29T01:32:22.627789536Z Sending message to node N9: {"term":1,"leaderId":"N0","prevLogIndex":3,"prevLogTerm":1,"leaderCommit":3,"level":"Shard","type":"AppendEntries","version":2}
2026-07-29T01:32:22.628226082Z Sending message to node N2: {"term":1,"leaderId":"N0","prevLogIndex":3,"prevLogTerm":1,"leaderCommit":3,"level":"Shard","type":"AppendEntries","version":2}
2026-07-29T01:32:22.628680475Z Sending message to node N10: {"term":1,"leaderId":"N0","prevLogIndex":3,"prevLogTerm":1,"leaderCommit":3,"level":"Shard","type":"AppendEntries","version":2}
2026-07-29T01:32:22.629266426Z Shard: follower N1 received: {"term":1,"leaderId":"N0","prevLogIndex":3,"prevLogTerm":1,"leaderCommit":3,"level":"Shard","type":"AppendEntries","version":2}
2026-07-29T01:32:22.630063051Z Node N1 Shard: commiting upto index 3
2026-07-29T01:32:22.630110985Z Shard: follower N2 received: {"term":1,"leaderId":"N0","prevLogIndex":3,"prevLogTerm":1,"leaderCommit":3,"level":"Shard","type":"AppendEntries","version":2}
2026-07-29T01:32:22.630094780Z Shard: follower N9 received: {"term":1,"leaderId":"N0","prevLogIndex":3,"prevLogTerm":1,"leaderCommit":3,"level":"Shard","type":"AppendEntries","version":2}
2026-07-29T01:32:22.630225498Z Sending message to node N0: {"term":1,"senderId":"N1","success":true,"matchIndex":3,"level":"Shard","type":"AppendEntriesReply","version":2}
2026-07-29T01:32:22.630171750Z Shard: follower N10 received: {"term":1,"leaderId":"N0","prevLogIndex":3,"prevLogTerm":1,"leaderCommit":3,"level":"Shard","type":"AppendEntries","version":2}
2026-07-29T01:32:22.630283914Z Node N2 Shard: commiting upto index 3
2026-07-29T01:32:22.630337469Z Node N9 Shard: commiting upto index 3
2026-07-29T01:32:22.630388879Z Sending message to node N0: {"term":1,"senderId":"N2","success":true,"matchIndex":3,"level":"Shard","type":"AppendEntriesReply","version":2}
2026-07-29T01:32:22.630455018Z Sending message to node N0: {"term":1,"senderId":"N9","success":true,"matchIndex":3,"level":"Shard","type":"AppendEntriesReply","version":2}
2026-07-29T01:32:22.630437943Z Node N10 Shard: commiting upto index 3
2026-07-29T01:32:22.630589938Z Sending message to node N0: {"term":1,"senderId":"N10","success":true,"matchIndex":3,"level":"Shard","type":"AppendEntriesReply","version":2}
2026-07-29T01:32:22.631176062Z Shard: leader N0 received: {"term":1,"senderId":"N1","success":true,"matchIndex":3,"level":"Shard","type":"AppendEntriesReply","version":2}
2026-07-29T01:32:22.631306862Z Shard: leader N0 received: {"term":1,"senderId":"N2","success":true,"matchIndex":3,"level":"Shard","type":"AppendEntriesReply","version":2}
2026-07-29T01:32:22.631398019Z Shard: leader N0 received: {"term":1,"senderId":"N9","success":true,"matchIndex":3,"level":"Shard","type":"AppendEntriesReply","version":2}
2026-07-29T01:32:22.631479303Z Shard: leader N0 received: {"term":1,"senderId":"N10","success":true,"matchIndex":3,"level":"Shard","type":"AppendEntriesReply","version":2}
2026-07-29T01:32:23.632132736Z Shard: Node N0 - Leader sending heartbeats.
2026-07-29T01:32:23.632668111Z Shard: leader node: N0 broadcasting append entries message
2026-07-29T01:32:23.633499184Z Sending message to node N1: {"term":1,"leaderId":"N0","prevLogIndex":3,"prevLogTerm":1,"leaderCommit":3,"level":"Shard","type":"AppendEntries","version":2}
2026-07-29T01:32:23.634733049Z Sending message to node N9: {"term":1,"leaderId":"N0","prevLogIndex":3,"prevLogTerm":1,"leaderCommit":3,"level":"Shard","type":"AppendEntries","version":2}
2026-07-29T01:32:23.635539809Z Sending message to node N2: {"term":1,"leaderId":"N0","prevLogIndex":3,"prevLogTerm":1,"leaderCommit":3,"level":"Shard","type":"AppendEntries","version":2}
2026-07-29T01:32:23.639604139Z Shard: follower N1 received: {"term":1,"leaderId":"N0","prevLogIndex":3,"prevLogTerm":1,"leaderCommit":3,"level":"Shard","type":"AppendEntries","version":2}
2026-07-29T01:32:23.639842217Z Node N1 Shard: commiting upto index 3
2026-07-29T01:32:23.640021016Z Sending message to node N0: {"term":1,"senderId":"N1","success":true,"matchIndex":3,"level":"Shard","type":"AppendEntriesReply","version":2}
2026-07-29T01:32:23.641157140Z Sending message to node N10: {"term":1,"leaderId":"N0","prevLogIndex":3,"prevLogTerm":1,"leaderCommit":3,"level":"Shard","type":"AppendEntries","version":2}
2026-07-29T01:32:23.640987945Z Shard: follower N9 received: {"term":1,"leaderId":"N0","prevLogIndex":3,"prevLogTerm":1,"leaderCommit":3,"level":"Shard","type":"AppendEntries","version":2}
2026-07-29T01:32:23.641397655Z Node N9 Shard: commiting upto index 3
2026-07-29T01:32:23.641621340Z Sending message to node N0: {"term":1,"senderId":"N9","success":true,"matchIndex":3,"level":"Shard","type":"AppendEntriesReply","version":2}
2026-07-29T01:32:23.641947955Z Shard: follower N2 received: {"term":1,"leaderId":"N0","prevLogIndex":3,"prevLogTerm":1,"leaderCommit":3,"level":"Shard","type":"AppendEntries","version":2}
2026-07-29T01:32:23.642399666Z Node N2 Shard: commiting upto index 3
2026-07-29T01:32:23.642721623Z Shard: leader N0 received: {"term":1,"senderId":"N1","success":true,"matchIndex":3,"level":"Shard","type":"AppendEntriesReply","version":2}
2026-07-29T01:32:23.643022811Z Shard: leader N0 received: {"term":1,"senderId":"N9","success":true,"matchIndex":3,"level":"Shard","type":"AppendEntriesReply","version":2}
2026-07-29T01:32:23.643003829Z Sending message to node N0: {"term":1,"senderId":"N2","success":true,"matchIndex":3,"level":"Shard","type":"AppendEntriesReply","version":2}
2026-07-29T01:32:23.643128772Z Shard: follower N10 received: {"term":1,"leaderId":"N0","prevLogIndex":3,"prevLogTerm":1,"leaderCommit":3,"level":"Shard","type":"AppendEntries","version":2}
2026-07-29T01:32:23.643326657Z Node N10 Shard: commiting upto index 3
2026-07-29T01:32:23.643541540Z Shard: leader N0 received: {"term":1,"senderId":"N2","success":true,"matchIndex":3,"level":"Shard","type":"AppendEntriesReply","version":2}
2026-07-29T01:32:23.643479819Z Sending message to node N0: {"term":1,"senderId":"N10","success":true,"matchIndex":3,"level":"Shard","type":"AppendEntriesReply","version":2}
2026-07-29T01:32:23.643896120Z Shard: leader N0 received: {"term":1,"senderId":"N10","success":true,"matchIndex":3,"level":"Shard","type":"AppendEntriesReply","version":2}
2026-07-29T01:32:24.644612822Z Shard: Node N0 - Leader sending heartbeats.
2026-07-29T01:32:24.645853669Z Shard: leader node: N0 broadcasting append entries message
2026-07-29T01:32:24.646389863Z Sending message to node N1: {"term":1,"leaderId":"N0","prevLogIndex":3,"prevLogTerm":1,"leaderCommit":3,"level":"Shard","type":"AppendEntries","version":2}
2026-07-29T01:32:24.647324286Z Sending message to node N9: {"term":1,"leaderId":"N0","prevLogIndex":3,"prevLogTerm":1,"leaderCommit":3,"level":"Shard","type":"AppendEntries","version":2}
2026-07-29T01:32:24.648889106Z Shard: follower N1 received: {"term":1,"leaderId":"N0","prevLogIndex":3,"prevLogTerm":1,"leaderCommit":3,"level":"Shard","type":"AppendEntries","version":2}
2026-07-29T01:32:24.649361258Z Node N1 Shard: commiting upto index 3
2026-07-29T01:32:24.649607001Z Sending message to node N0: {"term":1,"senderId":"N1","success":true,"matchIndex":3,"level":"Shard","type":"AppendEntriesReply","version":2}
2026-07-29T01:32:24.652258816Z Sending message to node N2: {"term":1,"leaderId":"N0","prevLogIndex":3,"prevLogTerm":1,"leaderCommit":3,"level":"Shard","type":"AppendEntries","version":2}
2026-07-29T01:32:24.652502018Z Sending message to node N10: {"term":1,"leaderId":"N0","prevLogIndex":3,"prevLogTerm":1,"leaderCommit":3,"level":"Shard","type":"AppendEntries","version":2}
2026-07-29T01:32:24.652724406Z Shard: leader N0 received: {"term":1,"senderId":"N1","success":true,"matchIndex":3,"level":"Shard","type":"AppendEntriesReply","version":2}
2026-07-29T01:32:24.653117189Z Shard: follower N9 received: {"term":1,"leaderId":"N0","prevLogIndex":3,"prevLogTerm":1,"leaderCommit":3,"level":"Shard","type":"AppendEntries","version":2}
2026-07-29T01:32:24.653129316Z Shard: follower N10 received: {"term":1,"leaderId":"N0","prevLogIndex":3,"prevLogTerm":1,"leaderCommit":3,"level":"Shard","type":"AppendEntries","version":2}
2026-07-29T01:32:24.653236351Z Node N9 Shard: commiting upto index 3
2026-07-29T01:32:24.653257096Z Node N10 Shard: commiting upto index 3
2026-07-29T01:32:24.653355015Z Sending message to node N0: {"term":1,"senderId":"N9","success":true,"matchIndex":3,"level":"Shard","type":"AppendEntriesReply","version":2}
2026-07-29T01:32:24.653336041Z Shard: follower N2 received: {"term":1,"leaderId":"N0","prevLogIndex":3,"prevLogTerm":1,"leaderCommit":3,"level":"Shard","type":"AppendEntries","version":2}
2026-07-29T01:32:24.653466879Z Sending message to node N0: {"term":1,"senderId":"N10","success":true,"matchIndex":3,"level":"Shard","type":"AppendEntriesReply","version":2}
2026-07-29T01:32:24.653501426Z Node N2 Shard: commiting upto index 3
2026-07-29T01:32:24.653686242Z Sending message to node N0: {"term":1,"senderId":"N2","success":true,"matchIndex":3,"level":"Shard","type":"AppendEntriesReply","version":2}
2026-07-29T01:32:24.654807983Z Shard: leader N0 received: {"term":1,"senderId":"N9","success":true,"matchIndex":3,"level":"Shard","type":"AppendEntriesReply","version":2}
2026-07-29T01:32:24.654897819Z Shard: leader N0 received: {"term":1,"senderId":"N10","success":true,"matchIndex":3,"level":"Shard","type":"AppendEntriesReply","version":2}
2026-07-29T01:32:24.657178271Z Shard: leader N0 received: {"term":1,"senderId":"N2","success":true,"matchIndex":3,"level":"Shard","type":"AppendEntriesReply","version":2}
2026-07-29T01:32:25.657547357Z Shard: Node N0 - Leader sending heartbeats.
2026-07-29T01:32:25.657642638Z Shard: leader node: N0 broadcasting append entries message
2026-07-29T01:32:25.657769753Z Sending message to node N1: {"term":1,"leaderId":"N0","prevLogIndex":3,"prevLogTerm":1,"leaderCommit":3,"level":"Shard","type":"AppendEntries","version":2}
2026-07-29T01:32:25.658254564Z Sending message to node N9: {"term":1,"leaderId":"N0","prevLogIndex":3,"prevLogTerm":1,"leaderCommit":3,"level":"Shard","type":"AppendEntries","version":2}
2026-07-29T01:32:25.658461438Z Sending message to node N2: {"term":1,"leaderId":"N0","prevLogIndex":3,"prevLogTerm":1,"leaderCommit":3,"level":"Shard","type":"AppendEntries","version":2}
2026-07-29T01:32:25.658600843Z Sending message to node N10: {"term":1,"leaderId":"N0","prevLogIndex":3,"prevLogTerm":1,"leaderCommit":3,"level":"Shard","type":"AppendEntries","version":2}
2026-07-29T01:32:25.658696973Z Shard: follower N1 received: {"term":1,"leaderId":"N0","prevLogIndex":3,"prevLogTerm":1,"leaderCommit":3,"level":"Shard","type":"AppendEntries","version":2}
2026-07-29T01:32:25.658786870Z Node N1 Shard: commiting upto index 3
2026-07-29T01:32:25.658851889Z Sending message to node N0: {"term":1,"senderId":"N1","success":true,"matchIndex":3,"level":"Shard","type":"AppendEntriesReply","version":2}
2026-07-29T01:32:25.659443914Z Shard: follower N2 received: {"term":1,"leaderId":"N0","prevLogIndex":3,"prevLogTerm":1,"leaderCommit":3,"level":"Shard","type":"AppendEntries","version":2}
2026-07-29T01:32:25.659520994Z Shard: follower N9 received: {"term":1,"leaderId":"N0","prevLogIndex":3,"prevLogTerm":1,"leaderCommit":3,"level":"Shard","type":"AppendEntries","version":2}
2026-07-29T01:32:25.659619658Z Node N2 Shard: commiting upto index 3
2026-07-29T01:32:25.659638840Z Node N9 Shard: commiting upto index 3
2026-07-29T01:32:25.659709487Z Sending message to node N0: {"term":1,"senderId":"N9","success":true,"matchIndex":3,"level":"Shard","type":"AppendEntriesReply","version":2}
2026-07-29T01:32:25.659755545Z Sending message to node N0: {"term":1,"senderId":"N2","success":true,"matchIndex":3,"level":"Shard","type":"AppendEntriesReply","version":2}
2026-07-29T01:32:25.660604304Z Shard: follower N10 received: {"term":1,"leaderId":"N0","prevLogIndex":3,"prevLogTerm":1,"leaderCommit":3,"level":"Shard","type":"AppendEntries","version":2}
2026-07-29T01:32:25.660712449Z Node N10 Shard: commiting upto index 3
2026-07-29T01:32:25.660848584Z Sending message to node N0: {"term":1,"senderId":"N10","success":true,"matchIndex":3,"level":"Shard","type":"AppendEntriesReply","version":2}
2026-07-29T01:32:25.661306032Z Shard: leader N0 received: {"term":1,"senderId":"N1","success":true,"matchIndex":3,"level":"Shard","type":"AppendEntriesReply","version":2}
2026-07-29T01:32:25.661384689Z Shard: leader N0 received: {"term":1,"senderId":"N9","success":true,"matchIndex":3,"level":"Shard","type":"AppendEntriesReply","version":2}
2026-07-29T01:32:25.661440353Z Shard: leader N0 received: {"term":1,"senderId":"N2","success":true,"matchIndex":3,"level":"Shard","type":"AppendEntriesReply","version":2}
2026-07-29T01:32:25.661596165Z Shard: leader N0 received: {"term":1,"senderId":"N10","success":true,"matchIndex":3,"level":"Shard","type":"AppendEntriesReply","version":2}
2026-07-29T01:32:26.662205047Z Shard: Node N0 - Leader sending heartbeats.
2026-07-29T01:32:26.662744961Z Shard: leader node: N0 broadcasting append entries message
2026-07-29T01:32:26.663336781Z Sending message to node N1: {"term":1,"leaderId":"N0","prevLogIndex":3,"prevLogTerm":1,"leaderCommit":3,"level":"Shard","type":"AppendEntries","version":2}
2026-07-29T01:32:26.664417374Z Sending message to node N9: {"term":1,"leaderId":"N0","prevLogIndex":3,"prevLogTerm":1,"leaderCommit":3,"level":"Shard","type":"AppendEntries","version":2}
2026-07-29T01:32:26.665207399Z Sending message to node N2: {"term":1,"leaderId":"N0","prevLogIndex":3,"prevLogTerm":1,"leaderCommit":3,"level":"Shard","type":"AppendEntries","version":2}
2026-07-29T01:32:26.665775381Z Sending message to node N10: {"term":1,"leaderId":"N0","prevLogIndex":3,"prevLogTerm":1,"leaderCommit":3,"level":"Shard","type":"AppendEntries","version":2}
2026-07-29T01:32:26.666118933Z Shard: follower N1 received: {"term":1,"leaderId":"N0","prevLogIndex":3,"prevLogTerm":1,"leaderCommit":3,"level":"Shard","type":"AppendEntries","version":2}
2026-07-29T01:32:26.666461247Z Node N1 Shard: commiting upto index 3
2026-07-29T01:32:26.666679171Z Sending message to node N0: {"term":1,"senderId":"N1","success":true,"matchIndex":3,"level":"Shard","type":"AppendEntriesReply","version":2}
2026-07-29T01:32:26.667434483Z Shard: follower N9 received: {"term":1,"leaderId":"N0","prevLogIndex":3,"prevLogTerm":1,"leaderCommit":3,"level":"Shard","type":"AppendEntries","version":2}
2026-07-29T01:32:26.667845113Z Node N9 Shard: commiting upto index 3
2026-07-29T01:32:26.667847633Z Shard: follower N2 received: {"term":1,"leaderId":"N0","prevLogIndex":3,"prevLogTerm":1,"leaderCommit":3,"level":"Shard","type":"AppendEntries","version":2}
2026-07-29T01:32:26.667944805Z Sending message to node N0: {"term":1,"senderId":"N9","success":true,"matchIndex":3,"level":"Shard","type":"AppendEntriesReply","version":2}
2026-07-29T01:32:26.668033517Z Shard: follower N10 received: {"term":1,"leaderId":"N0","prevLogIndex":3,"prevLogTerm":1,"leaderCommit":3,"level":"Shard","type":"AppendEntries","version":2}
2026-07-29T01:32:26.668234563Z Shard: leader N0 received: {"term":1,"senderId":"N1","success":true,"matchIndex":3,"level":"Shard","type":"AppendEntriesReply","version":2}
2026-07-29T01:32:26.668266178Z Node N2 Shard: commiting upto index 3
2026-07-29T01:32:26.668377703Z Sending message to node N0: {"term":1,"senderId":"N2","success":true,"matchIndex":3,"level":"Shard","type":"AppendEntriesReply","version":2}
2026-07-29T01:32:26.668324462Z Node N10 Shard: commiting upto index 3
2026-07-29T01:32:26.668599884Z Shard: leader N0 received: {"term":1,"senderId":"N9","success":true,"matchIndex":3,"level":"Shard","type":"AppendEntriesReply","version":2}
2026-07-29T01:32:26.668641650Z Sending message to node N0: {"term":1,"senderId":"N10","success":true,"matchIndex":3,"level":"Shard","type":"AppendEntriesReply","version":2}
2026-07-29T01:32:26.669114575Z Shard: leader N0 received: {"term":1,"senderId":"N2","success":true,"matchIndex":3,"level":"Shard","type":"AppendEntriesReply","version":2}
2026-07-29T01:32:26.669167494Z Shard: leader N0 received: {"term":1,"senderId":"N10","success":true,"matchIndex":3,"level":"Shard","type":"AppendEntriesReply","version":2}
2026-07-29T01:32:27.669631391Z Shard: Node N0 - Leader sending heartbeats.
2026-07-29T01:32:27.670115196Z Shard: leader node: N0 broadcasting append entries message
2026-07-29T01:32:27.671774148Z Sending message to node N1: {"term":1,"leaderId":"N0","prevLogIndex":3,"prevLogTerm":1,"leaderCommit":3,"level":"Shard","type":"AppendEntries","version":2}
2026-07-29T01:32:27.672839019Z Sending message to node N9: {"term":1,"leaderId":"N0","prevLogIndex":3,"prevLogTerm":1,"leaderCommit":3,"level":"Shard","type":"AppendEntries","version":2}
2026-07-29T01:32:27.673483680Z Sending message to node N2: {"term":1,"leaderId":"N0","prevLogIndex":3,"prevLogTerm":1,"leaderCommit":3,"level":"Shard","type":"AppendEntries","version":2}
2026-07-29T01:32:27.673975888Z Sending message to node N10: {"term":1,"leaderId":"N0","prevLogIndex":3,"prevLogTerm":1,"leaderCommit":3,"level":"Shard","type":"AppendEntries","version":2}
2026-07-29T01:32:27.677355812Z Shard: follower N10 received: {"term":1,"leaderId":"N0","prevLogIndex":3,"prevLogTerm":1,"leaderCommit":3,"level":"Shard","type":"AppendEntries","version":2}
2026-07-29T01:32:27.677698129Z Node N10 Shard: commiting upto index 3
2026-07-29T01:32:27.678212024Z Sending message to node N0: {"term":1,"senderId":"N10","success":true,"matchIndex":3,"level":"Shard","type":"AppendEntriesReply","version":2}
2026-07-29T01:32:27.678819359Z Shard: follower N1 received: {"term":1,"leaderId":"N0","prevLogIndex":3,"prevLogTerm":1,"leaderCommit":3,"level":"Shard","type":"AppendEntries","version":2}
2026-07-29T01:32:27.679036658Z Node N1 Shard: commiting upto index 3
2026-07-29T01:32:27.679201299Z Sending message to node N0: {"term":1,"senderId":"N1","success":true,"matchIndex":3,"level":"Shard","type":"AppendEntriesReply","version":2}
2026-07-29T01:32:27.679413473Z Shard: follower N9 received: {"term":1,"leaderId":"N0","prevLogIndex":3,"prevLogTerm":1,"leaderCommit":3,"level":"Shard","type":"AppendEntries","version":2}
2026-07-29T01:32:27.679487932Z Shard: follower N2 received: {"term":1,"leaderId":"N0","prevLogIndex":3,"prevLogTerm":1,"leaderCommit":3,"level":"Shard","type":"AppendEntries","version":2}
2026-07-29T01:32:27.679669403Z Node N2 Shard: commiting upto index 3
2026-07-29T01:32:27.679625326Z Node N9 Shard: commiting upto index 3
2026-07-29T01:32:27.679829659Z Sending message to node N0: {"term":1,"senderId":"N2","success":true,"matchIndex":3,"level":"Shard","type":"AppendEntriesReply","version":2}
2026-07-29T01:32:27.680065239Z Sending message to node N0: {"term":1,"senderId":"N9","success":true,"matchIndex":3,"level":"Shard","type":"AppendEntriesReply","version":2}
2026-07-29T01:32:27.681938642Z Shard: leader N0 received: {"term":1,"senderId":"N10","success":true,"matchIndex":3,"level":"Shard","type":"AppendEntriesReply","version":2}
2026-07-29T01:32:27.682259705Z Shard: leader N0 received: {"term":1,"senderId":"N1","success":true,"matchIndex":3,"level":"Shard","type":"AppendEntriesReply","version":2}
2026-07-29T01:32:27.682588968Z Shard: leader N0 received: {"term":1,"senderId":"N2","success":true,"matchIndex":3,"level":"Shard","type":"AppendEntriesReply","version":2}
2026-07-29T01:32:27.682879842Z Shard: leader N0 received: {"term":1,"senderId":"N9","success":true,"matchIndex":3,"level":"Shard","type":"AppendEntriesReply","version":2}
2026-07-29T01:32:28.683326346Z Shard: Node N0 - Leader sending heartbeats.
2026-07-29T01:32:28.683796505Z Shard: leader node: N0 broadcasting append entries message
2026-07-29T01:32:28.684205609Z Sending message to node N1: {"term":1,"leaderId":"N0","prevLogIndex":3,"prevLogTerm":1,"leaderCommit":3,"level":"Shard","type":"AppendEntries","version":2}
2026-07-29T01:32:28.685411609Z Sending message to node N9: {"term":1,"leaderId":"N0","prevLogIndex":3,"prevLogTerm":1,"leaderCommit":3,"level":"Shard","type":"AppendEntries","version":2}
2026-07-29T01:32:28.686118448Z Sending message to node N2: {"term":1,"leaderId":"N0","prevLogIndex":3,"prevLogTerm":1,"leaderCommit":3,"level":"Shard","type":"AppendEntries","version":2}
2026-07-29T01:32:28.689026728Z Shard: follower N1 received: {"term":1,"leaderId":"N0","prevLogIndex":3,"prevLogTerm":1,"leaderCommit":3,"level":"Shard","type":"AppendEntries","version":2}
2026-07-29T01:32:28.689476943Z Shard: follower N9 received: {"term":1,"leaderId":"N0","prevLogIndex":3,"prevLogTerm":1,"leaderCommit":3,"level":"Shard","type":"AppendEntries","version":2}
2026-07-29T01:32:28.689635447Z Node N1 Shard: commiting upto index 3
2026-07-29T01:32:28.689877939Z Sending message to node N0: {"term":1,"senderId":"N1","success":true,"matchIndex":3,"level":"Shard","type":"AppendEntriesReply","version":2}
2026-07-29T01:32:28.689829284Z Node N9 Shard: commiting upto index 3
2026-07-29T01:32:28.690124281Z Sending message to node N0: {"term":1,"senderId":"N9","success":true,"matchIndex":3,"level":"Shard","type":"AppendEntriesReply","version":2}
2026-07-29T01:32:28.690289434Z Sending message to node N10: {"term":1,"leaderId":"N0","prevLogIndex":3,"prevLogTerm":1,"leaderCommit":3,"level":"Shard","type":"AppendEntries","version":2}
2026-07-29T01:32:28.691211937Z Shard: leader N0 received: {"term":1,"senderId":"N1","success":true,"matchIndex":3,"level":"Shard","type":"AppendEntriesReply","version":2}
2026-07-29T01:32:28.691636258Z Shard: follower N2 received: {"term":1,"leaderId":"N0","prevLogIndex":3,"prevLogTerm":1,"leaderCommit":3,"level":"Shard","type":"AppendEntries","version":2}
2026-07-29T01:32:28.691737159Z Shard: leader N0 received: {"term":1,"senderId":"N9","success":true,"matchIndex":3,"level":"Shard","type":"AppendEntriesReply","version":2}
2026-07-29T01:32:28.691942290Z Node N2 Shard: commiting upto index 3
2026-07-29T01:32:28.692182298Z Sending message to node N0: {"term":1,"senderId":"N2","success":true,"matchIndex":3,"level":"Shard","type":"AppendEntriesReply","version":2}
2026-07-29T01:32:28.692188644Z Shard: follower N10 received: {"term":1,"leaderId":"N0","prevLogIndex":3,"prevLogTerm":1,"leaderCommit":3,"level":"Shard","type":"AppendEntries","version":2}
2026-07-29T01:32:28.692707255Z Node N10 Shard: commiting upto index 3
2026-07-29T01:32:28.693245816Z Sending message to node N0: {"term":1,"senderId":"N10","success":true,"matchIndex":3,"level":"Shard","type":"AppendEntriesReply","version":2}
2026-07-29T01:32:28.693842295Z Shard: leader N0 received: {"term":1,"senderId":"N2","success":true,"matchIndex":3,"level":"Shard","type":"AppendEntriesReply","version":2}
2026-07-29T01:32:28.694511184Z Shard: leader N0 received: {"term":1,"senderId":"N10","success":true,"matchIndex":3,"level":"Shard","type":"AppendEntriesReply","version":2}
2026-07-29T01:32:29.694971045Z Shard: Node N0 - Leader sending heartbeats.
2026-07-29T01:32:29.695115467Z Shard: leader node: N0 broadcasting append entries message
2026-07-29T01:32:29.695251199Z Sending message to node N1: {"term":1,"leaderId":"N0","prevLogIndex":3,"prevLogTerm":1,"leaderCommit":3,"level":"Shard","type":"AppendEntries","version":2}
2026-07-29T01:32:29.695737637Z Sending message to node N9: {"term":1,"leaderId":"N0","prevLogIndex":3,"prevLogTerm":1,"leaderCommit":3,"level":"Shard","type":"AppendEntries","version":2}
2026-07-29T01:32:29.696720712Z Sending message to node N2: {"term":1,"leaderId":"N0","prevLogIndex":3,"prevLogTerm":1,"leaderCommit":3,"level":"Shard","type":"AppendEntries","version":2}
2026-07-29T01:32:29.697366999Z Sending message to node N10: {"term":1,"leaderId":"N0","prevLogIndex":3,"prevLogTerm":1,"leaderCommit":3,"level":"Shard","type":"AppendEntries","version":2}
2026-07-29T01:32:29.697975636Z Shard: follower N1 received: {"term":1,"leaderId":"N0","prevLogIndex":3,"prevLogTerm":1,"leaderCommit":3,"level":"Shard","type":"AppendEntries","version":2}
2026-07-29T01:32:29.698179926Z Node N1 Shard: commiting upto index 3
2026-07-29T01:32:29.698308677Z Sending message to node N0: {"term":1,"senderId":"N1","success":true,"matchIndex":3,"level":"Shard","type":"AppendEntriesReply","version":2}
2026-07-29T01:32:29.698554334Z Shard: follower N9 received: {"term":1,"leaderId":"N0","prevLogIndex":3,"prevLogTerm":1,"leaderCommit":3,"level":"Shard","type":"AppendEntries","version":2}
2026-07-29T01:32:29.698774012Z Node N9 Shard: commiting upto index 3
2026-07-29T01:32:29.698910Z Sending message to node N0: {"term":1,"senderId":"N9","success":true,"matchIndex":3,"level":"Shard","type":"AppendEntriesReply","version":2}
2026-07-29T01:32:29.699356785Z Shard: leader N0 received: {"term":1,"senderId":"N1","success":true,"matchIndex":3,"level":"Shard","type":"AppendEntriesReply","version":2}
2026-07-29T01:32:29.699263002Z Shard: follower N2 received: {"term":1,"leaderId":"N0","prevLogIndex":3,"prevLogTerm":1,"leaderCommit":3,"level":"Shard","type":"AppendEntries","version":2}
2026-07-29T01:32:29.699450439Z Node N2 Shard: commiting upto index 3
2026-07-29T01:32:29.699475037Z Shard: leader N0 received: {"term":1,"senderId":"N9","success":true,"matchIndex":3,"level":"Shard","type":"AppendEntriesReply","version":2}
2026-07-29T01:32:29.699555230Z Sending message to node N0: {"term":1,"senderId":"N2","success":true,"matchIndex":3,"level":"Shard","type":"AppendEntriesReply","version":2}
2026-07-29T01:32:29.699552638Z Shard: follower N10 received: {"term":1,"leaderId":"N0","prevLogIndex":3,"prevLogTerm":1,"leaderCommit":3,"level":"Shard","type":"AppendEntries","version":2}
2026-07-29T01:32:29.699772272Z Node N10 Shard: commiting upto index 3
2026-07-29T01:32:29.699896685Z Sending message to node N0: {"term":1,"senderId":"N10","success":true,"matchIndex":3,"level":"Shard","type":"AppendEntriesReply","version":2}
2026-07-29T01:32:29.700543885Z Shard: leader N0 received: {"term":1,"senderId":"N2","success":true,"matchIndex":3,"level":"Shard","type":"AppendEntriesReply","version":2}
2026-07-29T01:32:29.700636422Z Shard: leader N0 received: {"term":1,"senderId":"N10","success":true,"matchIndex":3,"level":"Shard","type":"AppendEntriesReply","version":2}
2026-07-29T01:32:30.700940339Z Shard: Node N0 - Leader sending heartbeats.
2026-07-29T01:32:30.701256014Z Shard: leader node: N0 broadcasting append entries message
2026-07-29T01:32:30.701524631Z Sending message to node N1: {"term":1,"leaderId":"N0","prevLogIndex":3,"prevLogTerm":1,"leaderCommit":3,"level":"Shard","type":"AppendEntries","version":2}
2026-07-29T01:32:30.702278724Z Sending message to node N9: {"term":1,"leaderId":"N0","prevLogIndex":3,"prevLogTerm":1,"leaderCommit":3,"level":"Shard","type":"AppendEntries","version":2}
2026-07-29T01:32:30.702799423Z Sending message to node N2: {"term":1,"leaderId":"N0","prevLogIndex":3,"prevLogTerm":1,"leaderCommit":3,"level":"Shard","type":"AppendEntries","version":2}
2026-07-29T01:32:30.702877681Z Shard: follower N1 received: {"term":1,"leaderId":"N0","prevLogIndex":3,"prevLogTerm":1,"leaderCommit":3,"level":"Shard","type":"AppendEntries","version":2}
2026-07-29T01:32:30.703195114Z Sending message to node N10: {"term":1,"leaderId":"N0","prevLogIndex":3,"prevLogTerm":1,"leaderCommit":3,"level":"Shard","type":"AppendEntries","version":2}
2026-07-29T01:32:30.703402558Z Node N1 Shard: commiting upto index 3
2026-07-29T01:32:30.703563682Z Shard: follower N9 received: {"term":1,"leaderId":"N0","prevLogIndex":3,"prevLogTerm":1,"leaderCommit":3,"level":"Shard","type":"AppendEntries","version":2}
2026-07-29T01:32:30.703630283Z Sending message to node N0: {"term":1,"senderId":"N1","success":true,"matchIndex":3,"level":"Shard","type":"AppendEntriesReply","version":2}
2026-07-29T01:32:30.703814724Z Node N9 Shard: commiting upto index 3
2026-07-29T01:32:30.704169055Z Sending message to node N0: {"term":1,"senderId":"N9","success":true,"matchIndex":3,"level":"Shard","type":"AppendEntriesReply","version":2}
2026-07-29T01:32:30.704547840Z Shard: follower N10 received: {"term":1,"leaderId":"N0","prevLogIndex":3,"prevLogTerm":1,"leaderCommit":3,"level":"Shard","type":"AppendEntries","version":2}
2026-07-29T01:32:30.704815659Z Shard: follower N2 received: {"term":1,"leaderId":"N0","prevLogIndex":3,"prevLogTerm":1,"leaderCommit":3,"level":"Shard","type":"AppendEntries","version":2}
2026-07-29T01:32:30.705318496Z Node N2 Shard: commiting upto index 3
2026-07-29T01:32:30.705574718Z Node N10 Shard: commiting upto index 3
2026-07-29T01:32:30.705729112Z Sending message to node N0: {"term":1,"senderId":"N2","success":true,"matchIndex":3,"level":"Shard","type":"AppendEntriesReply","version":2}
2026-07-29T01:32:30.706198998Z Sending message to node N0: {"term":1,"senderId":"N10","success":true,"matchIndex":3,"level":"Shard","type":"AppendEntriesReply","version":2}
2026-07-29T01:32:30.706335360Z Shard: leader N0 received: {"term":1,"senderId":"N1","success":true,"matchIndex":3,"level":"Shard","type":"AppendEntriesReply","version":2}
2026-07-29T01:32:30.706522221Z Shard: leader N0 received: {"term":1,"senderId":"N9","success":true,"matchIndex":3,"level":"Shard","type":"AppendEntriesReply","version":2}
2026-07-29T01:32:30.707434165Z Shard: leader N0 received: {"term":1,"senderId":"N2","success":true,"matchIndex":3,"level":"Shard","type":"AppendEntriesReply","version":2}
2026-07-29T01:32:30.708007139Z Shard: leader N0 received: {"term":1,"senderId":"N10","success":true,"matchIndex":3,"level":"Shard","type":"AppendEntriesReply","version":2}
2026-07-29T01:32:31.616572973Z Shard: leader N0 received: {"nodes":{"N0":{"id":"N0","ip":"localhost","port":4567},"N1":{"id":"N1","ip":"localhost","port":4568},"N2":{"id":"N2","ip":"localhost","port":4569},"N9":{"id":"N9","ip":"localhost","port":4570}},"action":"Update","type":"Update","version":3}
2026-07-29T01:32:31.616719823Z Node N0 Shard level raft recieved config update request
2026-07-29T01:32:31.645279229Z Shard: follower N1 received: {"nodes":{"N0":{"id":"N0","ip":"localhost","port":4567},"N1":{"id":"N1","ip":"localhost","port":4568},"N2":{"id":"N2","ip":"localhost","port":4569},"N9":{"id":"N9","ip":"localhost","port":4570}},"action":"Update","type":"Update","version":3}
2026-07-29T01:32:31.645760759Z Node N1 Shard level raft recieved config update request
2026-07-29T01:32:31.647560300Z Shard: follower N2 received: {"nodes":{"N0":{"id":"N0","ip":"localhost","port":4567},"N1":{"id":"N1","ip":"localhost","port":4568},"N2":{"id":"N2","ip":"localhost","port":4569},"N9":{"id":"N9","ip":"localhost","port":4570}},"action":"Update","type":"Update","version":3}
2026-07-29T01:32:31.647974644Z Node N2 Shard level raft recieved config update request
2026-07-29T01:32:31.647944725Z Shard: follower N9 received: {"nodes":{"N0":{"id":"N0","ip":"localhost","port":4567},"N1":{"id":"N1","ip":"localhost","port":4568},"N2":{"id":"N2","ip":"localhost","port":4569},"N9":{"id":"N9","ip":"localhost","port":4570}},"action":"Update","type":"Update","version":3}
2026-07-29T01:32:31.648439963Z Node N9 Shard level raft recieved config update request
2026-07-29T01:32:32.616990940Z Shard: Node N0 - Leader sending heartbeats.
2026-07-29T01:32:32.617126662Z Shard: leader node: N0 broadcasting append entries message
2026-07-29T01:32:32.617321762Z Sending message to node N1: {"term":1,"leaderId":"N0","prevLogIndex":3,"prevLogTerm":1,"leaderCommit":3,"entries":[{"msg":{"nodes":{"N0":{"id":"N0","ip":"localhost","port":4567},"N1":{"id":"N1","ip":"localhost","port":4568},"N2":{"id":"N2","ip":"localhost","port":4569},"N9":{"id":"N9","ip":"localhost","port":4570}},"oldNodes":{"N0":{"id":"N0","ip":"localhost","port":4567},"N1":{"id":"N1","ip":"localhost","port":4568},"N9":{"id":"N9","ip":"localhost","port":4570},"N2":{"id":"N2","ip":"localhost","port":4569},"N10":{"id":"N10","ip":"localhost","port":4571}},"jointConfig":true,"targetVersion":3,"type":"RaftConfig","version":3},"term":1,"index":4}],"level":"Shard","type":"AppendEntries","version":2}
2026-07-29T01:32:32.617694570Z Sending message to node N9: {"term":1,"leaderId":"N0","prevLogIndex":3,"prevLogTerm":1,"leaderCommit":3,"entries":[{"msg":{"nodes":{"N0":{"id":"N0","ip":"localhost","port":4567},"N1":{"id":"N1","ip":"localhost","port":4568},"N2":{"id":"N2","ip":"localhost","port":4569},"N9":{"id":"N9","ip":"localhost","port":4570}},"oldNodes":{"N0":{"id":"N0","ip":"localhost","port":4567},"N1":{"id":"N1","ip":"localhost","port":4568},"N9":{"id":"N9","ip":"localhost","port":4570},"N2":{"id":"N2","ip":"localhost","port":4569},"N10":{"id":"N10","ip":"localhost","port":4571}},"jointConfig":true,"targetVersion":3,"type":"RaftConfig","version":3},"term":1,"index":4}],"level":"Shard","type":"AppendEntries","version":2}
2026-07-29T01:32:32.617954847Z Sending message to node N2: {"term":1,"leaderId":"N0","prevLogIndex":3,"prevLogTerm":1,"leaderCommit":3,"entries":[{"msg":{"nodes":{"N0":{"id":"N0","ip":"localhost","port":4567},"N1":{"id":"N1","ip":"localhost","port":4568},"N2":{"id":"N2","ip":"localhost","port":4569},"N9":{"id":"N9","ip":"localhost","port":4570}},"oldNodes":{"N0":{"id":"N0","ip":"localhost","port":4567},"N1":{"id":"N1","ip":"localhost","port":4568},"N9":{"id":"N9","ip":"localhost","port":4570},"N2":{"id":"N2","ip":"localhost","port":4569},"N10":{"id":"N10","ip":"localhost","port":4571}},"jointConfig":true,"targetVersion":3,"type":"RaftConfig","version":3},"term":1,"index":4}],"level":"Shard","type":"AppendEntries","version":2}
2026-07-29T01:32:32.618146250Z Sending message to node N10: {"term":1,"leaderId":"N0","prevLogIndex":3,"prevLogTerm":1,"leaderCommit":3,"entries":[{"msg":{"nodes":{"N0":{"id":"N0","ip":"localhost","port":4567},"N1":{"id":"N1","ip":"localhost","port":4568},"N2":{"id":"N2","ip":"localhost","port":4569},"N9":{"id":"N9","ip":"localhost","port":4570}},"oldNodes":{"N0":{"id":"N0","ip":"localhost","port":4567},"N1":{"id":"N1","ip":"localhost","port":4568},"N9":{"id":"N9","ip":"localhost","port":4570},"N2":{"id":"N2","ip":"localhost","port":4569},"N10":{"id":"N10","ip":"localhost","port":4571}},"jointConfig":true,"targetVersion":3,"type":"RaftConfig","version":3},"term":1,"index":4}],"level":"Shard","type":"AppendEntries","version":2}
2026-07-29T01:32:32.618266222Z failed to send message to node N10
2026-07-29T01:32:32.618880511Z Shard: follower N1 received: {"term":1,"leaderId":"N0","prevLogIndex":3,"prevLogTerm":1,"leaderCommit":3,"entries":[{"msg":{"nodes":{"N0":{"id":"N0","ip":"localhost","port":4567},"N1":{"id":"N1","ip":"localhost","port":4568},"N2":{"id":"N2","ip":"localhost","port":4569},"N9":{"id":"N9","ip":"localhost","port":4570}},"oldNodes":{"N0":{"id":"N0","ip":"localhost","port":4567},"N1":{"id":"N1","ip":"localhost","port":4568},"N9":{"id":"N9","ip":"localhost","port":4570},"N2":{"id":"N2","ip":"localhost","port":4569},"N10":{"id":"N10","ip":"localhost","port":4571}},"jointConfig":true,"targetVersion":3,"type":"RaftConfig","version":3},"term":1,"index":4}],"level":"Shard","type":"AppendEntries","version":2}
2026-07-29T01:32:32.619058657Z Node N1 Shard: commiting upto index 3
2026-07-29T01:32:32.619036410Z Shard: follower N2 received: {"term":1,"leaderId":"N0","prevLogIndex":3,"prevLogTerm":1,"leaderCommit":3,"entries":[{"msg":{"nodes":{"N0":{"id":"N0","ip":"localhost","port":4567},"N1":{"id":"N1","ip":"localhost","port":4568},"N2":{"id":"N2","ip":"localhost","port":4569},"N9":{"id":"N9","ip":"localhost","port":4570}},"oldNodes":{"N0":{"id":"N0","ip":"localhost","port":4567},"N1":{"id":"N1","ip":"localhost","port":4568},"N9":{"id":"N9","ip":"localhost","port":4570},"N2":{"id":"N2","ip":"localhost","port":4569},"N10":{"id":"N10","ip":"localhost","port":4571}},"jointConfig":true,"targetVersion":3,"type":"RaftConfig","version":3},"term":1,"index":4}],"level":"Shard","type":"AppendEntries","version":2}
2026-07-29T01:32:32.619152146Z Sending message to node N0: {"term":1,"senderId":"N1","success":true,"matchIndex":4,"level":"Shard","type":"AppendEntriesReply","version":2}
2026-07-29T01:32:32.619155080Z Node N2 Shard: commiting upto index 3
2026-07-29T01:32:32.619222142Z Sending message to node N0: {"term":1,"senderId":"N2","success":true,"matchIndex":4,"level":"Shard","type":"AppendEntriesReply","version":2}
2026-07-29T01:32:32.619339522Z Shard: follower N9 received: {"term":1,"leaderId":"N0","prevLogIndex":3,"prevLogTerm":1,"leaderCommit":3,"entries":[{"msg":{"nodes":{"N0":{"id":"N0","ip":"localhost","port":4567},"N1":{"id":"N1","ip":"localhost","port":4568},"N2":{"id":"N2","ip":"localhost","port":4569},"N9":{"id":"N9","ip":"localhost","port":4570}},"oldNodes":{"N0":{"id":"N0","ip":"localhost","port":4567},"N1":{"id":"N1","ip":"localhost","port":4568},"N9":{"id":"N9","ip":"localhost","port":4570},"N2":{"id":"N2","ip":"localhost","port":4569},"N10":{"id":"N10","ip":"localhost","port":4571}},"jointConfig":true,"targetVersion":3,"type":"RaftConfig","version":3},"term":1,"index":4}],"level":"Shard","type":"AppendEntries","version":2}
2026-07-29T01:32:32.619665644Z Node N9 Shard: commiting upto index 3
2026-07-29T01:32:32.620125026Z Shard: leader N0 received: {"term":1,"senderId":"N1","success":true,"matchIndex":4,"level":"Shard","type":"AppendEntriesReply","version":2}
2026-07-29T01:32:32.620039374Z Sending message to node N0: {"term":1,"senderId":"N9","success":true,"matchIndex":4,"level":"Shard","type":"AppendEntriesReply","version":2}
2026-07-29T01:32:32.620556386Z Shard: leader N0 received: {"term":1,"senderId":"N2","success":true,"matchIndex":4,"level":"Shard","type":"AppendEntriesReply","version":2}
2026-07-29T01:32:32.621110153Z Shard: leader N0 received: {"term":1,"senderId":"N9","success":true,"matchIndex":4,"level":"Shard","type":"AppendEntriesReply","version":2}
2026-07-29T01:32:32.621173612Z Node N0 Shard: commiting upto index 4
2026-07-29T01:32:32.621222724Z Shard: leader node: N0 broadcasting append entries message
2026-07-29T01:32:32.621281001Z Sending message to node N1: {"term":1,"leaderId":"N0","prevLogIndex":4,"prevLogTerm":1,"leaderCommit":4,"entries":[{"msg":{"nodes":{"N0":{"id":"N0","ip":"localhost","port":4567},"N1":{"id":"N1","ip":"localhost","port":4568},"N2":{"id":"N2","ip":"localhost","port":4569},"N9":{"id":"N9","ip":"localhost","port":4570}},"jointConfig":false,"targetVersion":3,"type":"RaftConfig","version":3},"term":1,"index":5}],"level":"Shard","type":"AppendEntries","version":2}
2026-07-29T01:32:32.621474082Z Sending message to node N9: {"term":1,"leaderId":"N0","prevLogIndex":4,"prevLogTerm":1,"leaderCommit":4,"entries":[{"msg":{"nodes":{"N0":{"id":"N0","ip":"localhost","port":4567},"N1":{"id":"N1","ip":"localhost","port":4568},"N2":{"id":"N2","ip":"localhost","port":4569},"N9":{"id":"N9","ip":"localhost","port":4570}},"jointConfig":false,"targetVersion":3,"type":"RaftConfig","version":3},"term":1,"index":5}],"level":"Shard","type":"AppendEntries","version":2}
2026-07-29T01:32:32.621627553Z Sending message to node N2: {"term":1,"leaderId":"N0","prevLogIndex":4,"prevLogTerm":1,"leaderCommit":4,"entries":[{"msg":{"nodes":{"N0":{"id":"N0","ip":"localhost","port":4567},"N1":{"id":"N1","ip":"localhost","port":4568},"N2":{"id":"N2","ip":"localhost","port":4569},"N9":{"id":"N9","ip":"localhost","port":4570}},"jointConfig":false,"targetVersion":3,"type":"RaftConfig","version":3},"term":1,"index":5}],"level":"Shard","type":"AppendEntries","version":2}
2026-07-29T01:32:32.621794870Z Sending message to node N10: {"term":1,"leaderId":"N0","prevLogIndex":3,"prevLogTerm":1,"leaderCommit":4,"entries":[{"msg":{"nodes":{"N0":{"id":"N0","ip":"localhost","port":4567},"N1":{"id":"N1","ip":"localhost","port":4568},"N2":{"id":"N2","ip":"localhost","port":4569},"N9":{"id":"N9","ip":"localhost","port":4570}},"oldNodes":{"N0":{"id":"N0","ip":"localhost","port":4567},"N1":{"id":"N1","ip":"localhost","port":4568},"N9":{"id":"N9","ip":"localhost","port":4570},"N2":{"id":"N2","ip":"localhost","port":4569},"N10":{"id":"N10","ip":"localhost","port":4571}},"jointConfig":true,"targetVersion":3,"type":"RaftConfig","version":3},"term":1,"index":4},{"msg":{"nodes":{"N0":{"id":"N0","ip":"localhost","port":4567},"N1":{"id":"N1","ip":"localhost","port":4568},"N2":{"id":"N2","ip":"localhost","port":4569},"N9":{"id":"N9","ip":"localhost","port":4570}},"jointConfig":false,"targetVersion":3,"type":"RaftConfig","version":3},"term":1,"index":5}],"level":"Shard","type":"AppendEntries","version":2}
2026-07-29T01:32:32.621882078Z failed to send message to node N10
2026-07-29T01:32:32.622795092Z Shard: follower N1 received: {"term":1,"leaderId":"N0","prevLogIndex":4,"prevLogTerm":1,"leaderCommit":4,"entries":[{"msg":{"nodes":{"N0":{"id":"N0","ip":"localhost","port":4567},"N1":{"id":"N1","ip":"localhost","port":4568},"N2":{"id":"N2","ip":"localhost","port":4569},"N9":{"id":"N9","ip":"localhost","port":4570}},"jointConfig":false,"targetVersion":3,"type":"RaftConfig","version":3},"term":1,"index":5}],"level":"Shard","type":"AppendEntries","version":2}
2026-07-29T01:32:32.622889068Z Node N1 Shard: commiting upto index 4
2026-07-29T01:32:32.622810273Z Shard: follower N9 received: {"term":1,"leaderId":"N0","prevLogIndex":4,"prevLogTerm":1,"leaderCommit":4,"entries":[{"msg":{"nodes":{"N0":{"id":"N0","ip":"localhost","port":4567},"N1":{"id":"N1","ip":"localhost","port":4568},"N2":{"id":"N2","ip":"localhost","port":4569},"N9":{"id":"N9","ip":"localhost","port":4570}},"jointConfig":false,"targetVersion":3,"type":"RaftConfig","version":3},"term":1,"index":5}],"level":"Shard","type":"AppendEntries","version":2}
2026-07-29T01:32:32.622981411Z Sending message to node N0: {"term":1,"senderId":"N1","success":true,"matchIndex":5,"level":"Shard","type":"AppendEntriesReply","version":2}
2026-07-29T01:32:32.622949643Z Shard: follower N2 received: {"term":1,"leaderId":"N0","prevLogIndex":4,"prevLogTerm":1,"leaderCommit":4,"entries":[{"msg":{"nodes":{"N0":{"id":"N0","ip":"localhost","port":4567},"N1":{"id":"N1","ip":"localhost","port":4568},"N2":{"id":"N2","ip":"localhost","port":4569},"N9":{"id":"N9","ip":"localhost","port":4570}},"jointConfig":false,"targetVersion":3,"type":"RaftConfig","version":3},"term":1,"index":5}],"level":"Shard","type":"AppendEntries","version":2}
2026-07-29T01:32:32.623055516Z Node N2 Shard: commiting upto index 4
2026-07-29T01:32:32.623096543Z Node N9 Shard: commiting upto index 4
2026-07-29T01:32:32.623152152Z Sending message to node N0: {"term":1,"senderId":"N2","success":true,"matchIndex":5,"level":"Shard","type":"AppendEntriesReply","version":2}
2026-07-29T01:32:32.623295914Z Sending message to node N0: {"term":1,"senderId":"N9","success":true,"matchIndex":5,"level":"Shard","type":"AppendEntriesReply","version":2}
2026-07-29T01:32:32.623620708Z Shard: leader N0 received: {"term":1,"senderId":"N1","success":true,"matchIndex":5,"level":"Shard","type":"AppendEntriesReply","version":2}
2026-07-29T01:32:32.623726494Z Shard: leader N0 received: {"term":1,"senderId":"N2","success":true,"matchIndex":5,"level":"Shard","type":"AppendEntriesReply","version":2}
2026-07-29T01:32:32.623854899Z Shard: leader N0 received: {"term":1,"senderId":"N9","success":true,"matchIndex":5,"level":"Shard","type":"AppendEntriesReply","version":2}
2026-07-29T01:32:32.623926683Z Node N0 Shard: commiting upto index 5
2026-07-29T01:32:32.623982645Z Shard: leader node: N0 broadcasting append entries message
2026-07-29T01:32:32.624033638Z Sending message to node N1: {"term":1,"leaderId":"N0","prevLogIndex":5,"prevLogTerm":1,"leaderCommit":5,"level":"Shard","type":"AppendEntries","version":3}
2026-07-29T01:32:32.624228517Z Sending message to node N9: {"term":1,"leaderId":"N0","prevLogIndex":5,"prevLogTerm":1,"leaderCommit":5,"level":"Shard","type":"AppendEntries","version":3}
2026-07-29T01:32:32.624390766Z Sending message to node N2: {"term":1,"leaderId":"N0","prevLogIndex":5,"prevLogTerm":1,"leaderCommit":5,"level":"Shard","type":"AppendEntries","version":3}
2026-07-29T01:32:32.624740388Z Shard: follower N1 received: {"term":1,"leaderId":"N0","prevLogIndex":5,"prevLogTerm":1,"leaderCommit":5,"level":"Shard","type":"AppendEntries","version":3}
2026-07-29T01:32:32.624881354Z Node N1 Shard: commiting upto index 5
2026-07-29T01:32:32.625028778Z Sending message to node N0: {"term":1,"senderId":"N1","success":true,"matchIndex":5,"level":"Shard","type":"AppendEntriesReply","version":3}
2026-07-29T01:32:32.624992083Z Shard: follower N9 received: {"term":1,"leaderId":"N0","prevLogIndex":5,"prevLogTerm":1,"leaderCommit":5,"level":"Shard","type":"AppendEntries","version":3}
2026-07-29T01:32:32.625144997Z Node N9 Shard: commiting upto index 5
2026-07-29T01:32:32.625248475Z Shard: follower N2 received: {"term":1,"leaderId":"N0","prevLogIndex":5,"prevLogTerm":1,"leaderCommit":5,"level":"Shard","type":"AppendEntries","version":3}
2026-07-29T01:32:32.625373849Z Node N2 Shard: commiting upto index 5
2026-07-29T01:32:32.625367872Z Sending message to node N0: {"term":1,"senderId":"N9","success":true,"matchIndex":5,"level":"Shard","type":"AppendEntriesReply","version":3}
2026-07-29T01:32:32.625529808Z Sending message to node N0: {"term":1,"senderId":"N2","success":true,"matchIndex":5,"level":"Shard","type":"AppendEntriesReply","version":3}
2026-07-29T01:32:32.625748017Z Shard: leader N0 received: {"term":1,"senderId":"N1","success":true,"matchIndex":5,"level":"Shard","type":"AppendEntriesReply","version":3}
2026-07-29T01:32:32.625917674Z Shard: leader N0 received: {"term":1,"senderId":"N9","success":true,"matchIndex":5,"level":"Shard","type":"AppendEntriesReply","version":3}
2026-07-29T01:32:32.626084832Z Shard: leader N0 received: {"term":1,"senderId":"N2","success":true,"matchIndex":5,"level":"Shard","type":"AppendEntriesReply","version":3}
2026-07-29T01:32:33.626436115Z Shard: Node N0 - Leader sending heartbeats.
2026-07-29T01:32:33.626684188Z Shard: leader node: N0 broadcasting append entries message
2026-07-29T01:32:33.626918090Z Sending message to node N1: {"term":1,"leaderId":"N0","prevLogIndex":5,"prevLogTerm":1,"leaderCommit":5,"level":"Shard","type":"AppendEntries","version":3}
2026-07-29T01:32:33.627424680Z Sending message to node N9: {"term":1,"leaderId":"N0","prevLogIndex":5,"prevLogTerm":1,"leaderCommit":5,"level":"Shard","type":"AppendEntries","version":3}
2026-07-29T01:32:33.627731358Z Sending message to node N2: {"term":1,"leaderId":"N0","prevLogIndex":5,"prevLogTerm":1,"leaderCommit":5,"level":"Shard","type":"AppendEntries","version":3}
2026-07-29T01:32:33.627862055Z Shard: follower N1 received: {"term":1,"leaderId":"N0","prevLogIndex":5,"prevLogTerm":1,"leaderCommit":5,"level":"Shard","type":"AppendEntries","version":3}
2026-07-29T01:32:33.628161369Z Node N1 Shard: commiting upto index 5
2026-07-29T01:32:33.628325257Z Sending message to node N0: {"term":1,"senderId":"N1","success":true,"matchIndex":5,"level":"Shard","type":"AppendEntriesReply","version":3}
2026-07-29T01:32:33.628662597Z Shard: follower N9 received: {"term":1,"leaderId":"N0","prevLogIndex":5,"prevLogTerm":1,"leaderCommit":5,"level":"Shard","type":"AppendEntries","version":3}
2026-07-29T01:32:33.628880408Z Node N9 Shard: commiting upto index 5
2026-07-29T01:32:33.629021339Z Sending message to node N0: {"term":1,"senderId":"N9","success":true,"matchIndex":5,"level":"Shard","type":"AppendEntriesReply","version":3}
2026-07-29T01:32:33.628933814Z Shard: follower N2 received: {"term":1,"leaderId":"N0","prevLogIndex":5,"prevLogTerm":1,"leaderCommit":5,"level":"Shard","type":"AppendEntries","version":3}
2026-07-29T01:32:33.629294349Z Node N2 Shard: commiting upto index 5
2026-07-29T01:32:33.629451449Z Shard: leader N0 received: {"term":1,"senderId":"N1","success":true,"matchIndex":5,"level":"Shard","type":"AppendEntriesReply","version":3}
2026-07-29T01:32:33.629468505Z Sending message to node N0: {"term":1,"senderId":"N2","success":true,"matchIndex":5,"level":"Shard","type":"AppendEntriesReply","version":3}
2026-07-29T01:32:33.629642012Z Shard: leader N0 received: {"term":1,"senderId":"N9","success":true,"matchIndex":5,"level":"Shard","type":"AppendEntriesReply","version":3}
2026-07-29T01:32:33.629908662Z Shard: leader N0 received: {"term":1,"senderId":"N2","success":true,"matchIndex":5,"level":"Shard","type":"AppendEntriesReply","version":3}
2026-07-29T01:32:34.630152590Z Shard: Node N0 - Leader sending heartbeats.
2026-07-29T01:32:34.630372809Z Shard: leader node: N0 broadcasting append entries message
2026-07-29T01:32:34.630539977Z Sending message to node N1: {"term":1,"leaderId":"N0","prevLogIndex":5,"prevLogTerm":1,"leaderCommit":5,"level":"Shard","type":"AppendEntries","version":3}
2026-07-29T01:32:34.630939727Z Sending message to node N9: {"term":1,"leaderId":"N0","prevLogIndex":5,"prevLogTerm":1,"leaderCommit":5,"level":"Shard","type":"AppendEntries","version":3}
2026-07-29T01:32:34.631256912Z Sending message to node N2: {"term":1,"leaderId":"N0","prevLogIndex":5,"prevLogTerm":1,"leaderCommit":5,"level":"Shard","type":"AppendEntries","version":3}
2026-07-29T01:32:34.632690946Z Shard: follower N1 received: {"term":1,"leaderId":"N0","prevLogIndex":5,"prevLogTerm":1,"leaderCommit":5,"level":"Shard","type":"AppendEntries","version":3}
2026-07-29T01:32:34.632677261Z Shard: follower N9 received: {"term":1,"leaderId":"N0","prevLogIndex":5,"prevLogTerm":1,"leaderCommit":5,"level":"Shard","type":"AppendEntries","version":3}
2026-07-29T01:32:34.632860436Z Node N9 Shard: commiting upto index 5
2026-07-29T01:32:34.632908813Z Node N1 Shard: commiting upto index 5
2026-07-29T01:32:34.632883316Z Shard: follower N2 received: {"term":1,"leaderId":"N0","prevLogIndex":5,"prevLogTerm":1,"leaderCommit":5,"level":"Shard","type":"AppendEntries","version":3}
2026-07-29T01:32:34.633110289Z Sending message to node N0: {"term":1,"senderId":"N1","success":true,"matchIndex":5,"level":"Shard","type":"AppendEntriesReply","version":3}
2026-07-29T01:32:34.633110801Z Node N2 Shard: commiting upto index 5
2026-07-29T01:32:34.633217220Z Sending message to node N0: {"term":1,"senderId":"N2","success":true,"matchIndex":5,"level":"Shard","type":"AppendEntriesReply","version":3}
2026-07-29T01:32:34.633338766Z Sending message to node N0: {"term":1,"senderId":"N9","success":true,"matchIndex":5,"level":"Shard","type":"AppendEntriesReply","version":3}
2026-07-29T01:32:34.633719560Z Shard: leader N0 received: {"term":1,"senderId":"N1","success":true,"matchIndex":5,"level":"Shard","type":"AppendEntriesReply","version":3}
2026-07-29T01:32:34.633889266Z Shard: leader N0 received: {"term":1,"senderId":"N2","success":true,"matchIndex":5,"level":"Shard","type":"AppendEntriesReply","version":3}
2026-07-29T01:32:34.633972433Z Shard: leader N0 received: {"term":1,"senderId":"N9","success":true,"matchIndex":5,"level":"Shard","type":"AppendEntriesReply","version":3}
2026-07-29T01:32:35.634149369Z Shard: Node N0 - Leader sending heartbeats.
2026-07-29T01:32:35.634275195Z Shard: leader node: N0 broadcasting append entries message
2026-07-29T01:32:35.634366217Z Sending message to node N1: {"term":1,"leaderId":"N0","prevLogIndex":5,"prevLogTerm":1,"leaderCommit":5,"level":"Shard","type":"AppendEntries","version":3}
2026-07-29T01:32:35.634619317Z Sending message to node N9: {"term":1,"leaderId":"N0","prevLogIndex":5,"prevLogTerm":1,"leaderCommit":5,"level":"Shard","type":"AppendEntries","version":3}
2026-07-29T01:32:35.634789918Z Sending message to node N2: {"term":1,"leaderId":"N0","prevLogIndex":5,"prevLogTerm":1,"leaderCommit":5,"level":"Shard","type":"AppendEntries","version":3}
2026-07-29T01:32:35.634901269Z Shard: follower N1 received: {"term":1,"leaderId":"N0","prevLogIndex":5,"prevLogTerm":1,"leaderCommit":5,"level":"Shard","type":"AppendEntries","version":3}
2026-07-29T01:32:35.635045233Z Node N1 Shard: commiting upto index 5
2026-07-29T01:32:35.635135754Z Sending message to node N0: {"term":1,"senderId":"N1","success":true,"matchIndex":5,"level":"Shard","type":"AppendEntriesReply","version":3}
2026-07-29T01:32:35.635158496Z Shard: follower N9 received: {"term":1,"leaderId":"N0","prevLogIndex":5,"prevLogTerm":1,"leaderCommit":5,"level":"Shard","type":"AppendEntries","version":3}
2026-07-29T01:32:35.635310488Z Node N9 Shard: commiting upto index 5
2026-07-29T01:32:35.635421644Z Sending message to node N0: {"term":1,"senderId":"N9","success":true,"matchIndex":5,"level":"Shard","type":"AppendEntriesReply","version":3}
2026-07-29T01:32:35.635538738Z Shard: follower N2 received: {"term":1,"leaderId":"N0","prevLogIndex":5,"prevLogTerm":1,"leaderCommit":5,"level":"Shard","type":"AppendEntries","version":3}
2026-07-29T01:32:35.635663405Z Node N2 Shard: commiting upto index 5
2026-07-29T01:32:35.635729730Z Sending message to node N0: {"term":1,"senderId":"N2","success":true,"matchIndex":5,"level":"Shard","type":"AppendEntriesReply","version":3}
2026-07-29T01:32:35.635743696Z Shard: leader N0 received: {"term":1,"senderId":"N1","success":true,"matchIndex":5,"level":"Shard","type":"AppendEntriesReply","version":3}
2026-07-29T01:32:35.635851919Z Shard: leader N0 received: {"term":1,"senderId":"N9","success":true,"matchIndex":5,"level":"Shard","type":"AppendEntriesReply","version":3}
2026-07-29T01:32:35.636135297Z Shard: leader N0 received: {"term":1,"senderId":"N2","success":true,"matchIndex":5,"level":"Shard","type":"AppendEntriesReply","version":3}
2026-07-29T01:32:36.636588311Z Shard: Node N0 - Leader sending heartbeats.
2026-07-29T01:32:36.637213931Z Shard: leader node: N0 broadcasting append entries message
2026-07-29T01:32:36.637792223Z Sending message to node N1: {"term":1,"leaderId":"N0","prevLogIndex":5,"prevLogTerm":1,"leaderCommit":5,"level":"Shard","type":"AppendEntries","version":3}
2026-07-29T01:32:36.638771322Z Sending message to node N9: {"term":1,"leaderId":"N0","prevLogIndex":5,"prevLogTerm":1,"leaderCommit":5,"level":"Shard","type":"AppendEntries","version":3}
2026-07-29T01:32:36.639487041Z Sending message to node N2: {"term":1,"leaderId":"N0","prevLogIndex":5,"prevLogTerm":1,"leaderCommit":5,"level":"Shard","type":"AppendEntries","version":3}
2026-07-29T01:32:36.639503338Z Shard: follower N1 received: {"term":1,"leaderId":"N0","prevLogIndex":5,"prevLogTerm":1,"leaderCommit":5,"level":"Shard","type":"AppendEntries","version":3}
2026-07-29T01:32:36.639847405Z Node N1 Shard: commiting upto index 5
2026-07-29T01:32:36.640084725Z Sending message to node N0: {"term":1,"senderId":"N1","success":true,"matchIndex":5,"level":"Shard","type":"AppendEntriesReply","version":3}
2026-07-29T01:32:36.640512084Z Shard: follower N9 received: {"term":1,"leaderId":"N0","prevLogIndex":5,"prevLogTerm":1,"leaderCommit":5,"level":"Shard","type":"AppendEntries","version":3}
2026-07-29T01:32:36.641036805Z Node N9 Shard: commiting upto index 5
2026-07-29T01:32:36.641236189Z Shard: follower N2 received: {"term":1,"leaderId":"N0","prevLogIndex":5,"prevLogTerm":1,"leaderCommit":5,"level":"Shard","type":"AppendEntries","version":3}
2026-07-29T01:32:36.641404900Z Sending message to node N0: {"term":1,"senderId":"N9","success":true,"matchIndex":5,"level":"Shard","type":"AppendEntriesReply","version":3}
2026-07-29T01:32:36.641573672Z Node N2 Shard: commiting upto index 5
2026-07-29T01:32:36.641613848Z Shard: leader N0 received: {"term":1,"senderId":"N1","success":true,"matchIndex":5,"level":"Shard","type":"AppendEntriesReply","version":3}
2026-07-29T01:32:36.641786762Z Sending message to node N0: {"term":1,"senderId":"N2","success":true,"matchIndex":5,"level":"Shard","type":"AppendEntriesReply","version":3}
2026-07-29T01:32:36.643217161Z Shard: leader N0 received: {"term":1,"senderId":"N9","success":true,"matchIndex":5,"level":"Shard","type":"AppendEntriesReply","version":3}
2026-07-29T01:32:36.643421095Z Shard: leader N0 received: {"term":1,"senderId":"N2","success":true,"matchIndex":5,"level":"Shard","type":"AppendEntriesReply","version":3}
2026-07-29T01:32:37.643722129Z Shard: Node N0 - Leader sending heartbeats.
2026-07-29T01:32:37.644021002Z Shard: leader node: N0 broadcasting append entries message
2026-07-29T01:32:37.644290839Z Sending message to node N1: {"term":1,"leaderId":"N0","prevLogIndex":5,"prevLogTerm":1,"leaderCommit":5,"level":"Shard","type":"AppendEntries","version":3}
2026-07-29T01:32:37.644704969Z Sending message to node N9: {"term":1,"leaderId":"N0","prevLogIndex":5,"prevLogTerm":1,"leaderCommit":5,"level":"Shard","type":"AppendEntries","version":3}
2026-07-29T01:32:37.644990198Z Sending message to node N2: {"term":1,"leaderId":"N0","prevLogIndex":5,"prevLogTerm":1,"leaderCommit":5,"level":"Shard","type":"AppendEntries","version":3}
2026-07-29T01:32:37.645156026Z Shard: follower N1 received: {"term":1,"leaderId":"N0","prevLogIndex":5,"prevLogTerm":1,"leaderCommit":5,"level":"Shard","type":"AppendEntries","version":3}
2026-07-29T01:32:37.645364272Z Node N1 Shard: commiting upto index 5
2026-07-29T01:32:37.645523295Z Sending message to node N0: {"term":1,"senderId":"N1","success":true,"matchIndex":5,"level":"Shard","type":"AppendEntriesReply","version":3}
2026-07-29T01:32:37.645806668Z Shard: follower N9 received: {"term":1,"leaderId":"N0","prevLogIndex":5,"prevLogTerm":1,"leaderCommit":5,"level":"Shard","type":"AppendEntries","version":3}
2026-07-29T01:32:37.646041831Z Shard: follower N2 received: {"term":1,"leaderId":"N0","prevLogIndex":5,"prevLogTerm":1,"leaderCommit":5,"level":"Shard","type":"AppendEntries","version":3}
2026-07-29T01:32:37.646215310Z Node N9 Shard: commiting upto index 5
2026-07-29T01:32:37.646302493Z Node N2 Shard: commiting upto index 5
2026-07-29T01:32:37.646546424Z Shard: leader N0 received: {"term":1,"senderId":"N1","success":true,"matchIndex":5,"level":"Shard","type":"AppendEntriesReply","version":3}
2026-07-29T01:32:37.646570241Z Sending message to node N0: {"term":1,"senderId":"N9","success":true,"matchIndex":5,"level":"Shard","type":"AppendEntriesReply","version":3}
2026-07-29T01:32:37.646697266Z Sending message to node N0: {"term":1,"senderId":"N2","success":true,"matchIndex":5,"level":"Shard","type":"AppendEntriesReply","version":3}
2026-07-29T01:32:37.647333257Z Shard: leader N0 received: {"term":1,"senderId":"N9","success":true,"matchIndex":5,"level":"Shard","type":"AppendEntriesReply","version":3}
2026-07-29T01:32:37.647430677Z Shard: leader N0 received: {"term":1,"senderId":"N2","success":true,"matchIndex":5,"level":"Shard","type":"AppendEntriesReply","version":3}
2026-07-29T01:32:38.647936941Z Shard: Node N0 - Leader sending heartbeats.
2026-07-29T01:32:38.648319122Z Shard: leader node: N0 broadcasting append entries message
2026-07-29T01:32:38.648692146Z Sending message to node N1: {"term":1,"leaderId":"N0","prevLogIndex":5,"prevLogTerm":1,"leaderCommit":5,"level":"Shard","type":"AppendEntries","version":3}
2026-07-29T01:32:38.649800232Z Sending message to node N9: {"term":1,"leaderId":"N0","prevLogIndex":5,"prevLogTerm":1,"leaderCommit":5,"level":"Shard","type":"AppendEntries","version":3}
2026-07-29T01:32:38.650472659Z Sending message to node N2: {"term":1,"leaderId":"N0","prevLogIndex":5,"prevLogTerm":1,"leaderCommit":5,"level":"Shard","type":"AppendEntries","version":3}
2026-07-29T01:32:38.651512072Z Shard: follower N1 received: {"term":1,"leaderId":"N0","prevLogIndex":5,"prevLogTerm":1,"leaderCommit":5,"level":"Shard","type":"AppendEntries","version":3}
2026-07-29T01:32:38.651811280Z Node N1 Shard: commiting upto index 5
2026-07-29T01:32:38.652131480Z Sending message to node N0: {"term":1,"senderId":"N1","success":true,"matchIndex":5,"level":"Shard","type":"AppendEntriesReply","version":3}
2026-07-29T01:32:38.653144887Z Shard: follower N2 received: {"term":1,"leaderId":"N0","prevLogIndex":5,"prevLogTerm":1,"leaderCommit":5,"level":"Shard","type":"AppendEntries","version":3}
2026-07-29T01:32:38.653505312Z Node N2 Shard: commiting upto index 5
2026-07-29T01:32:38.653727602Z Sending message to node N0: {"term":1,"senderId":"N2","success":true,"matchIndex":5,"level":"Shard","type":"AppendEntriesReply","version":3}
2026-07-29T01:32:38.653640962Z Shard: follower N9 received: {"term":1,"leaderId":"N0","prevLogIndex":5,"prevLogTerm":1,"leaderCommit":5,"level":"Shard","type":"AppendEntries","version":3}
2026-07-29T01:32:38.653903552Z Shard: leader N0 received: {"term":1,"senderId":"N1","success":true,"matchIndex":5,"level":"Shard","type":"AppendEntriesReply","version":3}
2026-07-29T01:32:38.653994521Z Node N9 Shard: commiting upto index 5
2026-07-29T01:32:38.654261789Z Sending message to node N0: {"term":1,"senderId":"N9","success":true,"matchIndex":5,"level":"Shard","type":"AppendEntriesReply","version":3}
2026-07-29T01:32:38.654676845Z Shard: leader N0 received: {"term":1,"senderId":"N2","success":true,"matchIndex":5,"level":"Shard","type":"AppendEntriesReply","version":3}
2026-07-29T01:32:38.655105303Z Shard: leader N0 received: {"term":1,"senderId":"N9","success":true,"matchIndex":5,"level":"Shard","type":"AppendEntriesReply","version":3}
2026-07-29T01:32:39.655669039Z Shard: Node N0 - Leader sending heartbeats.
2026-07-29T01:32:39.656053914Z Shard: leader node: N0 broadcasting append entries message
2026-07-29T01:32:39.656427373Z Sending message to node N1: {"term":1,"leaderId":"N0","prevLogIndex":5,"prevLogTerm":1,"leaderCommit":5,"level":"Shard","type":"AppendEntries","version":3}
2026-07-29T01:32:39.657898088Z Sending message to node N9: {"term":1,"leaderId":"N0","prevLogIndex":5,"prevLogTerm":1,"leaderCommit":5,"level":"Shard","type":"AppendEntries","version":3}
2026-07-29T01:32:39.658577946Z Sending message to node N2: {"term":1,"leaderId":"N0","prevLogIndex":5,"prevLogTerm":1,"leaderCommit":5,"level":"Shard","type":"AppendEntries","version":3}
2026-07-29T01:32:39.658843319Z Shard: follower N1 received: {"term":1,"leaderId":"N0","prevLogIndex":5,"prevLogTerm":1,"leaderCommit":5,"level":"Shard","type":"AppendEntries","version":3}
2026-07-29T01:32:39.659139764Z Node N1 Shard: commiting upto index 5
2026-07-29T01:32:39.659449631Z Sending message to node N0: {"term":1,"senderId":"N1","success":true,"matchIndex":5,"level":"Shard","type":"AppendEntriesReply","version":3}
2026-07-29T01:32:39.659491625Z Shard: follower N9 received: {"term":1,"leaderId":"N0","prevLogIndex":5,"prevLogTerm":1,"leaderCommit":5,"level":"Shard","type":"AppendEntries","version":3}
2026-07-29T01:32:39.659786672Z Node N9 Shard: commiting upto index 5
2026-07-29T01:32:39.660159764Z Sending message to node N0: {"term":1,"senderId":"N9","success":true,"matchIndex":5,"level":"Shard","type":"AppendEntriesReply","version":3}
2026-07-29T01:32:39.660190476Z Shard: follower N2 received: {"term":1,"leaderId":"N0","prevLogIndex":5,"prevLogTerm":1,"leaderCommit":5,"level":"Shard","type":"AppendEntries","version":3}
2026-07-29T01:32:39.660992375Z Shard: leader N0 received: {"term":1,"senderId":"N1","success":true,"matchIndex":5,"level":"Shard","type":"AppendEntriesReply","version":3}
2026-07-29T01:32:39.660949692Z Node N2 Shard: commiting upto index 5
2026-07-29T01:32:39.661246709Z Shard: leader N0 received: {"term":1,"senderId":"N9","success":true,"matchIndex":5,"level":"Shard","type":"AppendEntriesReply","version":3}
2026-07-29T01:32:39.661358463Z Sending message to node N0: {"term":1,"senderId":"N2","success":true,"matchIndex":5,"level":"Shard","type":"AppendEntriesReply","version":3}
2026-07-29T01:32:39.662273097Z Shard: leader N0 received: {"term":1,"senderId":"N2","success":true,"matchIndex":5,"level":"Shard","type":"AppendEntriesReply","version":3}
2026-07-29T01:32:40.662544913Z Shard: Node N0 - Leader sending heartbeats.
2026-07-29T01:32:40.662635732Z Shard: leader node: N0 broadcasting append entries message
2026-07-29T01:32:40.662721892Z Sending message to node N1: {"term":1,"leaderId":"N0","prevLogIndex":5,"prevLogTerm":1,"leaderCommit":5,"level":"Shard","type":"AppendEntries","version":3}
2026-07-29T01:32:40.662999894Z Sending message to node N9: {"term":1,"leaderId":"N0","prevLogIndex":5,"prevLogTerm":1,"leaderCommit":5,"level":"Shard","type":"AppendEntries","version":3}
2026-07-29T01:32:40.663162516Z Sending message to node N2: {"term":1,"leaderId":"N0","prevLogIndex":5,"prevLogTerm":1,"leaderCommit":5,"level":"Shard","type":"AppendEntries","version":3}
2026-07-29T01:32:40.663332037Z Shard: follower N1 received: {"term":1,"leaderId":"N0","prevLogIndex":5,"prevLogTerm":1,"leaderCommit":5,"level":"Shard","type":"AppendEntries","version":3}
2026-07-29T01:32:40.663500093Z Node N1 Shard: commiting upto index 5
2026-07-29T01:32:40.663603777Z Sending message to node N0: {"term":1,"senderId":"N1","success":true,"matchIndex":5,"level":"Shard","type":"AppendEntriesReply","version":3}
2026-07-29T01:32:40.663497935Z Shard: follower N9 received: {"term":1,"leaderId":"N0","prevLogIndex":5,"prevLogTerm":1,"leaderCommit":5,"level":"Shard","type":"AppendEntries","version":3}
2026-07-29T01:32:40.663727855Z Shard: follower N2 received: {"term":1,"leaderId":"N0","prevLogIndex":5,"prevLogTerm":1,"leaderCommit":5,"level":"Shard","type":"AppendEntries","version":3}
2026-07-29T01:32:40.663865609Z Node N2 Shard: commiting upto index 5
2026-07-29T01:32:40.663940809Z Sending message to node N0: {"term":1,"senderId":"N2","success":true,"matchIndex":5,"level":"Shard","type":"AppendEntriesReply","version":3}
2026-07-29T01:32:40.663845381Z Node N9 Shard: commiting upto index 5
2026-07-29T01:32:40.664060364Z Sending message to node N0: {"term":1,"senderId":"N9","success":true,"matchIndex":5,"level":"Shard","type":"AppendEntriesReply","version":3}
2026-07-29T01:32:40.664137412Z Shard: leader N0 received: {"term":1,"senderId":"N1","success":true,"matchIndex":5,"level":"Shard","type":"AppendEntriesReply","version":3}
2026-07-29T01:32:40.664341001Z Shard: leader N0 received: {"term":1,"senderId":"N2","success":true,"matchIndex":5,"level":"Shard","type":"AppendEntriesReply","version":3}
2026-07-29T01:32:40.664444077Z Shard: leader N0 received: {"term":1,"senderId":"N9","success":true,"matchIndex":5,"level":"Shard","type":"AppendEntriesReply","version":3}
2026-07-29T01:32:41.664880181Z Shard: Node N0 - Leader sending heartbeats.
2026-07-29T01:32:41.665369467Z Shard: leader node: N0 broadcasting append entries message
2026-07-29T01:32:41.665811600Z Sending message to node N1: {"term":1,"leaderId":"N0","prevLogIndex":5,"prevLogTerm":1,"leaderCommit":5,"level":"Shard","type":"AppendEntries","version":3}
2026-07-29T01:32:41.666820562Z Sending message to node N9: {"term":1,"leaderId":"N0","prevLogIndex":5,"prevLogTerm":1,"leaderCommit":5,"level":"Shard","type":"AppendEntries","version":3}
2026-07-29T01:32:41.667766072Z Sending message to node N2: {"term":1,"leaderId":"N0","prevLogIndex":5,"prevLogTerm":1,"leaderCommit":5,"level":"Shard","type":"AppendEntries","version":3}
2026-07-29T01:32:41.671924422Z Shard: follower N9 received: {"term":1,"leaderId":"N0","prevLogIndex":5,"prevLogTerm":1,"leaderCommit":5,"level":"Shard","type":"AppendEntries","version":3}
2026-07-29T01:32:41.672282249Z Node N9 Shard: commiting upto index 5
2026-07-29T01:32:41.672514967Z Sending message to node N0: {"term":1,"senderId":"N9","success":true,"matchIndex":5,"level":"Shard","type":"AppendEntriesReply","version":3}
2026-07-29T01:32:41.672422240Z Shard: follower N1 received: {"term":1,"leaderId":"N0","prevLogIndex":5,"prevLogTerm":1,"leaderCommit":5,"level":"Shard","type":"AppendEntries","version":3}
2026-07-29T01:32:41.672703119Z Shard: follower N2 received: {"term":1,"leaderId":"N0","prevLogIndex":5,"prevLogTerm":1,"leaderCommit":5,"level":"Shard","type":"AppendEntries","version":3}
2026-07-29T01:32:41.672775156Z Node N1 Shard: commiting upto index 5
2026-07-29T01:32:41.672943623Z Node N2 Shard: commiting upto index 5
2026-07-29T01:32:41.673141336Z Sending message to node N0: {"term":1,"senderId":"N1","success":true,"matchIndex":5,"level":"Shard","type":"AppendEntriesReply","version":3}
2026-07-29T01:32:41.673233900Z Sending message to node N0: {"term":1,"senderId":"N2","success":true,"matchIndex":5,"level":"Shard","type":"AppendEntriesReply","version":3}
2026-07-29T01:32:41.674368547Z Shard: leader N0 received: {"term":1,"senderId":"N9","success":true,"matchIndex":5,"level":"Shard","type":"AppendEntriesReply","version":3}
2026-07-29T01:32:41.674571258Z Shard: leader N0 received: {"term":1,"senderId":"N1","success":true,"matchIndex":5,"level":"Shard","type":"AppendEntriesReply","version":3}
2026-07-29T01:32:41.674636393Z Shard: leader N0 received: {"term":1,"senderId":"N2","success":true,"matchIndex":5,"level":"Shard","type":"AppendEntriesReply","version":3}
2026-07-29T01:32:45.471739883Z Shard: Node N0 - Leader sending heartbeats.
2026-07-29T01:32:45.471822287Z Shard: leader node: N0 broadcasting append entries message
2026-07-29T01:32:45.471909785Z Sending message to node N1: {"term":1,"leaderId":"N0","prevLogIndex":5,"prevLogTerm":1,"leaderCommit":5,"level":"Shard","type":"AppendEntries","version":3}
2026-07-29T01:32:45.472223337Z Sending message to node N9: {"term":1,"leaderId":"N0","prevLogIndex":5,"prevLogTerm":1,"leaderCommit":5,"level":"Shard","type":"AppendEntries","version":3}
2026-07-29T01:32:45.472361082Z Sending message to node N2: {"term":1,"leaderId":"N0","prevLogIndex":5,"prevLogTerm":1,"leaderCommit":5,"level":"Shard","type":"AppendEntries","version":3}
2026-07-29T01:32:45.472572898Z Shard: follower N1 received: {"term":1,"leaderId":"N0","prevLogIndex":5,"prevLogTerm":1,"leaderCommit":5,"level":"Shard","type":"AppendEntries","version":3}
2026-07-29T01:32:45.472702523Z Node N1 Shard: commiting upto index 5
2026-07-29T01:32:45.472778341Z Sending message to node N0: {"term":1,"senderId":"N1","success":true,"matchIndex":5,"level":"Shard","type":"AppendEntriesReply","version":3}
2026-07-29T01:32:45.473237870Z Shard: follower N9 received: {"term":1,"leaderId":"N0","prevLogIndex":5,"prevLogTerm":1,"leaderCommit":5,"level":"Shard","type":"AppendEntries","version":3}
2026-07-29T01:32:45.473382801Z Node N9 Shard: commiting upto index 5
2026-07-29T01:32:45.473400331Z Shard: follower N2 received: {"term":1,"leaderId":"N0","prevLogIndex":5,"prevLogTerm":1,"leaderCommit":5,"level":"Shard","type":"AppendEntries","version":3}
2026-07-29T01:32:45.473467342Z Sending message to node N0: {"term":1,"senderId":"N9","success":true,"matchIndex":5,"level":"Shard","type":"AppendEntriesReply","version":3}
2026-07-29T01:32:45.473507412Z Node N2 Shard: commiting upto index 5
2026-07-29T01:32:45.473566138Z Sending message to node N0: {"term":1,"senderId":"N2","success":true,"matchIndex":5,"level":"Shard","type":"AppendEntriesReply","version":3}
2026-07-29T01:32:45.473846082Z Shard: leader N0 received: {"term":1,"senderId":"N1","success":true,"matchIndex":5,"level":"Shard","type":"AppendEntriesReply","version":3}
2026-07-29T01:32:45.474161701Z Shard: leader N0 received: {"term":1,"senderId":"N9","success":true,"matchIndex":5,"level":"Shard","type":"AppendEntriesReply","version":3}
2026-07-29T01:32:45.474244118Z Shard: leader N0 received: {"term":1,"senderId":"N2","success":true,"matchIndex":5,"level":"Shard","type":"AppendEntriesReply","version":3}
2026-07-29T01:32:46.474750578Z Shard: Node N0 - Leader sending heartbeats.
2026-07-29T01:32:46.475172955Z Shard: leader node: N0 broadcasting append entries message
2026-07-29T01:32:46.475570720Z Sending message to node N1: {"term":1,"leaderId":"N0","prevLogIndex":5,"prevLogTerm":1,"leaderCommit":5,"level":"Shard","type":"AppendEntries","version":3}
2026-07-29T01:32:46.476602366Z Sending message to node N9: {"term":1,"leaderId":"N0","prevLogIndex":5,"prevLogTerm":1,"leaderCommit":5,"level":"Shard","type":"AppendEntries","version":3}
2026-07-29T01:32:46.477329742Z Sending message to node N2: {"term":1,"leaderId":"N0","prevLogIndex":5,"prevLogTerm":1,"leaderCommit":5,"level":"Shard","type":"AppendEntries","version":3}
2026-07-29T01:32:46.477593400Z Shard: follower N1 received: {"term":1,"leaderId":"N0","prevLogIndex":5,"prevLogTerm":1,"leaderCommit":5,"level":"Shard","type":"AppendEntries","version":3}
2026-07-29T01:32:46.478123739Z Node N1 Shard: commiting upto index 5
2026-07-29T01:32:46.478438018Z Sending message to node N0: {"term":1,"senderId":"N1","success":true,"matchIndex":5,"level":"Shard","type":"AppendEntriesReply","version":3}
2026-07-29T01:32:46.479232906Z Shard: follower N9 received: {"term":1,"leaderId":"N0","prevLogIndex":5,"prevLogTerm":1,"leaderCommit":5,"level":"Shard","type":"AppendEntries","version":3}
2026-07-29T01:32:46.479346106Z Shard: follower N2 received: {"term":1,"leaderId":"N0","prevLogIndex":5,"prevLogTerm":1,"leaderCommit":5,"level":"Shard","type":"AppendEntries","version":3}
2026-07-29T01:32:46.479640493Z Node N2 Shard: commiting upto index 5
2026-07-29T01:32:46.479629115Z Node N9 Shard: commiting upto index 5
2026-07-29T01:32:46.480072317Z Sending message to node N0: {"term":1,"senderId":"N2","success":true,"matchIndex":5,"level":"Shard","type":"AppendEntriesReply","version":3}
2026-07-29T01:32:46.480093200Z Sending message to node N0: {"term":1,"senderId":"N9","success":true,"matchIndex":5,"level":"Shard","type":"AppendEntriesReply","version":3}
2026-07-29T01:32:46.481483196Z Shard: leader N0 received: {"term":1,"senderId":"N1","success":true,"matchIndex":5,"level":"Shard","type":"AppendEntriesReply","version":3}
2026-07-29T01:32:46.481754623Z Shard: leader N0 received: {"term":1,"senderId":"N2","success":true,"matchIndex":5,"level":"Shard","type":"AppendEntriesReply","version":3}
2026-07-29T01:32:46.481912101Z Shard: leader N0 received: {"term":1,"senderId":"N9","success":true,"matchIndex":5,"level":"Shard","type":"AppendEntriesReply","version":3}
2026-07-29T01:32:47.482254911Z Shard: Node N0 - Leader sending heartbeats.
2026-07-29T01:32:47.482434785Z Shard: leader node: N0 broadcasting append entries message
2026-07-29T01:32:47.482618066Z Sending message to node N1: {"term":1,"leaderId":"N0","prevLogIndex":5,"prevLogTerm":1,"leaderCommit":5,"level":"Shard","type":"AppendEntries","version":3}
2026-07-29T01:32:47.483033883Z Sending message to node N9: {"term":1,"leaderId":"N0","prevLogIndex":5,"prevLogTerm":1,"leaderCommit":5,"level":"Shard","type":"AppendEntries","version":3}
2026-07-29T01:32:47.483307843Z Sending message to node N2: {"term":1,"leaderId":"N0","prevLogIndex":5,"prevLogTerm":1,"leaderCommit":5,"level":"Shard","type":"AppendEntries","version":3}
2026-07-29T01:32:47.485155176Z Shard: follower N2 received: {"term":1,"leaderId":"N0","prevLogIndex":5,"prevLogTerm":1,"leaderCommit":5,"level":"Shard","type":"AppendEntries","version":3}
2026-07-29T01:32:47.485367704Z Node N2 Shard: commiting upto index 5
2026-07-29T01:32:47.485485579Z Sending message to node N0: {"term":1,"senderId":"N2","success":true,"matchIndex":5,"level":"Shard","type":"AppendEntriesReply","version":3}
2026-07-29T01:32:47.486202837Z Shard: follower N9 received: {"term":1,"leaderId":"N0","prevLogIndex":5,"prevLogTerm":1,"leaderCommit":5,"level":"Shard","type":"AppendEntries","version":3}
2026-07-29T01:32:47.486321182Z Shard: follower N1 received: {"term":1,"leaderId":"N0","prevLogIndex":5,"prevLogTerm":1,"leaderCommit":5,"level":"Shard","type":"AppendEntries","version":3}
2026-07-29T01:32:47.486395529Z Node N9 Shard: commiting upto index 5
2026-07-29T01:32:47.486471426Z Node N1 Shard: commiting upto index 5
2026-07-29T01:32:47.486505544Z Sending message to node N0: {"term":1,"senderId":"N9","success":true,"matchIndex":5,"level":"Shard","type":"AppendEntriesReply","version":3}
2026-07-29T01:32:47.486558069Z Sending message to node N0: {"term":1,"senderId":"N1","success":true,"matchIndex":5,"level":"Shard","type":"AppendEntriesReply","version":3}
2026-07-29T01:32:47.486662297Z Shard: leader N0 received: {"term":1,"senderId":"N2","success":true,"matchIndex":5,"level":"Shard","type":"AppendEntriesReply","version":3}
2026-07-29T01:32:47.487023190Z Shard: leader N0 received: {"term":1,"senderId":"N9","success":true,"matchIndex":5,"level":"Shard","type":"AppendEntriesReply","version":3}
2026-07-29T01:32:47.487181657Z Shard: leader N0 received: {"term":1,"senderId":"N1","success":true,"matchIndex":5,"level":"Shard","type":"AppendEntriesReply","version":3}
2026-07-29T01:32:48.296673635Z Shard: leader N0 received: {"nodes":{"N0":{"id":"N0","ip":"localhost","port":4567},"N1":{"id":"N1","ip":"localhost","port":4568},"N2":{"id":"N2","ip":"localhost","port":4569},"N9":{"id":"N9","ip":"localhost","port":4570},"N11":{"id":"N11","ip":"localhost","port":4572}},"action":"Update","type":"Update","version":4}
2026-07-29T01:32:48.296832727Z Node N0 Shard level raft recieved config update request
2026-07-29T01:32:48.298835967Z Shard: follower N1 received: {"nodes":{"N0":{"id":"N0","ip":"localhost","port":4567},"N1":{"id":"N1","ip":"localhost","port":4568},"N2":{"id":"N2","ip":"localhost","port":4569},"N9":{"id":"N9","ip":"localhost","port":4570},"N11":{"id":"N11","ip":"localhost","port":4572}},"action":"Update","type":"Update","version":4}
2026-07-29T01:32:48.299123356Z Node N1 Shard level raft recieved config update request
2026-07-29T01:32:48.299932093Z Shard: follower N2 received: {"nodes":{"N0":{"id":"N0","ip":"localhost","port":4567},"N1":{"id":"N1","ip":"localhost","port":4568},"N2":{"id":"N2","ip":"localhost","port":4569},"N9":{"id":"N9","ip":"localhost","port":4570},"N11":{"id":"N11","ip":"localhost","port":4572}},"action":"Update","type":"Update","version":4}
2026-07-29T01:32:48.300125756Z Node N2 Shard level raft recieved config update request
2026-07-29T01:32:48.300892658Z Shard: follower N9 received: {"nodes":{"N0":{"id":"N0","ip":"localhost","port":4567},"N1":{"id":"N1","ip":"localhost","port":4568},"N2":{"id":"N2","ip":"localhost","port":4569},"N9":{"id":"N9","ip":"localhost","port":4570},"N11":{"id":"N11","ip":"localhost","port":4572}},"action":"Update","type":"Update","version":4}
2026-07-29T01:32:48.301260781Z Node N9 Shard level raft recieved config update request
2026-07-29T01:32:49.297499437Z Shard: Node N0 - Leader sending heartbeats.
2026-07-29T01:32:49.297677074Z Shard: leader node: N0 broadcasting append entries message
2026-07-29T01:32:49.297789051Z Sending message to node N1: {"term":1,"leaderId":"N0","prevLogIndex":5,"prevLogTerm":1,"leaderCommit":5,"level":"Shard","type":"AppendEntries","version":3}
2026-07-29T01:32:49.298105041Z Sending message to node N9: {"term":1,"leaderId":"N0","prevLogIndex":5,"prevLogTerm":1,"leaderCommit":5,"level":"Shard","type":"AppendEntries","version":3}
2026-07-29T01:32:49.298362344Z Sending message to node N2: {"term":1,"leaderId":"N0","prevLogIndex":5,"prevLogTerm":1,"leaderCommit":5,"level":"Shard","type":"AppendEntries","version":3}
2026-07-29T01:32:49.298777033Z Sending message to node N11: {"term":1,"leaderId":"N0","prevLogIndex":-1,"prevLogTerm":0,"leaderCommit":5,"entries":[{"msg":{"nodes":{"N0":{"id":"N0","ip":"localhost","port":4567},"N1":{"id":"N1","ip":"localhost","port":4568},"N2":{"id":"N2","ip":"localhost","port":4569},"N9":{"id":"N9","ip":"localhost","port":4570}},"oldNodes":{"N0":{"id":"N0","ip":"localhost","port":4567},"N1":{"id":"N1","ip":"localhost","port":4568},"N9":{"id":"N9","ip":"localhost","port":4570},"N2":{"id":"N2","ip":"localhost","port":4569}},"jointConfig":true,"targetVersion":1,"type":"RaftConfig","version":1},"term":1,"index":0},{"msg":{"nodes":{"N0":{"id":"N0","ip":"localhost","port":4567},"N1":{"id":"N1","ip":"localhost","port":4568},"N2":{"id":"N2","ip":"localhost","port":4569},"N9":{"id":"N9","ip":"localhost","port":4570}},"jointConfig":false,"targetVersion":1,"type":"RaftConfig","version":1},"term":1,"index":1},{"msg":{"nodes":{"N0":{"id":"N0","ip":"localhost","port":4567},"N1":{"id":"N1","ip":"localhost","port":4568},"N2":{"id":"N2","ip":"localhost","port":4569},"N9":{"id":"N9","ip":"localhost","port":4570},"N10":{"id":"N10","ip":"localhost","port":4571}},"oldNodes":{"N0":{"id":"N0","ip":"localhost","port":4567},"N1":{"id":"N1","ip":"localhost","port":4568},"N9":{"id":"N9","ip":"localhost","port":4570},"N2":{"id":"N2","ip":"localhost","port":4569},"N10":{"id":"N10","ip":"localhost","port":4571}},"jointConfig":true,"targetVersion":2,"type":"RaftConfig","version":2},"term":1,"index":2},{"msg":{"nodes":{"N0":{"id":"N0","ip":"localhost","port":4567},"N1":{"id":"N1","ip":"localhost","port":4568},"N2":{"id":"N2","ip":"localhost","port":4569},"N9":{"id":"N9","ip":"localhost","port":4570},"N10":{"id":"N10","ip":"localhost","port":4571}},"jointConfig":false,"targetVersion":2,"type":"RaftConfig","version":2},"term":1,"index":3},{"msg":{"nodes":{"N0":{"id":"N0","ip":"localhost","port":4567},"N1":{"id":"N1","ip":"localhost","port":4568},"N2":{"id":"N2","ip":"localhost","port":4569},"N9":{"id":"N9","ip":"localhost","port":4570}},"oldNodes":{"N0":{"id":"N0","ip":"localhost","port":4567},"N1":{"id":"N1","ip":"localhost","port":4568},"N9":{"id":"N9","ip":"localhost","port":4570},"N2":{"id":"N2","ip":"localhost","port":4569},"N10":{"id":"N10","ip":"localhost","port":4571}},"jointConfig":true,"targetVersion":3,"type":"RaftConfig","version":3},"term":1,"index":4},{"msg":{"nodes":{"N0":{"id":"N0","ip":"localhost","port":4567},"N1":{"id":"N1","ip":"localhost","port":4568},"N2":{"id":"N2","ip":"localhost","port":4569},"N9":{"id":"N9","ip":"localhost","port":4570}},"jointConfig":false,"targetVersion":3,"type":"RaftConfig","version":3},"term":1,"index":5}],"level":"Shard","type":"AppendEntries","version":3}
2026-07-29T01:32:49.298879061Z Shard: follower N1 received: {"term":1,"leaderId":"N0","prevLogIndex":5,"prevLogTerm":1,"leaderCommit":5,"level":"Shard","type":"AppendEntries","version":3}
2026-07-29T01:32:49.299007454Z Node N1 Shard: commiting upto index 5
2026-07-29T01:32:49.299095406Z Sending message to node N0: {"term":1,"senderId":"N1","success":true,"matchIndex":5,"level":"Shard","type":"AppendEntriesReply","version":3}
2026-07-29T01:32:49.299201109Z Shard: follower N9 received: {"term":1,"leaderId":"N0","prevLogIndex":5,"prevLogTerm":1,"leaderCommit":5,"level":"Shard","type":"AppendEntries","version":3}
2026-07-29T01:32:49.299333372Z Node N9 Shard: commiting upto index 5
2026-07-29T01:32:49.299413707Z Sending message to node N0: {"term":1,"senderId":"N9","success":true,"matchIndex":5,"level":"Shard","type":"AppendEntriesReply","version":3}
2026-07-29T01:32:49.299649839Z Shard: follower N2 received: {"term":1,"leaderId":"N0","prevLogIndex":5,"prevLogTerm":1,"leaderCommit":5,"level":"Shard","type":"AppendEntries","version":3}
2026-07-29T01:32:49.299819684Z Node N2 Shard: commiting upto index 5
2026-07-29T01:32:49.299902617Z Sending message to node N0: {"term":1,"senderId":"N2","success":true,"matchIndex":5,"level":"Shard","type":"AppendEntriesReply","version":3}
2026-07-29T01:32:49.300471428Z Shard: leader N0 received: {"term":1,"senderId":"N1","success":true,"matchIndex":5,"level":"Shard","type":"AppendEntriesReply","version":3}
2026-07-29T01:32:49.300555431Z Shard: leader N0 received: {"term":1,"senderId":"N9","success":true,"matchIndex":5,"level":"Shard","type":"AppendEntriesReply","version":3}
2026-07-29T01:32:49.300583124Z Shard: leader N0 received: {"term":1,"senderId":"N2","success":true,"matchIndex":5,"level":"Shard","type":"AppendEntriesReply","version":3}
2026-07-29T01:32:49.337334265Z Shard: learner N11 received: {"term":1,"leaderId":"N0","prevLogIndex":-1,"prevLogTerm":0,"leaderCommit":5,"entries":[{"msg":{"nodes":{"N0":{"id":"N0","ip":"localhost","port":4567},"N1":{"id":"N1","ip":"localhost","port":4568},"N2":{"id":"N2","ip":"localhost","port":4569},"N9":{"id":"N9","ip":"localhost","port":4570}},"oldNodes":{"N0":{"id":"N0","ip":"localhost","port":4567},"N1":{"id":"N1","ip":"localhost","port":4568},"N9":{"id":"N9","ip":"localhost","port":4570},"N2":{"id":"N2","ip":"localhost","port":4569}},"jointConfig":true,"targetVersion":1,"type":"RaftConfig","version":1},"term":1,"index":0},{"msg":{"nodes":{"N0":{"id":"N0","ip":"localhost","port":4567},"N1":{"id":"N1","ip":"localhost","port":4568},"N2":{"id":"N2","ip":"localhost","port":4569},"N9":{"id":"N9","ip":"localhost","port":4570}},"jointConfig":false,"targetVersion":1,"type":"RaftConfig","version":1},"term":1,"index":1},{"msg":{"nodes":{"N0":{"id":"N0","ip":"localhost","port":4567},"N1":{"id":"N1","ip":"localhost","port":4568},"N2":{"id":"N2","ip":"localhost","port":4569},"N9":{"id":"N9","ip":"localhost","port":4570},"N10":{"id":"N10","ip":"localhost","port":4571}},"oldNodes":{"N0":{"id":"N0","ip":"localhost","port":4567},"N1":{"id":"N1","ip":"localhost","port":4568},"N9":{"id":"N9","ip":"localhost","port":4570},"N2":{"id":"N2","ip":"localhost","port":4569},"N10":{"id":"N10","ip":"localhost","port":4571}},"jointConfig":true,"targetVersion":2,"type":"RaftConfig","version":2},"term":1,"index":2},{"msg":{"nodes":{"N0":{"id":"N0","ip":"localhost","port":4567},"N1":{"id":"N1","ip":"localhost","port":4568},"N2":{"id":"N2","ip":"localhost","port":4569},"N9":{"id":"N9","ip":"localhost","port":4570},"N10":{"id":"N10","ip":"localhost","port":4571}},"jointConfig":false,"targetVersion":2,"type":"RaftConfig","version":2},"term":1,"index":3},{"msg":{"nodes":{"N0":{"id":"N0","ip":"localhost","port":4567},"N1":{"id":"N1","ip":"localhost","port":4568},"N2":{"id":"N2","ip":"localhost","port":4569},"N9":{"id":"N9","ip":"localhost","port":4570}},"oldNodes":{"N0":{"id":"N0","ip":"localhost","port":4567},"N1":{"id":"N1","ip":"localhost","port":4568},"N9":{"id":"N9","ip":"localhost","port":4570},"N2":{"id":"N2","ip":"localhost","port":4569},"N10":{"id":"N10","ip":"localhost","port":4571}},"jointConfig":true,"targetVersion":3,"type":"RaftConfig","version":3},"term":1,"index":4},{"msg":{"nodes":{"N0":{"id":"N0","ip":"localhost","port":4567},"N1":{"id":"N1","ip":"localhost","port":4568},"N2":{"id":"N2","ip":"localhost","port":4569},"N9":{"id":"N9","ip":"localhost","port":4570}},"jointConfig":false,"targetVersion":3,"type":"RaftConfig","version":3},"term":1,"index":5}],"level":"Shard","type":"AppendEntries","version":3}
2026-07-29T01:32:49.343766281Z Node N11 Shard: commiting upto index 5
2026-07-29T01:32:49.345321149Z Sending message to node N0: {"term":1,"senderId":"N11","success":true,"matchIndex":5,"level":"Shard","type":"AppendEntriesReply","version":3}
2026-07-29T01:32:49.349874486Z Shard: leader N0 received: {"term":1,"senderId":"N11","success":true,"matchIndex":5,"level":"Shard","type":"AppendEntriesReply","version":3}
2026-07-29T01:32:49.350009226Z Shard: leader node: N0 broadcasting append entries message
2026-07-29T01:32:49.350109264Z Sending message to node N1: {"term":1,"leaderId":"N0","prevLogIndex":5,"prevLogTerm":1,"leaderCommit":5,"entries":[{"msg":{"nodes":{"N0":{"id":"N0","ip":"localhost","port":4567},"N1":{"id":"N1","ip":"localhost","port":4568},"N2":{"id":"N2","ip":"localhost","port":4569},"N9":{"id":"N9","ip":"localhost","port":4570},"N11":{"id":"N11","ip":"localhost","port":4572}},"oldNodes":{"N0":{"id":"N0","ip":"localhost","port":4567},"N1":{"id":"N1","ip":"localhost","port":4568},"N9":{"id":"N9","ip":"localhost","port":4570},"N2":{"id":"N2","ip":"localhost","port":4569}},"jointConfig":true,"targetVersion":4,"type":"RaftConfig","version":4},"term":1,"index":6}],"level":"Shard","type":"AppendEntries","version":3}
2026-07-29T01:32:49.350338119Z Sending message to node N9: {"term":1,"leaderId":"N0","prevLogIndex":5,"prevLogTerm":1,"leaderCommit":5,"entries":[{"msg":{"nodes":{"N0":{"id":"N0","ip":"localhost","port":4567},"N1":{"id":"N1","ip":"localhost","port":4568},"N2":{"id":"N2","ip":"localhost","port":4569},"N9":{"id":"N9","ip":"localhost","port":4570},"N11":{"id":"N11","ip":"localhost","port":4572}},"oldNodes":{"N0":{"id":"N0","ip":"localhost","port":4567},"N1":{"id":"N1","ip":"localhost","port":4568},"N9":{"id":"N9","ip":"localhost","port":4570},"N2":{"id":"N2","ip":"localhost","port":4569}},"jointConfig":true,"targetVersion":4,"type":"RaftConfig","version":4},"term":1,"index":6}],"level":"Shard","type":"AppendEntries","version":3}
2026-07-29T01:32:49.350655208Z Sending message to node N2: {"term":1,"leaderId":"N0","prevLogIndex":5,"prevLogTerm":1,"leaderCommit":5,"entries":[{"msg":{"nodes":{"N0":{"id":"N0","ip":"localhost","port":4567},"N1":{"id":"N1","ip":"localhost","port":4568},"N2":{"id":"N2","ip":"localhost","port":4569},"N9":{"id":"N9","ip":"localhost","port":4570},"N11":{"id":"N11","ip":"localhost","port":4572}},"oldNodes":{"N0":{"id":"N0","ip":"localhost","port":4567},"N1":{"id":"N1","ip":"localhost","port":4568},"N9":{"id":"N9","ip":"localhost","port":4570},"N2":{"id":"N2","ip":"localhost","port":4569}},"jointConfig":true,"targetVersion":4,"type":"RaftConfig","version":4},"term":1,"index":6}],"level":"Shard","type":"AppendEntries","version":3}
2026-07-29T01:32:49.350804542Z Sending message to node N11: {"term":1,"leaderId":"N0","prevLogIndex":5,"prevLogTerm":1,"leaderCommit":5,"entries":[{"msg":{"nodes":{"N0":{"id":"N0","ip":"localhost","port":4567},"N1":{"id":"N1","ip":"localhost","port":4568},"N2":{"id":"N2","ip":"localhost","port":4569},"N9":{"id":"N9","ip":"localhost","port":4570},"N11":{"id":"N11","ip":"localhost","port":4572}},"oldNodes":{"N0":{"id":"N0","ip":"localhost","port":4567},"N1":{"id":"N1","ip":"localhost","port":4568},"N9":{"id":"N9","ip":"localhost","port":4570},"N2":{"id":"N2","ip":"localhost","port":4569}},"jointConfig":true,"targetVersion":4,"type":"RaftConfig","version":4},"term":1,"index":6}],"level":"Shard","type":"AppendEntries","version":3}
2026-07-29T01:32:49.351630029Z Shard: learner N11 received: {"nodes":{"N0":{"id":"N0","ip":"localhost","port":4567},"N1":{"id":"N1","ip":"localhost","port":4568},"N2":{"id":"N2","ip":"localhost","port":4569},"N9":{"id":"N9","ip":"localhost","port":4570}},"action":"Update","type":"Update","version":1}
2026-07-29T01:32:49.351695094Z Shard: follower N9 received: {"term":1,"leaderId":"N0","prevLogIndex":5,"prevLogTerm":1,"leaderCommit":5,"entries":[{"msg":{"nodes":{"N0":{"id":"N0","ip":"localhost","port":4567},"N1":{"id":"N1","ip":"localhost","port":4568},"N2":{"id":"N2","ip":"localhost","port":4569},"N9":{"id":"N9","ip":"localhost","port":4570},"N11":{"id":"N11","ip":"localhost","port":4572}},"oldNodes":{"N0":{"id":"N0","ip":"localhost","port":4567},"N1":{"id":"N1","ip":"localhost","port":4568},"N9":{"id":"N9","ip":"localhost","port":4570},"N2":{"id":"N2","ip":"localhost","port":4569}},"jointConfig":true,"targetVersion":4,"type":"RaftConfig","version":4},"term":1,"index":6}],"level":"Shard","type":"AppendEntries","version":3}
2026-07-29T01:32:49.351857280Z Node N9 Shard: commiting upto index 5
2026-07-29T01:32:49.351806600Z Shard: learner N11 received: {"nodes":{"N0":{"id":"N0","ip":"localhost","port":4567},"N1":{"id":"N1","ip":"localhost","port":4568},"N2":{"id":"N2","ip":"localhost","port":4569},"N9":{"id":"N9","ip":"localhost","port":4570},"N10":{"id":"N10","ip":"localhost","port":4571}},"action":"Update","type":"Update","version":2}
2026-07-29T01:32:49.351962540Z Sending message to node N0: {"term":1,"senderId":"N9","success":true,"matchIndex":6,"level":"Shard","type":"AppendEntriesReply","version":3}
2026-07-29T01:32:49.352001726Z Shard: learner N11 received: {"nodes":{"N0":{"id":"N0","ip":"localhost","port":4567},"N1":{"id":"N1","ip":"localhost","port":4568},"N2":{"id":"N2","ip":"localhost","port":4569},"N9":{"id":"N9","ip":"localhost","port":4570}},"action":"Update","type":"Update","version":3}
2026-07-29T01:32:49.352135086Z Shard: learner N11 received: {"nodes":{"N0":{"id":"N0","ip":"localhost","port":4567},"N1":{"id":"N1","ip":"localhost","port":4568},"N2":{"id":"N2","ip":"localhost","port":4569},"N9":{"id":"N9","ip":"localhost","port":4570},"N11":{"id":"N11","ip":"localhost","port":4572}},"action":"Update","type":"Update","version":4}
2026-07-29T01:32:49.352304448Z Node N11 Shard level raft recieved config update request
2026-07-29T01:32:49.353286453Z Shard: leader N0 received: {"term":1,"senderId":"N9","success":true,"matchIndex":6,"level":"Shard","type":"AppendEntriesReply","version":3}
2026-07-29T01:32:49.354818281Z Shard: learner N11 received: {"term":1,"leaderId":"N0","prevLogIndex":5,"prevLogTerm":1,"leaderCommit":5,"entries":[{"msg":{"nodes":{"N0":{"id":"N0","ip":"localhost","port":4567},"N1":{"id":"N1","ip":"localhost","port":4568},"N2":{"id":"N2","ip":"localhost","port":4569},"N9":{"id":"N9","ip":"localhost","port":4570},"N11":{"id":"N11","ip":"localhost","port":4572}},"oldNodes":{"N0":{"id":"N0","ip":"localhost","port":4567},"N1":{"id":"N1","ip":"localhost","port":4568},"N9":{"id":"N9","ip":"localhost","port":4570},"N2":{"id":"N2","ip":"localhost","port":4569}},"jointConfig":true,"targetVersion":4,"type":"RaftConfig","version":4},"term":1,"index":6}],"level":"Shard","type":"AppendEntries","version":3}
2026-07-29T01:32:49.354982611Z Node N11 Shard: commiting upto index 5
2026-07-29T01:32:49.355102174Z Sending message to node N0: {"term":1,"senderId":"N11","success":true,"matchIndex":6,"level":"Shard","type":"AppendEntriesReply","version":3}
2026-07-29T01:32:49.355856805Z Shard: leader N0 received: {"term":1,"senderId":"N11","success":true,"matchIndex":6,"level":"Shard","type":"AppendEntriesReply","version":3}
2026-07-29T01:32:49.351212886Z Shard: follower N1 received: {"term":1,"leaderId":"N0","prevLogIndex":5,"prevLogTerm":1,"leaderCommit":5,"entries":[{"msg":{"nodes":{"N0":{"id":"N0","ip":"localhost","port":4567},"N1":{"id":"N1","ip":"localhost","port":4568},"N2":{"id":"N2","ip":"localhost","port":4569},"N9":{"id":"N9","ip":"localhost","port":4570},"N11":{"id":"N11","ip":"localhost","port":4572}},"oldNodes":{"N0":{"id":"N0","ip":"localhost","port":4567},"N1":{"id":"N1","ip":"localhost","port":4568},"N9":{"id":"N9","ip":"localhost","port":4570},"N2":{"id":"N2","ip":"localhost","port":4569}},"jointConfig":true,"targetVersion":4,"type":"RaftConfig","version":4},"term":1,"index":6}],"level":"Shard","type":"AppendEntries","version":3}
2026-07-29T01:32:49.353510441Z Shard: follower N2 received: {"term":1,"leaderId":"N0","prevLogIndex":5,"prevLogTerm":1,"leaderCommit":5,"entries":[{"msg":{"nodes":{"N0":{"id":"N0","ip":"localhost","port":4567},"N1":{"id":"N1","ip":"localhost","port":4568},"N2":{"id":"N2","ip":"localhost","port":4569},"N9":{"id":"N9","ip":"localhost","port":4570},"N11":{"id":"N11","ip":"localhost","port":4572}},"oldNodes":{"N0":{"id":"N0","ip":"localhost","port":4567},"N1":{"id":"N1","ip":"localhost","port":4568},"N9":{"id":"N9","ip":"localhost","port":4570},"N2":{"id":"N2","ip":"localhost","port":4569}},"jointConfig":true,"targetVersion":4,"type":"RaftConfig","version":4},"term":1,"index":6}],"level":"Shard","type":"AppendEntries","version":3}
2026-07-29T01:32:49.366228555Z Node N2 Shard: commiting upto index 5
2026-07-29T01:32:49.366196663Z Node N1 Shard: commiting upto index 5
2026-07-29T01:32:49.366429260Z Sending message to node N0: {"term":1,"senderId":"N2","success":true,"matchIndex":6,"level":"Shard","type":"AppendEntriesReply","version":3}
2026-07-29T01:32:49.366464194Z Sending message to node N0: {"term":1,"senderId":"N1","success":true,"matchIndex":6,"level":"Shard","type":"AppendEntriesReply","version":3}
2026-07-29T01:32:49.366871308Z Shard: leader N0 received: {"term":1,"senderId":"N2","success":true,"matchIndex":6,"level":"Shard","type":"AppendEntriesReply","version":3}
2026-07-29T01:32:49.367604082Z Shard: leader N0 received: {"term":1,"senderId":"N1","success":true,"matchIndex":6,"level":"Shard","type":"AppendEntriesReply","version":3}
2026-07-29T01:32:49.367762652Z Node N0 Shard: commiting upto index 6
2026-07-29T01:32:49.367895238Z Shard: leader node: N0 broadcasting append entries message
2026-07-29T01:32:49.368039851Z Sending message to node N1: {"term":1,"leaderId":"N0","prevLogIndex":6,"prevLogTerm":1,"leaderCommit":6,"entries":[{"msg":{"nodes":{"N0":{"id":"N0","ip":"localhost","port":4567},"N1":{"id":"N1","ip":"localhost","port":4568},"N2":{"id":"N2","ip":"localhost","port":4569},"N9":{"id":"N9","ip":"localhost","port":4570},"N11":{"id":"N11","ip":"localhost","port":4572}},"jointConfig":false,"targetVersion":4,"type":"RaftConfig","version":4},"term":1,"index":7}],"level":"Shard","type":"AppendEntries","version":3}
2026-07-29T01:32:49.368418805Z Sending message to node N9: {"term":1,"leaderId":"N0","prevLogIndex":6,"prevLogTerm":1,"leaderCommit":6,"entries":[{"msg":{"nodes":{"N0":{"id":"N0","ip":"localhost","port":4567},"N1":{"id":"N1","ip":"localhost","port":4568},"N2":{"id":"N2","ip":"localhost","port":4569},"N9":{"id":"N9","ip":"localhost","port":4570},"N11":{"id":"N11","ip":"localhost","port":4572}},"jointConfig":false,"targetVersion":4,"type":"RaftConfig","version":4},"term":1,"index":7}],"level":"Shard","type":"AppendEntries","version":3}
2026-07-29T01:32:49.368745043Z Sending message to node N2: {"term":1,"leaderId":"N0","prevLogIndex":6,"prevLogTerm":1,"leaderCommit":6,"entries":[{"msg":{"nodes":{"N0":{"id":"N0","ip":"localhost","port":4567},"N1":{"id":"N1","ip":"localhost","port":4568},"N2":{"id":"N2","ip":"localhost","port":4569},"N9":{"id":"N9","ip":"localhost","port":4570},"N11":{"id":"N11","ip":"localhost","port":4572}},"jointConfig":false,"targetVersion":4,"type":"RaftConfig","version":4},"term":1,"index":7}],"level":"Shard","type":"AppendEntries","version":3}
2026-07-29T01:32:49.369029740Z Sending message to node N11: {"term":1,"leaderId":"N0","prevLogIndex":6,"prevLogTerm":1,"leaderCommit":6,"entries":[{"msg":{"nodes":{"N0":{"id":"N0","ip":"localhost","port":4567},"N1":{"id":"N1","ip":"localhost","port":4568},"N2":{"id":"N2","ip":"localhost","port":4569},"N9":{"id":"N9","ip":"localhost","port":4570},"N11":{"id":"N11","ip":"localhost","port":4572}},"jointConfig":false,"targetVersion":4,"type":"RaftConfig","version":4},"term":1,"index":7}],"level":"Shard","type":"AppendEntries","version":3}
2026-07-29T01:32:49.369669265Z Shard: follower N9 received: {"term":1,"leaderId":"N0","prevLogIndex":6,"prevLogTerm":1,"leaderCommit":6,"entries":[{"msg":{"nodes":{"N0":{"id":"N0","ip":"localhost","port":4567},"N1":{"id":"N1","ip":"localhost","port":4568},"N2":{"id":"N2","ip":"localhost","port":4569},"N9":{"id":"N9","ip":"localhost","port":4570},"N11":{"id":"N11","ip":"localhost","port":4572}},"jointConfig":false,"targetVersion":4,"type":"RaftConfig","version":4},"term":1,"index":7}],"level":"Shard","type":"AppendEntries","version":3}
2026-07-29T01:32:49.369884023Z Node N9 Shard: commiting upto index 6
2026-07-29T01:32:49.370166958Z Sending message to node N0: {"term":1,"senderId":"N9","success":true,"matchIndex":7,"level":"Shard","type":"AppendEntriesReply","version":3}
2026-07-29T01:32:49.369284006Z Shard: follower N1 received: {"term":1,"leaderId":"N0","prevLogIndex":6,"prevLogTerm":1,"leaderCommit":6,"entries":[{"msg":{"nodes":{"N0":{"id":"N0","ip":"localhost","port":4567},"N1":{"id":"N1","ip":"localhost","port":4568},"N2":{"id":"N2","ip":"localhost","port":4569},"N9":{"id":"N9","ip":"localhost","port":4570},"N11":{"id":"N11","ip":"localhost","port":4572}},"jointConfig":false,"targetVersion":4,"type":"RaftConfig","version":4},"term":1,"index":7}],"level":"Shard","type":"AppendEntries","version":3}
2026-07-29T01:32:49.371138642Z Node N1 Shard: commiting upto index 6
2026-07-29T01:32:49.371383973Z Sending message to node N0: {"term":1,"senderId":"N1","success":true,"matchIndex":7,"level":"Shard","type":"AppendEntriesReply","version":3}
2026-07-29T01:32:49.371608335Z Shard: leader N0 received: {"term":1,"senderId":"N9","success":true,"matchIndex":7,"level":"Shard","type":"AppendEntriesReply","version":3}
2026-07-29T01:32:49.371614575Z Shard: follower N2 received: {"term":1,"leaderId":"N0","prevLogIndex":6,"prevLogTerm":1,"leaderCommit":6,"entries":[{"msg":{"nodes":{"N0":{"id":"N0","ip":"localhost","port":4567},"N1":{"id":"N1","ip":"localhost","port":4568},"N2":{"id":"N2","ip":"localhost","port":4569},"N9":{"id":"N9","ip":"localhost","port":4570},"N11":{"id":"N11","ip":"localhost","port":4572}},"jointConfig":false,"targetVersion":4,"type":"RaftConfig","version":4},"term":1,"index":7}],"level":"Shard","type":"AppendEntries","version":3}
2026-07-29T01:32:49.371843805Z Node N2 Shard: commiting upto index 6
2026-07-29T01:32:49.371850946Z Shard: learner N11 received: {"term":1,"leaderId":"N0","prevLogIndex":6,"prevLogTerm":1,"leaderCommit":6,"entries":[{"msg":{"nodes":{"N0":{"id":"N0","ip":"localhost","port":4567},"N1":{"id":"N1","ip":"localhost","port":4568},"N2":{"id":"N2","ip":"localhost","port":4569},"N9":{"id":"N9","ip":"localhost","port":4570},"N11":{"id":"N11","ip":"localhost","port":4572}},"jointConfig":false,"targetVersion":4,"type":"RaftConfig","version":4},"term":1,"index":7}],"level":"Shard","type":"AppendEntries","version":3}
2026-07-29T01:32:49.372047139Z Sending message to node N0: {"term":1,"senderId":"N2","success":true,"matchIndex":7,"level":"Shard","type":"AppendEntriesReply","version":3}
2026-07-29T01:32:49.372183222Z Node N11 Shard: commiting upto index 6
2026-07-29T01:32:49.372849984Z Sending message to node N0: {"term":1,"senderId":"N11","success":true,"matchIndex":7,"level":"Shard","type":"AppendEntriesReply","version":3}
2026-07-29T01:32:49.373261183Z Shard: leader N0 received: {"term":1,"senderId":"N1","success":true,"matchIndex":7,"level":"Shard","type":"AppendEntriesReply","version":3}
2026-07-29T01:32:49.373393173Z Shard: leader N0 received: {"term":1,"senderId":"N2","success":true,"matchIndex":7,"level":"Shard","type":"AppendEntriesReply","version":3}
2026-07-29T01:32:49.373452841Z Node N0 Shard: commiting upto index 7
2026-07-29T01:32:49.373517827Z Shard: leader node: N0 broadcasting append entries message
2026-07-29T01:32:49.373569096Z Sending message to node N1: {"term":1,"leaderId":"N0","prevLogIndex":7,"prevLogTerm":1,"leaderCommit":7,"level":"Shard","type":"AppendEntries","version":4}
2026-07-29T01:32:49.373881440Z Sending message to node N9: {"term":1,"leaderId":"N0","prevLogIndex":7,"prevLogTerm":1,"leaderCommit":7,"level":"Shard","type":"AppendEntries","version":4}
2026-07-29T01:32:49.374159599Z Sending message to node N2: {"term":1,"leaderId":"N0","prevLogIndex":7,"prevLogTerm":1,"leaderCommit":7,"level":"Shard","type":"AppendEntries","version":4}
2026-07-29T01:32:49.374435798Z Sending message to node N11: {"term":1,"leaderId":"N0","prevLogIndex":6,"prevLogTerm":1,"leaderCommit":7,"entries":[{"msg":{"nodes":{"N0":{"id":"N0","ip":"localhost","port":4567},"N1":{"id":"N1","ip":"localhost","port":4568},"N2":{"id":"N2","ip":"localhost","port":4569},"N9":{"id":"N9","ip":"localhost","port":4570},"N11":{"id":"N11","ip":"localhost","port":4572}},"jointConfig":false,"targetVersion":4,"type":"RaftConfig","version":4},"term":1,"index":7}],"level":"Shard","type":"AppendEntries","version":4}
2026-07-29T01:32:49.374354445Z Shard: follower N1 received: {"term":1,"leaderId":"N0","prevLogIndex":7,"prevLogTerm":1,"leaderCommit":7,"level":"Shard","type":"AppendEntries","version":4}
2026-07-29T01:32:49.374532056Z Node N1 Shard: commiting upto index 7
2026-07-29T01:32:49.374684218Z Shard: follower N9 received: {"term":1,"leaderId":"N0","prevLogIndex":7,"prevLogTerm":1,"leaderCommit":7,"level":"Shard","type":"AppendEntries","version":4}
2026-07-29T01:32:49.374786448Z Sending message to node N0: {"term":1,"senderId":"N1","success":true,"matchIndex":7,"level":"Shard","type":"AppendEntriesReply","version":4}
2026-07-29T01:32:49.374878457Z Shard: follower N2 received: {"term":1,"leaderId":"N0","prevLogIndex":7,"prevLogTerm":1,"leaderCommit":7,"level":"Shard","type":"AppendEntries","version":4}
2026-07-29T01:32:49.374970149Z Node N9 Shard: commiting upto index 7
2026-07-29T01:32:49.375038522Z Node N2 Shard: commiting upto index 7
2026-07-29T01:32:49.375184288Z Shard: leader N0 received: {"term":1,"senderId":"N11","success":true,"matchIndex":7,"level":"Shard","type":"AppendEntriesReply","version":3}
2026-07-29T01:32:49.375240556Z Sending message to node N0: {"term":1,"senderId":"N2","success":true,"matchIndex":7,"level":"Shard","type":"AppendEntriesReply","version":4}
2026-07-29T01:32:49.375452872Z Shard: leader N0 received: {"term":1,"senderId":"N1","success":true,"matchIndex":7,"level":"Shard","type":"AppendEntriesReply","version":4}
2026-07-29T01:32:49.375401928Z Sending message to node N0: {"term":1,"senderId":"N9","success":true,"matchIndex":7,"level":"Shard","type":"AppendEntriesReply","version":4}
2026-07-29T01:32:49.375837539Z Shard: leader N0 received: {"term":1,"senderId":"N2","success":true,"matchIndex":7,"level":"Shard","type":"AppendEntriesReply","version":4}
2026-07-29T01:32:49.376268203Z Shard: leader N0 received: {"term":1,"senderId":"N9","success":true,"matchIndex":7,"level":"Shard","type":"AppendEntriesReply","version":4}
2026-07-29T01:32:49.377227960Z Shard: learner N11 received: {"term":1,"leaderId":"N0","prevLogIndex":6,"prevLogTerm":1,"leaderCommit":7,"entries":[{"msg":{"nodes":{"N0":{"id":"N0","ip":"localhost","port":4567},"N1":{"id":"N1","ip":"localhost","port":4568},"N2":{"id":"N2","ip":"localhost","port":4569},"N9":{"id":"N9","ip":"localhost","port":4570},"N11":{"id":"N11","ip":"localhost","port":4572}},"jointConfig":false,"targetVersion":4,"type":"RaftConfig","version":4},"term":1,"index":7}],"level":"Shard","type":"AppendEntries","version":4}
2026-07-29T01:32:49.377869252Z Node N11 Shard: commiting upto index 7
2026-07-29T01:32:49.378465234Z Sending message to node N0: {"term":1,"senderId":"N11","success":true,"matchIndex":7,"level":"Shard","type":"AppendEntriesReply","version":4}
2026-07-29T01:32:49.379347618Z Shard: leader N0 received: {"term":1,"senderId":"N11","success":true,"matchIndex":7,"level":"Shard","type":"AppendEntriesReply","version":4}
2026-07-29T01:32:50.379718554Z Shard: Node N0 - Leader sending heartbeats.
2026-07-29T01:32:50.379852281Z Shard: leader node: N0 broadcasting append entries message
2026-07-29T01:32:50.380077853Z Sending message to node N1: {"term":1,"leaderId":"N0","prevLogIndex":7,"prevLogTerm":1,"leaderCommit":7,"level":"Shard","type":"AppendEntries","version":4}
2026-07-29T01:32:50.380568511Z Sending message to node N9: {"term":1,"leaderId":"N0","prevLogIndex":7,"prevLogTerm":1,"leaderCommit":7,"level":"Shard","type":"AppendEntries","version":4}
2026-07-29T01:32:50.381021240Z Sending message to node N2: {"term":1,"leaderId":"N0","prevLogIndex":7,"prevLogTerm":1,"leaderCommit":7,"level":"Shard","type":"AppendEntries","version":4}
2026-07-29T01:32:50.381378322Z Sending message to node N11: {"term":1,"leaderId":"N0","prevLogIndex":7,"prevLogTerm":1,"leaderCommit":7,"level":"Shard","type":"AppendEntries","version":4}
2026-07-29T01:32:50.383145410Z Shard: follower N11 received: {"term":1,"leaderId":"N0","prevLogIndex":7,"prevLogTerm":1,"leaderCommit":7,"level":"Shard","type":"AppendEntries","version":4}
2026-07-29T01:32:50.383254597Z Shard: follower N2 received: {"term":1,"leaderId":"N0","prevLogIndex":7,"prevLogTerm":1,"leaderCommit":7,"level":"Shard","type":"AppendEntries","version":4}
2026-07-29T01:32:50.383379231Z Node N11 Shard: commiting upto index 7
2026-07-29T01:32:50.383556174Z Sending message to node N0: {"term":1,"senderId":"N11","success":true,"matchIndex":7,"level":"Shard","type":"AppendEntriesReply","version":4}
2026-07-29T01:32:50.383382976Z Node N2 Shard: commiting upto index 7
2026-07-29T01:32:50.383925589Z Shard: follower N1 received: {"term":1,"leaderId":"N0","prevLogIndex":7,"prevLogTerm":1,"leaderCommit":7,"level":"Shard","type":"AppendEntries","version":4}
2026-07-29T01:32:50.384043804Z Node N1 Shard: commiting upto index 7
2026-07-29T01:32:50.384085537Z Sending message to node N0: {"term":1,"senderId":"N2","success":true,"matchIndex":7,"level":"Shard","type":"AppendEntriesReply","version":4}
2026-07-29T01:32:50.384125644Z Sending message to node N0: {"term":1,"senderId":"N1","success":true,"matchIndex":7,"level":"Shard","type":"AppendEntriesReply","version":4}
2026-07-29T01:32:50.384029368Z Shard: follower N9 received: {"term":1,"leaderId":"N0","prevLogIndex":7,"prevLogTerm":1,"leaderCommit":7,"level":"Shard","type":"AppendEntries","version":4}
2026-07-29T01:32:50.384397195Z Node N9 Shard: commiting upto index 7
2026-07-29T01:32:50.384622846Z Shard: leader N0 received: {"term":1,"senderId":"N11","success":true,"matchIndex":7,"level":"Shard","type":"AppendEntriesReply","version":4}
2026-07-29T01:32:50.384786644Z Shard: leader N0 received: {"term":1,"senderId":"N1","success":true,"matchIndex":7,"level":"Shard","type":"AppendEntriesReply","version":4}
2026-07-29T01:32:50.384839317Z Sending message to node N0: {"term":1,"senderId":"N9","success":true,"matchIndex":7,"level":"Shard","type":"AppendEntriesReply","version":4}
2026-07-29T01:32:50.387408074Z Shard: leader N0 received: {"term":1,"senderId":"N2","success":true,"matchIndex":7,"level":"Shard","type":"AppendEntriesReply","version":4}
2026-07-29T01:32:50.387577249Z Shard: leader N0 received: {"term":1,"senderId":"N9","success":true,"matchIndex":7,"level":"Shard","type":"AppendEntriesReply","version":4}
2026-07-29T01:32:51.387932590Z Shard: Node N0 - Leader sending heartbeats.
2026-07-29T01:32:51.388085917Z Shard: leader node: N0 broadcasting append entries message
2026-07-29T01:32:51.388522232Z Sending message to node N1: {"term":1,"leaderId":"N0","prevLogIndex":7,"prevLogTerm":1,"leaderCommit":7,"level":"Shard","type":"AppendEntries","version":4}
2026-07-29T01:32:51.389224929Z Sending message to node N9: {"term":1,"leaderId":"N0","prevLogIndex":7,"prevLogTerm":1,"leaderCommit":7,"level":"Shard","type":"AppendEntries","version":4}
2026-07-29T01:32:51.390543871Z Sending message to node N2: {"term":1,"leaderId":"N0","prevLogIndex":7,"prevLogTerm":1,"leaderCommit":7,"level":"Shard","type":"AppendEntries","version":4}
2026-07-29T01:32:51.390824713Z Sending message to node N11: {"term":1,"leaderId":"N0","prevLogIndex":7,"prevLogTerm":1,"leaderCommit":7,"level":"Shard","type":"AppendEntries","version":4}
2026-07-29T01:32:51.391784982Z Shard: follower N1 received: {"term":1,"leaderId":"N0","prevLogIndex":7,"prevLogTerm":1,"leaderCommit":7,"level":"Shard","type":"AppendEntries","version":4}
2026-07-29T01:32:51.391901555Z Node N1 Shard: commiting upto index 7
2026-07-29T01:32:51.391976272Z Sending message to node N0: {"term":1,"senderId":"N1","success":true,"matchIndex":7,"level":"Shard","type":"AppendEntriesReply","version":4}
2026-07-29T01:32:51.392389731Z Shard: follower N11 received: {"term":1,"leaderId":"N0","prevLogIndex":7,"prevLogTerm":1,"leaderCommit":7,"level":"Shard","type":"AppendEntries","version":4}
2026-07-29T01:32:51.392747362Z Shard: follower N2 received: {"term":1,"leaderId":"N0","prevLogIndex":7,"prevLogTerm":1,"leaderCommit":7,"level":"Shard","type":"AppendEntries","version":4}
2026-07-29T01:32:51.392830062Z Node N2 Shard: commiting upto index 7
2026-07-29T01:32:51.392911907Z Sending message to node N0: {"term":1,"senderId":"N2","success":true,"matchIndex":7,"level":"Shard","type":"AppendEntriesReply","version":4}
2026-07-29T01:32:51.392629818Z Node N11 Shard: commiting upto index 7
2026-07-29T01:32:51.393056027Z Sending message to node N0: {"term":1,"senderId":"N11","success":true,"matchIndex":7,"level":"Shard","type":"AppendEntriesReply","version":4}
2026-07-29T01:32:51.393173590Z Shard: follower N9 received: {"term":1,"leaderId":"N0","prevLogIndex":7,"prevLogTerm":1,"leaderCommit":7,"level":"Shard","type":"AppendEntries","version":4}
2026-07-29T01:32:51.393262921Z Node N9 Shard: commiting upto index 7
2026-07-29T01:32:51.393323284Z Sending message to node N0: {"term":1,"senderId":"N9","success":true,"matchIndex":7,"level":"Shard","type":"AppendEntriesReply","version":4}
2026-07-29T01:32:51.393463023Z Shard: leader N0 received: {"term":1,"senderId":"N1","success":true,"matchIndex":7,"level":"Shard","type":"AppendEntriesReply","version":4}
2026-07-29T01:32:51.393541664Z Shard: leader N0 received: {"term":1,"senderId":"N2","success":true,"matchIndex":7,"level":"Shard","type":"AppendEntriesReply","version":4}
2026-07-29T01:32:51.393597753Z Shard: leader N0 received: {"term":1,"senderId":"N11","success":true,"matchIndex":7,"level":"Shard","type":"AppendEntriesReply","version":4}
2026-07-29T01:32:51.394135646Z Shard: leader N0 received: {"term":1,"senderId":"N9","success":true,"matchIndex":7,"level":"Shard","type":"AppendEntriesReply","version":4}
2026-07-29T01:32:52.394613485Z Shard: Node N0 - Leader sending heartbeats.
2026-07-29T01:32:52.394744290Z Shard: leader node: N0 broadcasting append entries message
2026-07-29T01:32:52.395215975Z Sending message to node N1: {"term":1,"leaderId":"N0","prevLogIndex":7,"prevLogTerm":1,"leaderCommit":7,"level":"Shard","type":"AppendEntries","version":4}
2026-07-29T01:32:52.399461250Z Sending message to node N9: {"term":1,"leaderId":"N0","prevLogIndex":7,"prevLogTerm":1,"leaderCommit":7,"level":"Shard","type":"AppendEntries","version":4}
2026-07-29T01:32:52.400160554Z Shard: follower N1 received: {"term":1,"leaderId":"N0","prevLogIndex":7,"prevLogTerm":1,"leaderCommit":7,"level":"Shard","type":"AppendEntries","version":4}
2026-07-29T01:32:52.400320106Z Node N1 Shard: commiting upto index 7
2026-07-29T01:32:52.400412229Z Sending message to node N0: {"term":1,"senderId":"N1","success":true,"matchIndex":7,"level":"Shard","type":"AppendEntriesReply","version":4}
2026-07-29T01:32:52.400923565Z Sending message to node N2: {"term":1,"leaderId":"N0","prevLogIndex":7,"prevLogTerm":1,"leaderCommit":7,"level":"Shard","type":"AppendEntries","version":4}
2026-07-29T01:32:52.401124849Z Sending message to node N11: {"term":1,"leaderId":"N0","prevLogIndex":7,"prevLogTerm":1,"leaderCommit":7,"level":"Shard","type":"AppendEntries","version":4}
2026-07-29T01:32:52.401234737Z Shard: follower N9 received: {"term":1,"leaderId":"N0","prevLogIndex":7,"prevLogTerm":1,"leaderCommit":7,"level":"Shard","type":"AppendEntries","version":4}
2026-07-29T01:32:52.401360196Z Node N9 Shard: commiting upto index 7
2026-07-29T01:32:52.401463714Z Sending message to node N0: {"term":1,"senderId":"N9","success":true,"matchIndex":7,"level":"Shard","type":"AppendEntriesReply","version":4}
2026-07-29T01:32:52.401477036Z Shard: follower N2 received: {"term":1,"leaderId":"N0","prevLogIndex":7,"prevLogTerm":1,"leaderCommit":7,"level":"Shard","type":"AppendEntries","version":4}
2026-07-29T01:32:52.401598990Z Node N2 Shard: commiting upto index 7
2026-07-29T01:32:52.401708761Z Sending message to node N0: {"term":1,"senderId":"N2","success":true,"matchIndex":7,"level":"Shard","type":"AppendEntriesReply","version":4}
2026-07-29T01:32:52.402020699Z Shard: follower N11 received: {"term":1,"leaderId":"N0","prevLogIndex":7,"prevLogTerm":1,"leaderCommit":7,"level":"Shard","type":"AppendEntries","version":4}
2026-07-29T01:32:52.402539161Z Shard: leader N0 received: {"term":1,"senderId":"N1","success":true,"matchIndex":7,"level":"Shard","type":"AppendEntriesReply","version":4}
2026-07-29T01:32:52.402508450Z Node N11 Shard: commiting upto index 7
2026-07-29T01:32:52.402864807Z Sending message to node N0: {"term":1,"senderId":"N11","success":true,"matchIndex":7,"level":"Shard","type":"AppendEntriesReply","version":4}
2026-07-29T01:32:52.403869051Z Shard: leader N0 received: {"term":1,"senderId":"N9","success":true,"matchIndex":7,"level":"Shard","type":"AppendEntriesReply","version":4}
2026-07-29T01:32:52.404053874Z Shard: leader N0 received: {"term":1,"senderId":"N2","success":true,"matchIndex":7,"level":"Shard","type":"AppendEntriesReply","version":4}
2026-07-29T01:32:52.404118491Z Shard: leader N0 received: {"term":1,"senderId":"N11","success":true,"matchIndex":7,"level":"Shard","type":"AppendEntriesReply","version":4}
2026-07-29T01:32:53.404216674Z Shard: Node N0 - Leader sending heartbeats.
2026-07-29T01:32:53.404285237Z Shard: leader node: N0 broadcasting append entries message
2026-07-29T01:32:53.404354619Z Sending message to node N1: {"term":1,"leaderId":"N0","prevLogIndex":7,"prevLogTerm":1,"leaderCommit":7,"level":"Shard","type":"AppendEntries","version":4}
2026-07-29T01:32:53.404587571Z Sending message to node N9: {"term":1,"leaderId":"N0","prevLogIndex":7,"prevLogTerm":1,"leaderCommit":7,"level":"Shard","type":"AppendEntries","version":4}
2026-07-29T01:32:53.404754878Z Sending message to node N2: {"term":1,"leaderId":"N0","prevLogIndex":7,"prevLogTerm":1,"leaderCommit":7,"level":"Shard","type":"AppendEntries","version":4}
2026-07-29T01:32:53.404876023Z Sending message to node N11: {"term":1,"leaderId":"N0","prevLogIndex":7,"prevLogTerm":1,"leaderCommit":7,"level":"Shard","type":"AppendEntries","version":4}
2026-07-29T01:32:53.405015788Z Shard: follower N1 received: {"term":1,"leaderId":"N0","prevLogIndex":7,"prevLogTerm":1,"leaderCommit":7,"level":"Shard","type":"AppendEntries","version":4}
2026-07-29T01:32:53.405144386Z Node N1 Shard: commiting upto index 7
2026-07-29T01:32:53.405125657Z Shard: follower N9 received: {"term":1,"leaderId":"N0","prevLogIndex":7,"prevLogTerm":1,"leaderCommit":7,"level":"Shard","type":"AppendEntries","version":4}
2026-07-29T01:32:53.405217358Z Sending message to node N0: {"term":1,"senderId":"N1","success":true,"matchIndex":7,"level":"Shard","type":"AppendEntriesReply","version":4}
2026-07-29T01:32:53.405235178Z Node N9 Shard: commiting upto index 7
2026-07-29T01:32:53.405307609Z Sending message to node N0: {"term":1,"senderId":"N9","success":true,"matchIndex":7,"level":"Shard","type":"AppendEntriesReply","version":4}
2026-07-29T01:32:53.405308109Z Shard: follower N2 received: {"term":1,"leaderId":"N0","prevLogIndex":7,"prevLogTerm":1,"leaderCommit":7,"level":"Shard","type":"AppendEntries","version":4}
2026-07-29T01:32:53.405399873Z Node N2 Shard: commiting upto index 7
2026-07-29T01:32:53.405317784Z Shard: follower N11 received: {"term":1,"leaderId":"N0","prevLogIndex":7,"prevLogTerm":1,"leaderCommit":7,"level":"Shard","type":"AppendEntries","version":4}
2026-07-29T01:32:53.405479Z Sending message to node N0: {"term":1,"senderId":"N2","success":true,"matchIndex":7,"level":"Shard","type":"AppendEntriesReply","version":4}
2026-07-29T01:32:53.405521192Z Node N11 Shard: commiting upto index 7
2026-07-29T01:32:53.405672654Z Sending message to node N0: {"term":1,"senderId":"N11","success":true,"matchIndex":7,"level":"Shard","type":"AppendEntriesReply","version":4}
2026-07-29T01:32:53.406013654Z Shard: leader N0 received: {"term":1,"senderId":"N1","success":true,"matchIndex":7,"level":"Shard","type":"AppendEntriesReply","version":4}
2026-07-29T01:32:53.406082684Z Shard: leader N0 received: {"term":1,"senderId":"N9","success":true,"matchIndex":7,"level":"Shard","type":"AppendEntriesReply","version":4}
2026-07-29T01:32:53.406123876Z Shard: leader N0 received: {"term":1,"senderId":"N2","success":true,"matchIndex":7,"level":"Shard","type":"AppendEntriesReply","version":4}
2026-07-29T01:32:53.406157357Z Shard: leader N0 received: {"term":1,"senderId":"N11","success":true,"matchIndex":7,"level":"Shard","type":"AppendEntriesReply","version":4}
2026-07-29T01:32:54.406301236Z Shard: Node N0 - Leader sending heartbeats.
2026-07-29T01:32:54.406365860Z Shard: leader node: N0 broadcasting append entries message
2026-07-29T01:32:54.406480083Z Sending message to node N1: {"term":1,"leaderId":"N0","prevLogIndex":7,"prevLogTerm":1,"leaderCommit":7,"level":"Shard","type":"AppendEntries","version":4}
2026-07-29T01:32:54.406746016Z Sending message to node N9: {"term":1,"leaderId":"N0","prevLogIndex":7,"prevLogTerm":1,"leaderCommit":7,"level":"Shard","type":"AppendEntries","version":4}
2026-07-29T01:32:54.406945083Z Sending message to node N2: {"term":1,"leaderId":"N0","prevLogIndex":7,"prevLogTerm":1,"leaderCommit":7,"level":"Shard","type":"AppendEntries","version":4}
2026-07-29T01:32:54.407135358Z Sending message to node N11: {"term":1,"leaderId":"N0","prevLogIndex":7,"prevLogTerm":1,"leaderCommit":7,"level":"Shard","type":"AppendEntries","version":4}
2026-07-29T01:32:54.407363733Z Shard: follower N1 received: {"term":1,"leaderId":"N0","prevLogIndex":7,"prevLogTerm":1,"leaderCommit":7,"level":"Shard","type":"AppendEntries","version":4}
2026-07-29T01:32:54.407431475Z Shard: follower N2 received: {"term":1,"leaderId":"N0","prevLogIndex":7,"prevLogTerm":1,"leaderCommit":7,"level":"Shard","type":"AppendEntries","version":4}
2026-07-29T01:32:54.407460353Z Node N1 Shard: commiting upto index 7
2026-07-29T01:32:54.407373417Z Shard: follower N9 received: {"term":1,"leaderId":"N0","prevLogIndex":7,"prevLogTerm":1,"leaderCommit":7,"level":"Shard","type":"AppendEntries","version":4}
2026-07-29T01:32:54.407503771Z Node N2 Shard: commiting upto index 7
2026-07-29T01:32:54.407518254Z Sending message to node N0: {"term":1,"senderId":"N1","success":true,"matchIndex":7,"level":"Shard","type":"AppendEntriesReply","version":4}
2026-07-29T01:32:54.407639187Z Node N9 Shard: commiting upto index 7
2026-07-29T01:32:54.407746343Z Sending message to node N0: {"term":1,"senderId":"N2","success":true,"matchIndex":7,"level":"Shard","type":"AppendEntriesReply","version":4}
2026-07-29T01:32:54.407900945Z Sending message to node N0: {"term":1,"senderId":"N9","success":true,"matchIndex":7,"level":"Shard","type":"AppendEntriesReply","version":4}
2026-07-29T01:32:54.408013828Z Shard: leader N0 received: {"term":1,"senderId":"N1","success":true,"matchIndex":7,"level":"Shard","type":"AppendEntriesReply","version":4}
2026-07-29T01:32:54.408068290Z Shard: leader N0 received: {"term":1,"senderId":"N2","success":true,"matchIndex":7,"level":"Shard","type":"AppendEntriesReply","version":4}
2026-07-29T01:32:54.408226692Z Shard: follower N11 received: {"term":1,"leaderId":"N0","prevLogIndex":7,"prevLogTerm":1,"leaderCommit":7,"level":"Shard","type":"AppendEntries","version":4}
2026-07-29T01:32:54.408386588Z Shard: leader N0 received: {"term":1,"senderId":"N9","success":true,"matchIndex":7,"level":"Shard","type":"AppendEntriesReply","version":4}
2026-07-29T01:32:54.408406054Z Node N11 Shard: commiting upto index 7
2026-07-29T01:32:54.408502510Z Sending message to node N0: {"term":1,"senderId":"N11","success":true,"matchIndex":7,"level":"Shard","type":"AppendEntriesReply","version":4}
2026-07-29T01:32:54.408852441Z Shard: leader N0 received: {"term":1,"senderId":"N11","success":true,"matchIndex":7,"level":"Shard","type":"AppendEntriesReply","version":4}
2026-07-29T01:32:55.409089600Z Shard: Node N0 - Leader sending heartbeats.
2026-07-29T01:32:55.409247226Z Shard: leader node: N0 broadcasting append entries message
2026-07-29T01:32:55.409389986Z Sending message to node N1: {"term":1,"leaderId":"N0","prevLogIndex":7,"prevLogTerm":1,"leaderCommit":7,"level":"Shard","type":"AppendEntries","version":4}
2026-07-29T01:32:55.409798775Z Sending message to node N9: {"term":1,"leaderId":"N0","prevLogIndex":7,"prevLogTerm":1,"leaderCommit":7,"level":"Shard","type":"AppendEntries","version":4}
2026-07-29T01:32:55.409905142Z Sending message to node N2: {"term":1,"leaderId":"N0","prevLogIndex":7,"prevLogTerm":1,"leaderCommit":7,"level":"Shard","type":"AppendEntries","version":4}
2026-07-29T01:32:55.410015393Z Sending message to node N11: {"term":1,"leaderId":"N0","prevLogIndex":7,"prevLogTerm":1,"leaderCommit":7,"level":"Shard","type":"AppendEntries","version":4}
2026-07-29T01:32:55.410002075Z Shard: follower N1 received: {"term":1,"leaderId":"N0","prevLogIndex":7,"prevLogTerm":1,"leaderCommit":7,"level":"Shard","type":"AppendEntries","version":4}
2026-07-29T01:32:55.410068245Z Node N1 Shard: commiting upto index 7
2026-07-29T01:32:55.410119157Z Sending message to node N0: {"term":1,"senderId":"N1","success":true,"matchIndex":7,"level":"Shard","type":"AppendEntriesReply","version":4}
2026-07-29T01:32:55.410371698Z Shard: follower N9 received: {"term":1,"leaderId":"N0","prevLogIndex":7,"prevLogTerm":1,"leaderCommit":7,"level":"Shard","type":"AppendEntries","version":4}
2026-07-29T01:32:55.410513865Z Node N9 Shard: commiting upto index 7
2026-07-29T01:32:55.410633972Z Shard: follower N11 received: {"term":1,"leaderId":"N0","prevLogIndex":7,"prevLogTerm":1,"leaderCommit":7,"level":"Shard","type":"AppendEntries","version":4}
2026-07-29T01:32:55.410676086Z Sending message to node N0: {"term":1,"senderId":"N9","success":true,"matchIndex":7,"level":"Shard","type":"AppendEntriesReply","version":4}
2026-07-29T01:32:55.410738969Z Node N11 Shard: commiting upto index 7
2026-07-29T01:32:55.410817477Z Shard: follower N2 received: {"term":1,"leaderId":"N0","prevLogIndex":7,"prevLogTerm":1,"leaderCommit":7,"level":"Shard","type":"AppendEntries","version":4}
2026-07-29T01:32:55.410847568Z Sending message to node N0: {"term":1,"senderId":"N11","success":true,"matchIndex":7,"level":"Shard","type":"AppendEntriesReply","version":4}
2026-07-29T01:32:55.410904617Z Node N2 Shard: commiting upto index 7
2026-07-29T01:32:55.410958648Z Sending message to node N0: {"term":1,"senderId":"N2","success":true,"matchIndex":7,"level":"Shard","type":"AppendEntriesReply","version":4}
2026-07-29T01:32:55.411098847Z Shard: leader N0 received: {"term":1,"senderId":"N1","success":true,"matchIndex":7,"level":"Shard","type":"AppendEntriesReply","version":4}
2026-07-29T01:32:55.411286090Z Shard: leader N0 received: {"term":1,"senderId":"N9","success":true,"matchIndex":7,"level":"Shard","type":"AppendEntriesReply","version":4}
2026-07-29T01:32:55.411334928Z Shard: leader N0 received: {"term":1,"senderId":"N11","success":true,"matchIndex":7,"level":"Shard","type":"AppendEntriesReply","version":4}
2026-07-29T01:32:55.411367142Z Shard: leader N0 received: {"term":1,"senderId":"N2","success":true,"matchIndex":7,"level":"Shard","type":"AppendEntriesReply","version":4}
2026-07-29T01:32:56.411726148Z Shard: Node N0 - Leader sending heartbeats.
2026-07-29T01:32:56.412015647Z Shard: leader node: N0 broadcasting append entries message
2026-07-29T01:32:56.412266308Z Sending message to node N1: {"term":1,"leaderId":"N0","prevLogIndex":7,"prevLogTerm":1,"leaderCommit":7,"level":"Shard","type":"AppendEntries","version":4}
2026-07-29T01:32:56.413588220Z Sending message to node N9: {"term":1,"leaderId":"N0","prevLogIndex":7,"prevLogTerm":1,"leaderCommit":7,"level":"Shard","type":"AppendEntries","version":4}
2026-07-29T01:32:56.414598647Z Sending message to node N2: {"term":1,"leaderId":"N0","prevLogIndex":7,"prevLogTerm":1,"leaderCommit":7,"level":"Shard","type":"AppendEntries","version":4}
2026-07-29T01:32:56.415036513Z Sending message to node N11: {"term":1,"leaderId":"N0","prevLogIndex":7,"prevLogTerm":1,"leaderCommit":7,"level":"Shard","type":"AppendEntries","version":4}
2026-07-29T01:32:56.416716108Z Shard: follower N1 received: {"term":1,"leaderId":"N0","prevLogIndex":7,"prevLogTerm":1,"leaderCommit":7,"level":"Shard","type":"AppendEntries","version":4}
2026-07-29T01:32:56.417037136Z Node N1 Shard: commiting upto index 7
2026-07-29T01:32:56.417199365Z Sending message to node N0: {"term":1,"senderId":"N1","success":true,"matchIndex":7,"level":"Shard","type":"AppendEntriesReply","version":4}
2026-07-29T01:32:56.417197504Z Shard: follower N2 received: {"term":1,"leaderId":"N0","prevLogIndex":7,"prevLogTerm":1,"leaderCommit":7,"level":"Shard","type":"AppendEntries","version":4}
2026-07-29T01:32:56.417400431Z Node N2 Shard: commiting upto index 7
2026-07-29T01:32:56.417529047Z Sending message to node N0: {"term":1,"senderId":"N2","success":true,"matchIndex":7,"level":"Shard","type":"AppendEntriesReply","version":4}
2026-07-29T01:32:56.417996748Z Shard: follower N9 received: {"term":1,"leaderId":"N0","prevLogIndex":7,"prevLogTerm":1,"leaderCommit":7,"level":"Shard","type":"AppendEntries","version":4}
2026-07-29T01:32:56.418603307Z Shard: leader N0 received: {"term":1,"senderId":"N1","success":true,"matchIndex":7,"level":"Shard","type":"AppendEntriesReply","version":4}
2026-07-29T01:32:56.418707113Z Shard: leader N0 received: {"term":1,"senderId":"N2","success":true,"matchIndex":7,"level":"Shard","type":"AppendEntriesReply","version":4}
2026-07-29T01:32:56.418931947Z Shard: follower N11 received: {"term":1,"leaderId":"N0","prevLogIndex":7,"prevLogTerm":1,"leaderCommit":7,"level":"Shard","type":"AppendEntries","version":4}
2026-07-29T01:32:56.418223314Z Node N9 Shard: commiting upto index 7
2026-07-29T01:32:56.419203999Z Node N11 Shard: commiting upto index 7
2026-07-29T01:32:56.419262518Z Sending message to node N0: {"term":1,"senderId":"N9","success":true,"matchIndex":7,"level":"Shard","type":"AppendEntriesReply","version":4}
2026-07-29T01:32:56.419472707Z Sending message to node N0: {"term":1,"senderId":"N11","success":true,"matchIndex":7,"level":"Shard","type":"AppendEntriesReply","version":4}
2026-07-29T01:32:56.420323792Z Shard: leader N0 received: {"term":1,"senderId":"N9","success":true,"matchIndex":7,"level":"Shard","type":"AppendEntriesReply","version":4}
2026-07-29T01:32:56.420487623Z Shard: leader N0 received: {"term":1,"senderId":"N11","success":true,"matchIndex":7,"level":"Shard","type":"AppendEntriesReply","version":4}
2026-07-29T01:32:57.421334472Z Shard: Node N0 - Leader sending heartbeats.
2026-07-29T01:32:57.422039812Z Shard: leader node: N0 broadcasting append entries message
2026-07-29T01:32:57.422500769Z Sending message to node N1: {"term":1,"leaderId":"N0","prevLogIndex":7,"prevLogTerm":1,"leaderCommit":7,"level":"Shard","type":"AppendEntries","version":4}
2026-07-29T01:32:57.423438519Z Sending message to node N9: {"term":1,"leaderId":"N0","prevLogIndex":7,"prevLogTerm":1,"leaderCommit":7,"level":"Shard","type":"AppendEntries","version":4}
2026-07-29T01:32:57.424091621Z Sending message to node N2: {"term":1,"leaderId":"N0","prevLogIndex":7,"prevLogTerm":1,"leaderCommit":7,"level":"Shard","type":"AppendEntries","version":4}
2026-07-29T01:32:57.424617588Z Sending message to node N11: {"term":1,"leaderId":"N0","prevLogIndex":7,"prevLogTerm":1,"leaderCommit":7,"level":"Shard","type":"AppendEntries","version":4}
2026-07-29T01:32:57.425457717Z Shard: follower N1 received: {"term":1,"leaderId":"N0","prevLogIndex":7,"prevLogTerm":1,"leaderCommit":7,"level":"Shard","type":"AppendEntries","version":4}
2026-07-29T01:32:57.426219883Z Node N1 Shard: commiting upto index 7
2026-07-29T01:32:57.426469011Z Sending message to node N0: {"term":1,"senderId":"N1","success":true,"matchIndex":7,"level":"Shard","type":"AppendEntriesReply","version":4}
2026-07-29T01:32:57.426825911Z Shard: follower N2 received: {"term":1,"leaderId":"N0","prevLogIndex":7,"prevLogTerm":1,"leaderCommit":7,"level":"Shard","type":"AppendEntries","version":4}
2026-07-29T01:32:57.426660828Z Shard: follower N9 received: {"term":1,"leaderId":"N0","prevLogIndex":7,"prevLogTerm":1,"leaderCommit":7,"level":"Shard","type":"AppendEntries","version":4}
2026-07-29T01:32:57.427102220Z Node N2 Shard: commiting upto index 7
2026-07-29T01:32:57.427147048Z Node N9 Shard: commiting upto index 7
2026-07-29T01:32:57.427267255Z Sending message to node N0: {"term":1,"senderId":"N2","success":true,"matchIndex":7,"level":"Shard","type":"AppendEntriesReply","version":4}
2026-07-29T01:32:57.427243582Z Shard: follower N11 received: {"term":1,"leaderId":"N0","prevLogIndex":7,"prevLogTerm":1,"leaderCommit":7,"level":"Shard","type":"AppendEntries","version":4}
2026-07-29T01:32:57.427423008Z Sending message to node N0: {"term":1,"senderId":"N9","success":true,"matchIndex":7,"level":"Shard","type":"AppendEntriesReply","version":4}
2026-07-29T01:32:57.427587740Z Node N11 Shard: commiting upto index 7
2026-07-29T01:32:57.427832102Z Sending message to node N0: {"term":1,"senderId":"N11","success":true,"matchIndex":7,"level":"Shard","type":"AppendEntriesReply","version":4}
2026-07-29T01:32:57.428331054Z Shard: leader N0 received: {"term":1,"senderId":"N1","success":true,"matchIndex":7,"level":"Shard","type":"AppendEntriesReply","version":4}
2026-07-29T01:32:57.428739969Z Shard: leader N0 received: {"term":1,"senderId":"N2","success":true,"matchIndex":7,"level":"Shard","type":"AppendEntriesReply","version":4}
2026-07-29T01:32:57.429079270Z Shard: leader N0 received: {"term":1,"senderId":"N9","success":true,"matchIndex":7,"level":"Shard","type":"AppendEntriesReply","version":4}
2026-07-29T01:32:57.429396660Z Shard: leader N0 received: {"term":1,"senderId":"N11","success":true,"matchIndex":7,"level":"Shard","type":"AppendEntriesReply","version":4}
2026-07-29T01:32:58.429724778Z Shard: Node N0 - Leader sending heartbeats.
2026-07-29T01:32:58.429892514Z Shard: leader node: N0 broadcasting append entries message
2026-07-29T01:32:58.430013312Z Sending message to node N1: {"term":1,"leaderId":"N0","prevLogIndex":7,"prevLogTerm":1,"leaderCommit":7,"level":"Shard","type":"AppendEntries","version":4}
2026-07-29T01:32:58.430364288Z Sending message to node N9: {"term":1,"leaderId":"N0","prevLogIndex":7,"prevLogTerm":1,"leaderCommit":7,"level":"Shard","type":"AppendEntries","version":4}
2026-07-29T01:32:58.430483401Z Sending message to node N2: {"term":1,"leaderId":"N0","prevLogIndex":7,"prevLogTerm":1,"leaderCommit":7,"level":"Shard","type":"AppendEntries","version":4}
2026-07-29T01:32:58.430607911Z Sending message to node N11: {"term":1,"leaderId":"N0","prevLogIndex":7,"prevLogTerm":1,"leaderCommit":7,"level":"Shard","type":"AppendEntries","version":4}
2026-07-29T01:32:58.431990587Z Shard: follower N2 received: {"term":1,"leaderId":"N0","prevLogIndex":7,"prevLogTerm":1,"leaderCommit":7,"level":"Shard","type":"AppendEntries","version":4}
2026-07-29T01:32:58.432103175Z Node N2 Shard: commiting upto index 7
2026-07-29T01:32:58.432121050Z Shard: follower N1 received: {"term":1,"leaderId":"N0","prevLogIndex":7,"prevLogTerm":1,"leaderCommit":7,"level":"Shard","type":"AppendEntries","version":4}
2026-07-29T01:32:58.432170531Z Sending message to node N0: {"term":1,"senderId":"N2","success":true,"matchIndex":7,"level":"Shard","type":"AppendEntriesReply","version":4}
2026-07-29T01:32:58.432227633Z Node N1 Shard: commiting upto index 7
2026-07-29T01:32:58.432229471Z Shard: follower N9 received: {"term":1,"leaderId":"N0","prevLogIndex":7,"prevLogTerm":1,"leaderCommit":7,"level":"Shard","type":"AppendEntries","version":4}
2026-07-29T01:32:58.432290571Z Sending message to node N0: {"term":1,"senderId":"N1","success":true,"matchIndex":7,"level":"Shard","type":"AppendEntriesReply","version":4}
2026-07-29T01:32:58.432319089Z Node N9 Shard: commiting upto index 7
2026-07-29T01:32:58.432378600Z Sending message to node N0: {"term":1,"senderId":"N9","success":true,"matchIndex":7,"level":"Shard","type":"AppendEntriesReply","version":4}
2026-07-29T01:32:58.432629412Z Shard: leader N0 received: {"term":1,"senderId":"N2","success":true,"matchIndex":7,"level":"Shard","type":"AppendEntriesReply","version":4}
2026-07-29T01:32:58.432565078Z Shard: follower N11 received: {"term":1,"leaderId":"N0","prevLogIndex":7,"prevLogTerm":1,"leaderCommit":7,"level":"Shard","type":"AppendEntries","version":4}
2026-07-29T01:32:58.432711440Z Node N11 Shard: commiting upto index 7
2026-07-29T01:32:58.432797523Z Sending message to node N0: {"term":1,"senderId":"N11","success":true,"matchIndex":7,"level":"Shard","type":"AppendEntriesReply","version":4}
2026-07-29T01:32:58.433200073Z Shard: leader N0 received: {"term":1,"senderId":"N1","success":true,"matchIndex":7,"level":"Shard","type":"AppendEntriesReply","version":4}
2026-07-29T01:32:58.433259857Z Shard: leader N0 received: {"term":1,"senderId":"N9","success":true,"matchIndex":7,"level":"Shard","type":"AppendEntriesReply","version":4}
2026-07-29T01:32:58.433282979Z Shard: leader N0 received: {"term":1,"senderId":"N11","success":true,"matchIndex":7,"level":"Shard","type":"AppendEntriesReply","version":4}
2026-07-29T01:32:59.433569121Z Shard: Node N0 - Leader sending heartbeats.
2026-07-29T01:32:59.433777257Z Shard: leader node: N0 broadcasting append entries message
2026-07-29T01:32:59.434088655Z Sending message to node N1: {"term":1,"leaderId":"N0","prevLogIndex":7,"prevLogTerm":1,"leaderCommit":7,"level":"Shard","type":"AppendEntries","version":4}
2026-07-29T01:32:59.434547866Z Sending message to node N9: {"term":1,"leaderId":"N0","prevLogIndex":7,"prevLogTerm":1,"leaderCommit":7,"level":"Shard","type":"AppendEntries","version":4}
2026-07-29T01:32:59.434805332Z Sending message to node N2: {"term":1,"leaderId":"N0","prevLogIndex":7,"prevLogTerm":1,"leaderCommit":7,"level":"Shard","type":"AppendEntries","version":4}
2026-07-29T01:32:59.435011001Z Sending message to node N11: {"term":1,"leaderId":"N0","prevLogIndex":7,"prevLogTerm":1,"leaderCommit":7,"level":"Shard","type":"AppendEntries","version":4}
2026-07-29T01:32:59.436229242Z Shard: follower N9 received: {"term":1,"leaderId":"N0","prevLogIndex":7,"prevLogTerm":1,"leaderCommit":7,"level":"Shard","type":"AppendEntries","version":4}
2026-07-29T01:32:59.436443041Z Node N9 Shard: commiting upto index 7
2026-07-29T01:32:59.436589911Z Sending message to node N0: {"term":1,"senderId":"N9","success":true,"matchIndex":7,"level":"Shard","type":"AppendEntriesReply","version":4}
2026-07-29T01:32:59.436763700Z Shard: follower N2 received: {"term":1,"leaderId":"N0","prevLogIndex":7,"prevLogTerm":1,"leaderCommit":7,"level":"Shard","type":"AppendEntries","version":4}
2026-07-29T01:32:59.436910210Z Node N2 Shard: commiting upto index 7
2026-07-29T01:32:59.436995289Z Sending message to node N0: {"term":1,"senderId":"N2","success":true,"matchIndex":7,"level":"Shard","type":"AppendEntriesReply","version":4}
2026-07-29T01:32:59.437762665Z Shard: follower N1 received: {"term":1,"leaderId":"N0","prevLogIndex":7,"prevLogTerm":1,"leaderCommit":7,"level":"Shard","type":"AppendEntries","version":4}
2026-07-29T01:32:59.437987627Z Node N1 Shard: commiting upto index 7
2026-07-29T01:32:59.438096071Z Sending message to node N0: {"term":1,"senderId":"N1","success":true,"matchIndex":7,"level":"Shard","type":"AppendEntriesReply","version":4}
2026-07-29T01:32:59.438445612Z Shard: follower N11 received: {"term":1,"leaderId":"N0","prevLogIndex":7,"prevLogTerm":1,"leaderCommit":7,"level":"Shard","type":"AppendEntries","version":4}
2026-07-29T01:32:59.438612788Z Node N11 Shard: commiting upto index 7
2026-07-29T01:32:59.438732965Z Sending message to node N0: {"term":1,"senderId":"N11","success":true,"matchIndex":7,"level":"Shard","type":"AppendEntriesReply","version":4}
2026-07-29T01:32:59.439060530Z Shard: leader N0 received: {"term":1,"senderId":"N9","success":true,"matchIndex":7,"level":"Shard","type":"AppendEntriesReply","version":4}
2026-07-29T01:32:59.439462870Z Shard: leader N0 received: {"term":1,"senderId":"N2","success":true,"matchIndex":7,"level":"Shard","type":"AppendEntriesReply","version":4}
2026-07-29T01:32:59.439608445Z Shard: leader N0 received: {"term":1,"senderId":"N1","success":true,"matchIndex":7,"level":"Shard","type":"AppendEntriesReply","version":4}
2026-07-29T01:32:59.439722625Z Shard: leader N0 received: {"term":1,"senderId":"N11","success":true,"matchIndex":7,"level":"Shard","type":"AppendEntriesReply","version":4}
2026-07-29T01:33:00.439923705Z Shard: Node N0 - Leader sending heartbeats.
2026-07-29T01:33:00.440031833Z Shard: leader node: N0 broadcasting append entries message
2026-07-29T01:33:00.440112380Z Sending message to node N1: {"term":1,"leaderId":"N0","prevLogIndex":7,"prevLogTerm":1,"leaderCommit":7,"level":"Shard","type":"AppendEntries","version":4}
2026-07-29T01:33:00.440357134Z Sending message to node N9: {"term":1,"leaderId":"N0","prevLogIndex":7,"prevLogTerm":1,"leaderCommit":7,"level":"Shard","type":"AppendEntries","version":4}
2026-07-29T01:33:00.440495960Z Sending message to node N2: {"term":1,"leaderId":"N0","prevLogIndex":7,"prevLogTerm":1,"leaderCommit":7,"level":"Shard","type":"AppendEntries","version":4}
2026-07-29T01:33:00.440586197Z Sending message to node N11: {"term":1,"leaderId":"N0","prevLogIndex":7,"prevLogTerm":1,"leaderCommit":7,"level":"Shard","type":"AppendEntries","version":4}
2026-07-29T01:33:00.441169148Z Shard: follower N1 received: {"term":1,"leaderId":"N0","prevLogIndex":7,"prevLogTerm":1,"leaderCommit":7,"level":"Shard","type":"AppendEntries","version":4}
2026-07-29T01:33:00.441304360Z Node N1 Shard: commiting upto index 7
2026-07-29T01:33:00.441381901Z Sending message to node N0: {"term":1,"senderId":"N1","success":true,"matchIndex":7,"level":"Shard","type":"AppendEntriesReply","version":4}
2026-07-29T01:33:00.441901642Z Shard: follower N2 received: {"term":1,"leaderId":"N0","prevLogIndex":7,"prevLogTerm":1,"leaderCommit":7,"level":"Shard","type":"AppendEntries","version":4}
2026-07-29T01:33:00.442040158Z Node N2 Shard: commiting upto index 7
2026-07-29T01:33:00.442199486Z Sending message to node N0: {"term":1,"senderId":"N2","success":true,"matchIndex":7,"level":"Shard","type":"AppendEntriesReply","version":4}
2026-07-29T01:33:00.442478443Z Shard: follower N9 received: {"term":1,"leaderId":"N0","prevLogIndex":7,"prevLogTerm":1,"leaderCommit":7,"level":"Shard","type":"AppendEntries","version":4}
2026-07-29T01:33:00.442657044Z Node N9 Shard: commiting upto index 7
2026-07-29T01:33:00.442766984Z Sending message to node N0: {"term":1,"senderId":"N9","success":true,"matchIndex":7,"level":"Shard","type":"AppendEntriesReply","version":4}
2026-07-29T01:33:00.443317047Z Shard: follower N11 received: {"term":1,"leaderId":"N0","prevLogIndex":7,"prevLogTerm":1,"leaderCommit":7,"level":"Shard","type":"AppendEntries","version":4}
2026-07-29T01:33:00.443519128Z Shard: leader N0 received: {"term":1,"senderId":"N1","success":true,"matchIndex":7,"level":"Shard","type":"AppendEntriesReply","version":4}
2026-07-29T01:33:00.443552403Z Shard: leader N0 received: {"term":1,"senderId":"N2","success":true,"matchIndex":7,"level":"Shard","type":"AppendEntriesReply","version":4}
2026-07-29T01:33:00.443408460Z Node N11 Shard: commiting upto index 7
2026-07-29T01:33:00.444184217Z Sending message to node N0: {"term":1,"senderId":"N11","success":true,"matchIndex":7,"level":"Shard","type":"AppendEntriesReply","version":4}
2026-07-29T01:33:00.444990993Z Shard: leader N0 received: {"term":1,"senderId":"N11","success":true,"matchIndex":7,"level":"Shard","type":"AppendEntriesReply","version":4}
2026-07-29T01:33:00.450883517Z Shard: leader N0 received: {"term":1,"senderId":"N9","success":true,"matchIndex":7,"level":"Shard","type":"AppendEntriesReply","version":4}
2026-07-29T01:33:01.451080142Z Shard: Node N0 - Leader sending heartbeats.
2026-07-29T01:33:01.451153279Z Shard: leader node: N0 broadcasting append entries message
2026-07-29T01:33:01.451244129Z Sending message to node N1: {"term":1,"leaderId":"N0","prevLogIndex":7,"prevLogTerm":1,"leaderCommit":7,"level":"Shard","type":"AppendEntries","version":4}
2026-07-29T01:33:01.451435828Z Sending message to node N9: {"term":1,"leaderId":"N0","prevLogIndex":7,"prevLogTerm":1,"leaderCommit":7,"level":"Shard","type":"AppendEntries","version":4}
2026-07-29T01:33:01.451564026Z Sending message to node N2: {"term":1,"leaderId":"N0","prevLogIndex":7,"prevLogTerm":1,"leaderCommit":7,"level":"Shard","type":"AppendEntries","version":4}
2026-07-29T01:33:01.451604933Z Shard: follower N1 received: {"term":1,"leaderId":"N0","prevLogIndex":7,"prevLogTerm":1,"leaderCommit":7,"level":"Shard","type":"AppendEntries","version":4}
2026-07-29T01:33:01.451679998Z Sending message to node N11: {"term":1,"leaderId":"N0","prevLogIndex":7,"prevLogTerm":1,"leaderCommit":7,"level":"Shard","type":"AppendEntries","version":4}
2026-07-29T01:33:01.451683895Z Node N1 Shard: commiting upto index 7
2026-07-29T01:33:01.451737254Z Sending message to node N0: {"term":1,"senderId":"N1","success":true,"matchIndex":7,"level":"Shard","type":"AppendEntriesReply","version":4}
2026-07-29T01:33:01.451895968Z Shard: follower N9 received: {"term":1,"leaderId":"N0","prevLogIndex":7,"prevLogTerm":1,"leaderCommit":7,"level":"Shard","type":"AppendEntries","version":4}
2026-07-29T01:33:01.452027488Z Node N9 Shard: commiting upto index 7
2026-07-29T01:33:01.452057794Z Shard: leader N0 received: {"term":1,"senderId":"N1","success":true,"matchIndex":7,"level":"Shard","type":"AppendEntriesReply","version":4}
2026-07-29T01:33:01.452095854Z Shard: follower N2 received: {"term":1,"leaderId":"N0","prevLogIndex":7,"prevLogTerm":1,"leaderCommit":7,"level":"Shard","type":"AppendEntries","version":4}
2026-07-29T01:33:01.452198101Z Sending message to node N0: {"term":1,"senderId":"N9","success":true,"matchIndex":7,"level":"Shard","type":"AppendEntriesReply","version":4}
2026-07-29T01:33:01.452280938Z Shard: follower N11 received: {"term":1,"leaderId":"N0","prevLogIndex":7,"prevLogTerm":1,"leaderCommit":7,"level":"Shard","type":"AppendEntries","version":4}
2026-07-29T01:33:01.452383638Z Node N11 Shard: commiting upto index 7
2026-07-29T01:33:01.452457259Z Sending message to node N0: {"term":1,"senderId":"N11","success":true,"matchIndex":7,"level":"Shard","type":"AppendEntriesReply","version":4}
2026-07-29T01:33:01.452547348Z Shard: leader N0 received: {"term":1,"senderId":"N9","success":true,"matchIndex":7,"level":"Shard","type":"AppendEntriesReply","version":4}
2026-07-29T01:33:01.452577845Z Node N2 Shard: commiting upto index 7
2026-07-29T01:33:01.452755796Z Sending message to node N0: {"term":1,"senderId":"N2","success":true,"matchIndex":7,"level":"Shard","type":"AppendEntriesReply","version":4}
2026-07-29T01:33:01.452813376Z Shard: leader N0 received: {"term":1,"senderId":"N11","success":true,"matchIndex":7,"level":"Shard","type":"AppendEntriesReply","version":4}
2026-07-29T01:33:01.453036531Z Shard: leader N0 received: {"term":1,"senderId":"N2","success":true,"matchIndex":7,"level":"Shard","type":"AppendEntriesReply","version":4}
2026-07-29T01:33:02.453267591Z Shard: Node N0 - Leader sending heartbeats.
2026-07-29T01:33:02.456824666Z Shard: leader node: N0 broadcasting append entries message
2026-07-29T01:33:02.457172814Z Sending message to node N1: {"term":1,"leaderId":"N0","prevLogIndex":7,"prevLogTerm":1,"leaderCommit":7,"level":"Shard","type":"AppendEntries","version":4}
2026-07-29T01:33:02.457796635Z Sending message to node N9: {"term":1,"leaderId":"N0","prevLogIndex":7,"prevLogTerm":1,"leaderCommit":7,"level":"Shard","type":"AppendEntries","version":4}
2026-07-29T01:33:02.458776194Z Sending message to node N2: {"term":1,"leaderId":"N0","prevLogIndex":7,"prevLogTerm":1,"leaderCommit":7,"level":"Shard","type":"AppendEntries","version":4}
2026-07-29T01:33:02.459143745Z Sending message to node N11: {"term":1,"leaderId":"N0","prevLogIndex":7,"prevLogTerm":1,"leaderCommit":7,"level":"Shard","type":"AppendEntries","version":4}
2026-07-29T01:33:02.459786366Z Shard: follower N1 received: {"term":1,"leaderId":"N0","prevLogIndex":7,"prevLogTerm":1,"leaderCommit":7,"level":"Shard","type":"AppendEntries","version":4}
2026-07-29T01:33:02.460015482Z Node N1 Shard: commiting upto index 7
2026-07-29T01:33:02.460172722Z Sending message to node N0: {"term":1,"senderId":"N1","success":true,"matchIndex":7,"level":"Shard","type":"AppendEntriesReply","version":4}
2026-07-29T01:33:02.460715849Z Shard: follower N2 received: {"term":1,"leaderId":"N0","prevLogIndex":7,"prevLogTerm":1,"leaderCommit":7,"level":"Shard","type":"AppendEntries","version":4}
2026-07-29T01:33:02.460793407Z Shard: follower N9 received: {"term":1,"leaderId":"N0","prevLogIndex":7,"prevLogTerm":1,"leaderCommit":7,"level":"Shard","type":"AppendEntries","version":4}
2026-07-29T01:33:02.461054293Z Node N9 Shard: commiting upto index 7
2026-07-29T01:33:02.461045575Z Node N2 Shard: commiting upto index 7
2026-07-29T01:33:02.461214722Z Sending message to node N0: {"term":1,"senderId":"N9","success":true,"matchIndex":7,"level":"Shard","type":"AppendEntriesReply","version":4}
2026-07-29T01:33:02.461225900Z Sending message to node N0: {"term":1,"senderId":"N2","success":true,"matchIndex":7,"level":"Shard","type":"AppendEntriesReply","version":4}
2026-07-29T01:33:02.461602537Z Shard: leader N0 received: {"term":1,"senderId":"N1","success":true,"matchIndex":7,"level":"Shard","type":"AppendEntriesReply","version":4}
2026-07-29T01:33:02.461309230Z Shard: follower N11 received: {"term":1,"leaderId":"N0","prevLogIndex":7,"prevLogTerm":1,"leaderCommit":7,"level":"Shard","type":"AppendEntries","version":4}
2026-07-29T01:33:02.462699733Z Shard: leader N0 received: {"term":1,"senderId":"N2","success":true,"matchIndex":7,"level":"Shard","type":"AppendEntriesReply","version":4}
2026-07-29T01:33:02.462450355Z Node N11 Shard: commiting upto index 7
2026-07-29T01:33:02.462951001Z Shard: leader N0 received: {"term":1,"senderId":"N9","success":true,"matchIndex":7,"level":"Shard","type":"AppendEntriesReply","version":4}
2026-07-29T01:33:02.463291963Z Sending message to node N0: {"term":1,"senderId":"N11","success":true,"matchIndex":7,"level":"Shard","type":"AppendEntriesReply","version":4}
2026-07-29T01:33:02.464540591Z Shard: leader N0 received: {"term":1,"senderId":"N11","success":true,"matchIndex":7,"level":"Shard","type":"AppendEntriesReply","version":4}
2026-07-29T01:33:03.464724734Z Shard: Node N0 - Leader sending heartbeats.
2026-07-29T01:33:03.464810836Z Shard: leader node: N0 broadcasting append entries message
2026-07-29T01:33:03.464877293Z Sending message to node N1: {"term":1,"leaderId":"N0","prevLogIndex":7,"prevLogTerm":1,"leaderCommit":7,"level":"Shard","type":"AppendEntries","version":4}
2026-07-29T01:33:03.465040099Z Sending message to node N9: {"term":1,"leaderId":"N0","prevLogIndex":7,"prevLogTerm":1,"leaderCommit":7,"level":"Shard","type":"AppendEntries","version":4}
2026-07-29T01:33:03.465178670Z Sending message to node N2: {"term":1,"leaderId":"N0","prevLogIndex":7,"prevLogTerm":1,"leaderCommit":7,"level":"Shard","type":"AppendEntries","version":4}
2026-07-29T01:33:03.465283390Z Sending message to node N11: {"term":1,"leaderId":"N0","prevLogIndex":7,"prevLogTerm":1,"leaderCommit":7,"level":"Shard","type":"AppendEntries","version":4}
2026-07-29T01:33:03.465796342Z Shard: follower N1 received: {"term":1,"leaderId":"N0","prevLogIndex":7,"prevLogTerm":1,"leaderCommit":7,"level":"Shard","type":"AppendEntries","version":4}
2026-07-29T01:33:03.465880498Z Node N1 Shard: commiting upto index 7
2026-07-29T01:33:03.465972135Z Sending message to node N0: {"term":1,"senderId":"N1","success":true,"matchIndex":7,"level":"Shard","type":"AppendEntriesReply","version":4}
2026-07-29T01:33:03.466286008Z Shard: follower N2 received: {"term":1,"leaderId":"N0","prevLogIndex":7,"prevLogTerm":1,"leaderCommit":7,"level":"Shard","type":"AppendEntries","version":4}
2026-07-29T01:33:03.466371097Z Node N2 Shard: commiting upto index 7
2026-07-29T01:33:03.466363844Z Shard: follower N9 received: {"term":1,"leaderId":"N0","prevLogIndex":7,"prevLogTerm":1,"leaderCommit":7,"level":"Shard","type":"AppendEntries","version":4}
2026-07-29T01:33:03.466430288Z Sending message to node N0: {"term":1,"senderId":"N2","success":true,"matchIndex":7,"level":"Shard","type":"AppendEntriesReply","version":4}
2026-07-29T01:33:03.466475398Z Node N9 Shard: commiting upto index 7
2026-07-29T01:33:03.466536888Z Sending message to node N0: {"term":1,"senderId":"N9","success":true,"matchIndex":7,"level":"Shard","type":"AppendEntriesReply","version":4}
2026-07-29T01:33:03.466978734Z Shard: leader N0 received: {"term":1,"senderId":"N1","success":true,"matchIndex":7,"level":"Shard","type":"AppendEntriesReply","version":4}
2026-07-29T01:33:03.467074984Z Shard: leader N0 received: {"term":1,"senderId":"N2","success":true,"matchIndex":7,"level":"Shard","type":"AppendEntriesReply","version":4}
2026-07-29T01:33:03.467113527Z Shard: leader N0 received: {"term":1,"senderId":"N9","success":true,"matchIndex":7,"level":"Shard","type":"AppendEntriesReply","version":4}
2026-07-29T01:33:03.467387499Z Shard: follower N11 received: {"term":1,"leaderId":"N0","prevLogIndex":7,"prevLogTerm":1,"leaderCommit":7,"level":"Shard","type":"AppendEntries","version":4}
2026-07-29T01:33:03.467649199Z Node N11 Shard: commiting upto index 7
2026-07-29T01:33:03.468126052Z Sending message to node N0: {"term":1,"senderId":"N11","success":true,"matchIndex":7,"level":"Shard","type":"AppendEntriesReply","version":4}
2026-07-29T01:33:03.468972445Z Shard: leader N0 received: {"term":1,"senderId":"N11","success":true,"matchIndex":7,"level":"Shard","type":"AppendEntriesReply","version":4}
2026-07-29T01:33:04.469729558Z Shard: Node N0 - Leader sending heartbeats.
2026-07-29T01:33:04.470408717Z Shard: leader node: N0 broadcasting append entries message
2026-07-29T01:33:04.470840892Z Sending message to node N1: {"term":1,"leaderId":"N0","prevLogIndex":7,"prevLogTerm":1,"leaderCommit":7,"level":"Shard","type":"AppendEntries","version":4}
2026-07-29T01:33:04.471651246Z Sending message to node N9: {"term":1,"leaderId":"N0","prevLogIndex":7,"prevLogTerm":1,"leaderCommit":7,"level":"Shard","type":"AppendEntries","version":4}
2026-07-29T01:33:04.472167355Z Sending message to node N2: {"term":1,"leaderId":"N0","prevLogIndex":7,"prevLogTerm":1,"leaderCommit":7,"level":"Shard","type":"AppendEntries","version":4}
2026-07-29T01:33:04.472634273Z Sending message to node N11: {"term":1,"leaderId":"N0","prevLogIndex":7,"prevLogTerm":1,"leaderCommit":7,"level":"Shard","type":"AppendEntries","version":4}
2026-07-29T01:33:04.473235793Z Shard: follower N9 received: {"term":1,"leaderId":"N0","prevLogIndex":7,"prevLogTerm":1,"leaderCommit":7,"level":"Shard","type":"AppendEntries","version":4}
2026-07-29T01:33:04.473584612Z Node N9 Shard: commiting upto index 7
2026-07-29T01:33:04.473993500Z Sending message to node N0: {"term":1,"senderId":"N9","success":true,"matchIndex":7,"level":"Shard","type":"AppendEntriesReply","version":4}
2026-07-29T01:33:04.475254721Z Shard: leader N0 received: {"term":1,"senderId":"N9","success":true,"matchIndex":7,"level":"Shard","type":"AppendEntriesReply","version":4}
2026-07-29T01:33:04.476227233Z Shard: follower N2 received: {"term":1,"leaderId":"N0","prevLogIndex":7,"prevLogTerm":1,"leaderCommit":7,"level":"Shard","type":"AppendEntries","version":4}
2026-07-29T01:33:04.476338396Z Shard: follower N1 received: {"term":1,"leaderId":"N0","prevLogIndex":7,"prevLogTerm":1,"leaderCommit":7,"level":"Shard","type":"AppendEntries","version":4}
2026-07-29T01:33:04.476521341Z Node N2 Shard: commiting upto index 7
2026-07-29T01:33:04.476554415Z Node N1 Shard: commiting upto index 7
2026-07-29T01:33:04.476700482Z Sending message to node N0: {"term":1,"senderId":"N1","success":true,"matchIndex":7,"level":"Shard","type":"AppendEntriesReply","version":4}
2026-07-29T01:33:04.476696920Z Sending message to node N0: {"term":1,"senderId":"N2","success":true,"matchIndex":7,"level":"Shard","type":"AppendEntriesReply","version":4}
2026-07-29T01:33:04.476710343Z Shard: follower N11 received: {"term":1,"leaderId":"N0","prevLogIndex":7,"prevLogTerm":1,"leaderCommit":7,"level":"Shard","type":"AppendEntries","version":4}
2026-07-29T01:33:04.476974415Z Node N11 Shard: commiting upto index 7
2026-07-29T01:33:04.477157670Z Sending message to node N0: {"term":1,"senderId":"N11","success":true,"matchIndex":7,"level":"Shard","type":"AppendEntriesReply","version":4}
2026-07-29T01:33:04.477571721Z Shard: leader N0 received: {"term":1,"senderId":"N1","success":true,"matchIndex":7,"level":"Shard","type":"AppendEntriesReply","version":4}
2026-07-29T01:33:04.477705108Z Shard: leader N0 received: {"term":1,"senderId":"N2","success":true,"matchIndex":7,"level":"Shard","type":"AppendEntriesReply","version":4}
2026-07-29T01:33:04.478444657Z Shard: leader N0 received: {"term":1,"senderId":"N11","success":true,"matchIndex":7,"level":"Shard","type":"AppendEntriesReply","version":4}
2026-07-29T01:33:05.479056665Z Shard: Node N0 - Leader sending heartbeats.
2026-07-29T01:33:05.479443119Z Shard: leader node: N0 broadcasting append entries message
2026-07-29T01:33:05.479784041Z Sending message to node N1: {"term":1,"leaderId":"N0","prevLogIndex":7,"prevLogTerm":1,"leaderCommit":7,"level":"Shard","type":"AppendEntries","version":4}
2026-07-29T01:33:05.480736164Z Sending message to node N9: {"term":1,"leaderId":"N0","prevLogIndex":7,"prevLogTerm":1,"leaderCommit":7,"level":"Shard","type":"AppendEntries","version":4}
2026-07-29T01:33:05.481601564Z Sending message to node N2: {"term":1,"leaderId":"N0","prevLogIndex":7,"prevLogTerm":1,"leaderCommit":7,"level":"Shard","type":"AppendEntries","version":4}
2026-07-29T01:33:05.481601846Z Shard: follower N1 received: {"term":1,"leaderId":"N0","prevLogIndex":7,"prevLogTerm":1,"leaderCommit":7,"level":"Shard","type":"AppendEntries","version":4}
2026-07-29T01:33:05.482306687Z Sending message to node N11: {"term":1,"leaderId":"N0","prevLogIndex":7,"prevLogTerm":1,"leaderCommit":7,"level":"Shard","type":"AppendEntries","version":4}
2026-07-29T01:33:05.482235647Z Node N1 Shard: commiting upto index 7
2026-07-29T01:33:05.482650884Z Sending message to node N0: {"term":1,"senderId":"N1","success":true,"matchIndex":7,"level":"Shard","type":"AppendEntriesReply","version":4}
2026-07-29T01:33:05.482710989Z Shard: follower N9 received: {"term":1,"leaderId":"N0","prevLogIndex":7,"prevLogTerm":1,"leaderCommit":7,"level":"Shard","type":"AppendEntries","version":4}
2026-07-29T01:33:05.483480949Z Node N9 Shard: commiting upto index 7
2026-07-29T01:33:05.483979779Z Sending message to node N0: {"term":1,"senderId":"N9","success":true,"matchIndex":7,"level":"Shard","type":"AppendEntriesReply","version":4}
2026-07-29T01:33:05.484282439Z Shard: follower N11 received: {"term":1,"leaderId":"N0","prevLogIndex":7,"prevLogTerm":1,"leaderCommit":7,"level":"Shard","type":"AppendEntries","version":4}
2026-07-29T01:33:05.484339898Z Shard: follower N2 received: {"term":1,"leaderId":"N0","prevLogIndex":7,"prevLogTerm":1,"leaderCommit":7,"level":"Shard","type":"AppendEntries","version":4}
2026-07-29T01:33:05.484691406Z Node N2 Shard: commiting upto index 7
2026-07-29T01:33:05.484629595Z Shard: leader N0 received: {"term":1,"senderId":"N1","success":true,"matchIndex":7,"level":"Shard","type":"AppendEntriesReply","version":4}
2026-07-29T01:33:05.484689082Z Node N11 Shard: commiting upto index 7
2026-07-29T01:33:05.484848961Z Sending message to node N0: {"term":1,"senderId":"N2","success":true,"matchIndex":7,"level":"Shard","type":"AppendEntriesReply","version":4}
2026-07-29T01:33:05.485110690Z Sending message to node N0: {"term":1,"senderId":"N11","success":true,"matchIndex":7,"level":"Shard","type":"AppendEntriesReply","version":4}
2026-07-29T01:33:05.485721011Z Shard: leader N0 received: {"term":1,"senderId":"N9","success":true,"matchIndex":7,"level":"Shard","type":"AppendEntriesReply","version":4}
2026-07-29T01:33:05.502648484Z Shard: leader N0 received: {"term":1,"senderId":"N2","success":true,"matchIndex":7,"level":"Shard","type":"AppendEntriesReply","version":4}
2026-07-29T01:33:05.502880760Z Shard: leader N0 received: {"term":1,"senderId":"N11","success":true,"matchIndex":7,"level":"Shard","type":"AppendEntriesReply","version":4}
2026-07-29T01:33:06.503273457Z Shard: Node N0 - Leader sending heartbeats.
2026-07-29T01:33:06.503475634Z Shard: leader node: N0 broadcasting append entries message
2026-07-29T01:33:06.503722066Z Sending message to node N1: {"term":1,"leaderId":"N0","prevLogIndex":7,"prevLogTerm":1,"leaderCommit":7,"level":"Shard","type":"AppendEntries","version":4}
2026-07-29T01:33:06.504905965Z Sending message to node N9: {"term":1,"leaderId":"N0","prevLogIndex":7,"prevLogTerm":1,"leaderCommit":7,"level":"Shard","type":"AppendEntries","version":4}
2026-07-29T01:33:06.505555215Z Sending message to node N2: {"term":1,"leaderId":"N0","prevLogIndex":7,"prevLogTerm":1,"leaderCommit":7,"level":"Shard","type":"AppendEntries","version":4}
2026-07-29T01:33:06.506017158Z Sending message to node N11: {"term":1,"leaderId":"N0","prevLogIndex":7,"prevLogTerm":1,"leaderCommit":7,"level":"Shard","type":"AppendEntries","version":4}
2026-07-29T01:33:06.511498795Z Shard: follower N9 received: {"term":1,"leaderId":"N0","prevLogIndex":7,"prevLogTerm":1,"leaderCommit":7,"level":"Shard","type":"AppendEntries","version":4}
2026-07-29T01:33:06.511619605Z Node N9 Shard: commiting upto index 7
2026-07-29T01:33:06.512143035Z Sending message to node N0: {"term":1,"senderId":"N9","success":true,"matchIndex":7,"level":"Shard","type":"AppendEntriesReply","version":4}
2026-07-29T01:33:06.513303803Z Shard: follower N1 received: {"term":1,"leaderId":"N0","prevLogIndex":7,"prevLogTerm":1,"leaderCommit":7,"level":"Shard","type":"AppendEntries","version":4}
2026-07-29T01:33:06.513406439Z Node N1 Shard: commiting upto index 7
2026-07-29T01:33:06.513481581Z Sending message to node N0: {"term":1,"senderId":"N1","success":true,"matchIndex":7,"level":"Shard","type":"AppendEntriesReply","version":4}
2026-07-29T01:33:06.514180002Z Shard: follower N2 received: {"term":1,"leaderId":"N0","prevLogIndex":7,"prevLogTerm":1,"leaderCommit":7,"level":"Shard","type":"AppendEntries","version":4}
2026-07-29T01:33:06.514239028Z Node N2 Shard: commiting upto index 7
2026-07-29T01:33:06.514287091Z Sending message to node N0: {"term":1,"senderId":"N2","success":true,"matchIndex":7,"level":"Shard","type":"AppendEntriesReply","version":4}
2026-07-29T01:33:06.515954124Z Shard: leader N0 received: {"term":1,"senderId":"N1","success":true,"matchIndex":7,"level":"Shard","type":"AppendEntriesReply","version":4}
2026-07-29T01:33:06.516032128Z Shard: leader N0 received: {"term":1,"senderId":"N2","success":true,"matchIndex":7,"level":"Shard","type":"AppendEntriesReply","version":4}
2026-07-29T01:33:06.516078191Z Shard: leader N0 received: {"term":1,"senderId":"N9","success":true,"matchIndex":7,"level":"Shard","type":"AppendEntriesReply","version":4}
2026-07-29T01:33:06.516274759Z Shard: follower N11 received: {"term":1,"leaderId":"N0","prevLogIndex":7,"prevLogTerm":1,"leaderCommit":7,"level":"Shard","type":"AppendEntries","version":4}
2026-07-29T01:33:06.516564827Z Node N11 Shard: commiting upto index 7
2026-07-29T01:33:06.516663025Z Sending message to node N0: {"term":1,"senderId":"N11","success":true,"matchIndex":7,"level":"Shard","type":"AppendEntriesReply","version":4}
2026-07-29T01:33:06.517319013Z Shard: leader N0 received: {"term":1,"senderId":"N11","success":true,"matchIndex":7,"level":"Shard","type":"AppendEntriesReply","version":4}
2026-07-29T01:33:07.517654352Z Shard: Node N0 - Leader sending heartbeats.
2026-07-29T01:33:07.518191366Z Shard: leader node: N0 broadcasting append entries message
2026-07-29T01:33:07.518426276Z Sending message to node N1: {"term":1,"leaderId":"N0","prevLogIndex":7,"prevLogTerm":1,"leaderCommit":7,"level":"Shard","type":"AppendEntries","version":4}
2026-07-29T01:33:07.519754229Z Sending message to node N9: {"term":1,"leaderId":"N0","prevLogIndex":7,"prevLogTerm":1,"leaderCommit":7,"level":"Shard","type":"AppendEntries","version":4}
2026-07-29T01:33:07.522277476Z Sending message to node N2: {"term":1,"leaderId":"N0","prevLogIndex":7,"prevLogTerm":1,"leaderCommit":7,"level":"Shard","type":"AppendEntries","version":4}
2026-07-29T01:33:07.522698652Z Sending message to node N11: {"term":1,"leaderId":"N0","prevLogIndex":7,"prevLogTerm":1,"leaderCommit":7,"level":"Shard","type":"AppendEntries","version":4}
2026-07-29T01:33:07.520642014Z Shard: follower N1 received: {"term":1,"leaderId":"N0","prevLogIndex":7,"prevLogTerm":1,"leaderCommit":7,"level":"Shard","type":"AppendEntries","version":4}
2026-07-29T01:33:07.523199069Z Node N1 Shard: commiting upto index 7
2026-07-29T01:33:07.523623537Z Sending message to node N0: {"term":1,"senderId":"N1","success":true,"matchIndex":7,"level":"Shard","type":"AppendEntriesReply","version":4}
2026-07-29T01:33:07.524431541Z Shard: follower N9 received: {"term":1,"leaderId":"N0","prevLogIndex":7,"prevLogTerm":1,"leaderCommit":7,"level":"Shard","type":"AppendEntries","version":4}
2026-07-29T01:33:07.524645492Z Node N9 Shard: commiting upto index 7
2026-07-29T01:33:07.524781510Z Sending message to node N0: {"term":1,"senderId":"N9","success":true,"matchIndex":7,"level":"Shard","type":"AppendEntriesReply","version":4}
2026-07-29T01:33:07.525500951Z Shard: leader N0 received: {"term":1,"senderId":"N1","success":true,"matchIndex":7,"level":"Shard","type":"AppendEntriesReply","version":4}
2026-07-29T01:33:07.525500891Z Shard: follower N2 received: {"term":1,"leaderId":"N0","prevLogIndex":7,"prevLogTerm":1,"leaderCommit":7,"level":"Shard","type":"AppendEntries","version":4}
2026-07-29T01:33:07.525458087Z Shard: follower N11 received: {"term":1,"leaderId":"N0","prevLogIndex":7,"prevLogTerm":1,"leaderCommit":7,"level":"Shard","type":"AppendEntries","version":4}
2026-07-29T01:33:07.525665032Z Shard: leader N0 received: {"term":1,"senderId":"N9","success":true,"matchIndex":7,"level":"Shard","type":"AppendEntriesReply","version":4}
2026-07-29T01:33:07.525716498Z Node N2 Shard: commiting upto index 7
2026-07-29T01:33:07.525775142Z Node N11 Shard: commiting upto index 7
2026-07-29T01:33:07.525902164Z Sending message to node N0: {"term":1,"senderId":"N2","success":true,"matchIndex":7,"level":"Shard","type":"AppendEntriesReply","version":4}
2026-07-29T01:33:07.526047908Z Sending message to node N0: {"term":1,"senderId":"N11","success":true,"matchIndex":7,"level":"Shard","type":"AppendEntriesReply","version":4}
2026-07-29T01:33:07.526970457Z Shard: leader N0 received: {"term":1,"senderId":"N2","success":true,"matchIndex":7,"level":"Shard","type":"AppendEntriesReply","version":4}
2026-07-29T01:33:07.527081993Z Shard: leader N0 received: {"term":1,"senderId":"N11","success":true,"matchIndex":7,"level":"Shard","type":"AppendEntriesReply","version":4}
2026-07-29T01:33:07.743011175Z Shard: leader N0 received: {"nodes":{"N0":{"id":"N0","ip":"localhost","port":4567},"N2":{"id":"N2","ip":"localhost","port":4569},"N9":{"id":"N9","ip":"localhost","port":4570},"N11":{"id":"N11","ip":"localhost","port":4572}},"action":"Update","type":"Update","version":5}
2026-07-29T01:33:07.743092667Z Node N0 Shard level raft recieved config update request
2026-07-29T01:33:07.745474683Z Shard: follower N9 received: {"nodes":{"N0":{"id":"N0","ip":"localhost","port":4567},"N2":{"id":"N2","ip":"localhost","port":4569},"N9":{"id":"N9","ip":"localhost","port":4570},"N11":{"id":"N11","ip":"localhost","port":4572}},"action":"Update","type":"Update","version":5}
2026-07-29T01:33:07.746278891Z Node N9 Shard level raft recieved config update request
2026-07-29T01:33:07.748744559Z Shard: follower N2 received: {"nodes":{"N0":{"id":"N0","ip":"localhost","port":4567},"N2":{"id":"N2","ip":"localhost","port":4569},"N9":{"id":"N9","ip":"localhost","port":4570},"N11":{"id":"N11","ip":"localhost","port":4572}},"action":"Update","type":"Update","version":5}
2026-07-29T01:33:07.749234761Z Node N2 Shard level raft recieved config update request
2026-07-29T01:33:07.749840471Z Shard: follower N11 received: {"nodes":{"N0":{"id":"N0","ip":"localhost","port":4567},"N2":{"id":"N2","ip":"localhost","port":4569},"N9":{"id":"N9","ip":"localhost","port":4570},"N11":{"id":"N11","ip":"localhost","port":4572}},"action":"Update","type":"Update","version":5}
2026-07-29T01:33:07.750143365Z Node N11 Shard level raft recieved config update request
2026-07-29T01:33:08.743371086Z Shard: Node N0 - Leader sending heartbeats.
2026-07-29T01:33:08.743550836Z Shard: leader node: N0 broadcasting append entries message
2026-07-29T01:33:08.743779851Z Sending message to node N1: {"term":1,"leaderId":"N0","prevLogIndex":7,"prevLogTerm":1,"leaderCommit":7,"entries":[{"msg":{"nodes":{"N0":{"id":"N0","ip":"localhost","port":4567},"N2":{"id":"N2","ip":"localhost","port":4569},"N9":{"id":"N9","ip":"localhost","port":4570},"N11":{"id":"N11","ip":"localhost","port":4572}},"oldNodes":{"N0":{"id":"N0","ip":"localhost","port":4567},"N1":{"id":"N1","ip":"localhost","port":4568},"N9":{"id":"N9","ip":"localhost","port":4570},"N2":{"id":"N2","ip":"localhost","port":4569},"N11":{"id":"N11","ip":"localhost","port":4572}},"jointConfig":true,"targetVersion":5,"type":"RaftConfig","version":5},"term":1,"index":8}],"level":"Shard","type":"AppendEntries","version":4}
2026-07-29T01:33:08.744041187Z failed to send message to node N1
2026-07-29T01:33:08.744168526Z Sending message to node N9: {"term":1,"leaderId":"N0","prevLogIndex":7,"prevLogTerm":1,"leaderCommit":7,"entries":[{"msg":{"nodes":{"N0":{"id":"N0","ip":"localhost","port":4567},"N2":{"id":"N2","ip":"localhost","port":4569},"N9":{"id":"N9","ip":"localhost","port":4570},"N11":{"id":"N11","ip":"localhost","port":4572}},"oldNodes":{"N0":{"id":"N0","ip":"localhost","port":4567},"N1":{"id":"N1","ip":"localhost","port":4568},"N9":{"id":"N9","ip":"localhost","port":4570},"N2":{"id":"N2","ip":"localhost","port":4569},"N11":{"id":"N11","ip":"localhost","port":4572}},"jointConfig":true,"targetVersion":5,"type":"RaftConfig","version":5},"term":1,"index":8}],"level":"Shard","type":"AppendEntries","version":4}
2026-07-29T01:33:08.744600697Z Sending message to node N2: {"term":1,"leaderId":"N0","prevLogIndex":7,"prevLogTerm":1,"leaderCommit":7,"entries":[{"msg":{"nodes":{"N0":{"id":"N0","ip":"localhost","port":4567},"N2":{"id":"N2","ip":"localhost","port":4569},"N9":{"id":"N9","ip":"localhost","port":4570},"N11":{"id":"N11","ip":"localhost","port":4572}},"oldNodes":{"N0":{"id":"N0","ip":"localhost","port":4567},"N1":{"id":"N1","ip":"localhost","port":4568},"N9":{"id":"N9","ip":"localhost","port":4570},"N2":{"id":"N2","ip":"localhost","port":4569},"N11":{"id":"N11","ip":"localhost","port":4572}},"jointConfig":true,"targetVersion":5,"type":"RaftConfig","version":5},"term":1,"index":8}],"level":"Shard","type":"AppendEntries","version":4}
2026-07-29T01:33:08.744958172Z Sending message to node N11: {"term":1,"leaderId":"N0","prevLogIndex":7,"prevLogTerm":1,"leaderCommit":7,"entries":[{"msg":{"nodes":{"N0":{"id":"N0","ip":"localhost","port":4567},"N2":{"id":"N2","ip":"localhost","port":4569},"N9":{"id":"N9","ip":"localhost","port":4570},"N11":{"id":"N11","ip":"localhost","port":4572}},"oldNodes":{"N0":{"id":"N0","ip":"localhost","port":4567},"N1":{"id":"N1","ip":"localhost","port":4568},"N9":{"id":"N9","ip":"localhost","port":4570},"N2":{"id":"N2","ip":"localhost","port":4569},"N11":{"id":"N11","ip":"localhost","port":4572}},"jointConfig":true,"targetVersion":5,"type":"RaftConfig","version":5},"term":1,"index":8}],"level":"Shard","type":"AppendEntries","version":4}
2026-07-29T01:33:08.748591241Z Shard: follower N2 received: {"term":1,"leaderId":"N0","prevLogIndex":7,"prevLogTerm":1,"leaderCommit":7,"entries":[{"msg":{"nodes":{"N0":{"id":"N0","ip":"localhost","port":4567},"N2":{"id":"N2","ip":"localhost","port":4569},"N9":{"id":"N9","ip":"localhost","port":4570},"N11":{"id":"N11","ip":"localhost","port":4572}},"oldNodes":{"N0":{"id":"N0","ip":"localhost","port":4567},"N1":{"id":"N1","ip":"localhost","port":4568},"N9":{"id":"N9","ip":"localhost","port":4570},"N2":{"id":"N2","ip":"localhost","port":4569},"N11":{"id":"N11","ip":"localhost","port":4572}},"jointConfig":true,"targetVersion":5,"type":"RaftConfig","version":5},"term":1,"index":8}],"level":"Shard","type":"AppendEntries","version":4}
2026-07-29T01:33:08.749014952Z Node N2 Shard: commiting upto index 7
2026-07-29T01:33:08.749218612Z Sending message to node N0: {"term":1,"senderId":"N2","success":true,"matchIndex":8,"level":"Shard","type":"AppendEntriesReply","version":4}
2026-07-29T01:33:08.749164736Z Shard: follower N11 received: {"term":1,"leaderId":"N0","prevLogIndex":7,"prevLogTerm":1,"leaderCommit":7,"entries":[{"msg":{"nodes":{"N0":{"id":"N0","ip":"localhost","port":4567},"N2":{"id":"N2","ip":"localhost","port":4569},"N9":{"id":"N9","ip":"localhost","port":4570},"N11":{"id":"N11","ip":"localhost","port":4572}},"oldNodes":{"N0":{"id":"N0","ip":"localhost","port":4567},"N1":{"id":"N1","ip":"localhost","port":4568},"N9":{"id":"N9","ip":"localhost","port":4570},"N2":{"id":"N2","ip":"localhost","port":4569},"N11":{"id":"N11","ip":"localhost","port":4572}},"jointConfig":true,"targetVersion":5,"type":"RaftConfig","version":5},"term":1,"index":8}],"level":"Shard","type":"AppendEntries","version":4}
2026-07-29T01:33:08.749462908Z Node N11 Shard: commiting upto index 7
2026-07-29T01:33:08.749446141Z Shard: follower N9 received: {"term":1,"leaderId":"N0","prevLogIndex":7,"prevLogTerm":1,"leaderCommit":7,"entries":[{"msg":{"nodes":{"N0":{"id":"N0","ip":"localhost","port":4567},"N2":{"id":"N2","ip":"localhost","port":4569},"N9":{"id":"N9","ip":"localhost","port":4570},"N11":{"id":"N11","ip":"localhost","port":4572}},"oldNodes":{"N0":{"id":"N0","ip":"localhost","port":4567},"N1":{"id":"N1","ip":"localhost","port":4568},"N9":{"id":"N9","ip":"localhost","port":4570},"N2":{"id":"N2","ip":"localhost","port":4569},"N11":{"id":"N11","ip":"localhost","port":4572}},"jointConfig":true,"targetVersion":5,"type":"RaftConfig","version":5},"term":1,"index":8}],"level":"Shard","type":"AppendEntries","version":4}
2026-07-29T01:33:08.749758378Z Node N9 Shard: commiting upto index 7
2026-07-29T01:33:08.749786667Z Sending message to node N0: {"term":1,"senderId":"N11","success":true,"matchIndex":8,"level":"Shard","type":"AppendEntriesReply","version":4}
2026-07-29T01:33:08.749972472Z Sending message to node N0: {"term":1,"senderId":"N9","success":true,"matchIndex":8,"level":"Shard","type":"AppendEntriesReply","version":4}
2026-07-29T01:33:08.750698467Z Shard: leader N0 received: {"term":1,"senderId":"N2","success":true,"matchIndex":8,"level":"Shard","type":"AppendEntriesReply","version":4}
2026-07-29T01:33:08.750762468Z Shard: leader N0 received: {"term":1,"senderId":"N11","success":true,"matchIndex":8,"level":"Shard","type":"AppendEntriesReply","version":4}
2026-07-29T01:33:08.751009362Z Shard: leader N0 received: {"term":1,"senderId":"N9","success":true,"matchIndex":8,"level":"Shard","type":"AppendEntriesReply","version":4}
2026-07-29T01:33:08.751105532Z Node N0 Shard: commiting upto index 8
2026-07-29T01:33:08.751217954Z Shard: leader node: N0 broadcasting append entries message
2026-07-29T01:33:08.753051292Z Sending message to node N1: {"term":1,"leaderId":"N0","prevLogIndex":7,"prevLogTerm":1,"leaderCommit":8,"entries":[{"msg":{"nodes":{"N0":{"id":"N0","ip":"localhost","port":4567},"N2":{"id":"N2","ip":"localhost","port":4569},"N9":{"id":"N9","ip":"localhost","port":4570},"N11":{"id":"N11","ip":"localhost","port":4572}},"oldNodes":{"N0":{"id":"N0","ip":"localhost","port":4567},"N1":{"id":"N1","ip":"localhost","port":4568},"N9":{"id":"N9","ip":"localhost","port":4570},"N2":{"id":"N2","ip":"localhost","port":4569},"N11":{"id":"N11","ip":"localhost","port":4572}},"jointConfig":true,"targetVersion":5,"type":"RaftConfig","version":5},"term":1,"index":8},{"msg":{"nodes":{"N0":{"id":"N0","ip":"localhost","port":4567},"N2":{"id":"N2","ip":"localhost","port":4569},"N9":{"id":"N9","ip":"localhost","port":4570},"N11":{"id":"N11","ip":"localhost","port":4572}},"jointConfig":false,"targetVersion":5,"type":"RaftConfig","version":5},"term":1,"index":9}],"level":"Shard","type":"AppendEntries","version":4}
2026-07-29T01:33:08.753259491Z failed to send message to node N1
2026-07-29T01:33:08.753440409Z Sending message to node N9: {"term":1,"leaderId":"N0","prevLogIndex":8,"prevLogTerm":1,"leaderCommit":8,"entries":[{"msg":{"nodes":{"N0":{"id":"N0","ip":"localhost","port":4567},"N2":{"id":"N2","ip":"localhost","port":4569},"N9":{"id":"N9","ip":"localhost","port":4570},"N11":{"id":"N11","ip":"localhost","port":4572}},"jointConfig":false,"targetVersion":5,"type":"RaftConfig","version":5},"term":1,"index":9}],"level":"Shard","type":"AppendEntries","version":4}
2026-07-29T01:33:08.753909462Z Sending message to node N2: {"term":1,"leaderId":"N0","prevLogIndex":8,"prevLogTerm":1,"leaderCommit":8,"entries":[{"msg":{"nodes":{"N0":{"id":"N0","ip":"localhost","port":4567},"N2":{"id":"N2","ip":"localhost","port":4569},"N9":{"id":"N9","ip":"localhost","port":4570},"N11":{"id":"N11","ip":"localhost","port":4572}},"jointConfig":false,"targetVersion":5,"type":"RaftConfig","version":5},"term":1,"index":9}],"level":"Shard","type":"AppendEntries","version":4}
2026-07-29T01:33:08.754372285Z Sending message to node N11: {"term":1,"leaderId":"N0","prevLogIndex":8,"prevLogTerm":1,"leaderCommit":8,"entries":[{"msg":{"nodes":{"N0":{"id":"N0","ip":"localhost","port":4567},"N2":{"id":"N2","ip":"localhost","port":4569},"N9":{"id":"N9","ip":"localhost","port":4570},"N11":{"id":"N11","ip":"localhost","port":4572}},"jointConfig":false,"targetVersion":5,"type":"RaftConfig","version":5},"term":1,"index":9}],"level":"Shard","type":"AppendEntries","version":4}
2026-07-29T01:33:08.755100830Z Shard: follower N2 received: {"term":1,"leaderId":"N0","prevLogIndex":8,"prevLogTerm":1,"leaderCommit":8,"entries":[{"msg":{"nodes":{"N0":{"id":"N0","ip":"localhost","port":4567},"N2":{"id":"N2","ip":"localhost","port":4569},"N9":{"id":"N9","ip":"localhost","port":4570},"N11":{"id":"N11","ip":"localhost","port":4572}},"jointConfig":false,"targetVersion":5,"type":"RaftConfig","version":5},"term":1,"index":9}],"level":"Shard","type":"AppendEntries","version":4}
2026-07-29T01:33:08.755092606Z Shard: follower N11 received: {"term":1,"leaderId":"N0","prevLogIndex":8,"prevLogTerm":1,"leaderCommit":8,"entries":[{"msg":{"nodes":{"N0":{"id":"N0","ip":"localhost","port":4567},"N2":{"id":"N2","ip":"localhost","port":4569},"N9":{"id":"N9","ip":"localhost","port":4570},"N11":{"id":"N11","ip":"localhost","port":4572}},"jointConfig":false,"targetVersion":5,"type":"RaftConfig","version":5},"term":1,"index":9}],"level":"Shard","type":"AppendEntries","version":4}
2026-07-29T01:33:08.755167334Z Shard: follower N9 received: {"term":1,"leaderId":"N0","prevLogIndex":8,"prevLogTerm":1,"leaderCommit":8,"entries":[{"msg":{"nodes":{"N0":{"id":"N0","ip":"localhost","port":4567},"N2":{"id":"N2","ip":"localhost","port":4569},"N9":{"id":"N9","ip":"localhost","port":4570},"N11":{"id":"N11","ip":"localhost","port":4572}},"jointConfig":false,"targetVersion":5,"type":"RaftConfig","version":5},"term":1,"index":9}],"level":"Shard","type":"AppendEntries","version":4}
2026-07-29T01:33:08.755216145Z Node N11 Shard: commiting upto index 8
2026-07-29T01:33:08.755259050Z Node N2 Shard: commiting upto index 8
2026-07-29T01:33:08.755345531Z Node N9 Shard: commiting upto index 8
2026-07-29T01:33:08.755401194Z Sending message to node N0: {"term":1,"senderId":"N11","success":true,"matchIndex":9,"level":"Shard","type":"AppendEntriesReply","version":4}
2026-07-29T01:33:08.755462992Z Sending message to node N0: {"term":1,"senderId":"N2","success":true,"matchIndex":9,"level":"Shard","type":"AppendEntriesReply","version":4}
2026-07-29T01:33:08.755613653Z Sending message to node N0: {"term":1,"senderId":"N9","success":true,"matchIndex":9,"level":"Shard","type":"AppendEntriesReply","version":4}
2026-07-29T01:33:08.755788773Z Shard: leader N0 received: {"term":1,"senderId":"N11","success":true,"matchIndex":9,"level":"Shard","type":"AppendEntriesReply","version":4}
2026-07-29T01:33:08.756307070Z Shard: leader N0 received: {"term":1,"senderId":"N2","success":true,"matchIndex":9,"level":"Shard","type":"AppendEntriesReply","version":4}
2026-07-29T01:33:08.756353267Z Shard: leader N0 received: {"term":1,"senderId":"N9","success":true,"matchIndex":9,"level":"Shard","type":"AppendEntriesReply","version":4}
2026-07-29T01:33:08.756384983Z Node N0 Shard: commiting upto index 9
2026-07-29T01:33:08.756426797Z Shard: leader node: N0 broadcasting append entries message
2026-07-29T01:33:08.756474069Z Sending message to node N9: {"term":1,"leaderId":"N0","prevLogIndex":9,"prevLogTerm":1,"leaderCommit":9,"level":"Shard","type":"AppendEntries","version":5}
2026-07-29T01:33:08.756588772Z Sending message to node N2: {"term":1,"leaderId":"N0","prevLogIndex":9,"prevLogTerm":1,"leaderCommit":9,"level":"Shard","type":"AppendEntries","version":5}
2026-07-29T01:33:08.756659701Z Sending message to node N11: {"term":1,"leaderId":"N0","prevLogIndex":9,"prevLogTerm":1,"leaderCommit":9,"level":"Shard","type":"AppendEntries","version":5}
2026-07-29T01:33:08.756796228Z Shard: follower N9 received: {"term":1,"leaderId":"N0","prevLogIndex":9,"prevLogTerm":1,"leaderCommit":9,"level":"Shard","type":"AppendEntries","version":5}
2026-07-29T01:33:08.756860286Z Shard: follower N2 received: {"term":1,"leaderId":"N0","prevLogIndex":9,"prevLogTerm":1,"leaderCommit":9,"level":"Shard","type":"AppendEntries","version":5}
2026-07-29T01:33:08.756913409Z Node N2 Shard: commiting upto index 9
2026-07-29T01:33:08.756990478Z Sending message to node N0: {"term":1,"senderId":"N2","success":true,"matchIndex":9,"level":"Shard","type":"AppendEntriesReply","version":5}
2026-07-29T01:33:08.756989995Z Node N9 Shard: commiting upto index 9
2026-07-29T01:33:08.757307745Z Sending message to node N0: {"term":1,"senderId":"N9","success":true,"matchIndex":9,"level":"Shard","type":"AppendEntriesReply","version":5}
2026-07-29T01:33:08.757604317Z Shard: leader N0 received: {"term":1,"senderId":"N2","success":true,"matchIndex":9,"level":"Shard","type":"AppendEntriesReply","version":5}
2026-07-29T01:33:08.757792402Z Shard: follower N11 received: {"term":1,"leaderId":"N0","prevLogIndex":9,"prevLogTerm":1,"leaderCommit":9,"level":"Shard","type":"AppendEntries","version":5}
2026-07-29T01:33:08.757926064Z Node N11 Shard: commiting upto index 9
2026-07-29T01:33:08.757933082Z Shard: leader N0 received: {"term":1,"senderId":"N9","success":true,"matchIndex":9,"level":"Shard","type":"AppendEntriesReply","version":5}
2026-07-29T01:33:08.758054698Z Sending message to node N0: {"term":1,"senderId":"N11","success":true,"matchIndex":9,"level":"Shard","type":"AppendEntriesReply","version":5}
2026-07-29T01:33:08.758454268Z Shard: leader N0 received: {"term":1,"senderId":"N11","success":true,"matchIndex":9,"level":"Shard","type":"AppendEntriesReply","version":5}
2026-07-29T01:33:09.760275779Z Shard: Node N0 - Leader sending heartbeats.
2026-07-29T01:33:09.760798152Z Shard: leader node: N0 broadcasting append entries message
2026-07-29T01:33:09.761093526Z Sending message to node N9: {"term":1,"leaderId":"N0","prevLogIndex":9,"prevLogTerm":1,"leaderCommit":9,"level":"Shard","type":"AppendEntries","version":5}
2026-07-29T01:33:09.761779648Z Sending message to node N2: {"term":1,"leaderId":"N0","prevLogIndex":9,"prevLogTerm":1,"leaderCommit":9,"level":"Shard","type":"AppendEntries","version":5}
2026-07-29T01:33:09.762344944Z Sending message to node N11: {"term":1,"leaderId":"N0","prevLogIndex":9,"prevLogTerm":1,"leaderCommit":9,"level":"Shard","type":"AppendEntries","version":5}
2026-07-29T01:33:09.766177039Z Shard: follower N2 received: {"term":1,"leaderId":"N0","prevLogIndex":9,"prevLogTerm":1,"leaderCommit":9,"level":"Shard","type":"AppendEntries","version":5}
2026-07-29T01:33:09.766387241Z Node N2 Shard: commiting upto index 9
2026-07-29T01:33:09.766506727Z Sending message to node N0: {"term":1,"senderId":"N2","success":true,"matchIndex":9,"level":"Shard","type":"AppendEntriesReply","version":5}
2026-07-29T01:33:09.766434751Z Shard: follower N9 received: {"term":1,"leaderId":"N0","prevLogIndex":9,"prevLogTerm":1,"leaderCommit":9,"level":"Shard","type":"AppendEntries","version":5}
2026-07-29T01:33:09.766429615Z Shard: follower N11 received: {"term":1,"leaderId":"N0","prevLogIndex":9,"prevLogTerm":1,"leaderCommit":9,"level":"Shard","type":"AppendEntries","version":5}
2026-07-29T01:33:09.766710995Z Node N9 Shard: commiting upto index 9
2026-07-29T01:33:09.766824591Z Node N11 Shard: commiting upto index 9
2026-07-29T01:33:09.766925897Z Sending message to node N0: {"term":1,"senderId":"N9","success":true,"matchIndex":9,"level":"Shard","type":"AppendEntriesReply","version":5}
2026-07-29T01:33:09.767048129Z Sending message to node N0: {"term":1,"senderId":"N11","success":true,"matchIndex":9,"level":"Shard","type":"AppendEntriesReply","version":5}
2026-07-29T01:33:09.770952583Z Shard: leader N0 received: {"term":1,"senderId":"N9","success":true,"matchIndex":9,"level":"Shard","type":"AppendEntriesReply","version":5}
2026-07-29T01:33:09.771158122Z Shard: leader N0 received: {"term":1,"senderId":"N2","success":true,"matchIndex":9,"level":"Shard","type":"AppendEntriesReply","version":5}
2026-07-29T01:33:09.771221064Z Shard: leader N0 received: {"term":1,"senderId":"N11","success":true,"matchIndex":9,"level":"Shard","type":"AppendEntriesReply","version":5}
2026-07-29T01:33:10.771550907Z Shard: Node N0 - Leader sending heartbeats.
2026-07-29T01:33:10.771836942Z Shard: leader node: N0 broadcasting append entries message
2026-07-29T01:33:10.772097575Z Sending message to node N9: {"term":1,"leaderId":"N0","prevLogIndex":9,"prevLogTerm":1,"leaderCommit":9,"level":"Shard","type":"AppendEntries","version":5}
2026-07-29T01:33:10.772875956Z Sending message to node N2: {"term":1,"leaderId":"N0","prevLogIndex":9,"prevLogTerm":1,"leaderCommit":9,"level":"Shard","type":"AppendEntries","version":5}
2026-07-29T01:33:10.773359349Z Sending message to node N11: {"term":1,"leaderId":"N0","prevLogIndex":9,"prevLogTerm":1,"leaderCommit":9,"level":"Shard","type":"AppendEntries","version":5}
2026-07-29T01:33:10.774919767Z Shard: follower N9 received: {"term":1,"leaderId":"N0","prevLogIndex":9,"prevLogTerm":1,"leaderCommit":9,"level":"Shard","type":"AppendEntries","version":5}
2026-07-29T01:33:10.775032889Z Shard: follower N2 received: {"term":1,"leaderId":"N0","prevLogIndex":9,"prevLogTerm":1,"leaderCommit":9,"level":"Shard","type":"AppendEntries","version":5}
2026-07-29T01:33:10.775208218Z Node N2 Shard: commiting upto index 9
2026-07-29T01:33:10.775255797Z Node N9 Shard: commiting upto index 9
2026-07-29T01:33:10.775323832Z Sending message to node N0: {"term":1,"senderId":"N2","success":true,"matchIndex":9,"level":"Shard","type":"AppendEntriesReply","version":5}
2026-07-29T01:33:10.775098610Z Shard: follower N11 received: {"term":1,"leaderId":"N0","prevLogIndex":9,"prevLogTerm":1,"leaderCommit":9,"level":"Shard","type":"AppendEntries","version":5}
2026-07-29T01:33:10.775451870Z Sending message to node N0: {"term":1,"senderId":"N9","success":true,"matchIndex":9,"level":"Shard","type":"AppendEntriesReply","version":5}
2026-07-29T01:33:10.775477566Z Node N11 Shard: commiting upto index 9
2026-07-29T01:33:10.775799278Z Sending message to node N0: {"term":1,"senderId":"N11","success":true,"matchIndex":9,"level":"Shard","type":"AppendEntriesReply","version":5}
2026-07-29T01:33:10.776566231Z Shard: leader N0 received: {"term":1,"senderId":"N2","success":true,"matchIndex":9,"level":"Shard","type":"AppendEntriesReply","version":5}
2026-07-29T01:33:10.776683564Z Shard: leader N0 received: {"term":1,"senderId":"N9","success":true,"matchIndex":9,"level":"Shard","type":"AppendEntriesReply","version":5}
2026-07-29T01:33:10.776955040Z Shard: leader N0 received: {"term":1,"senderId":"N11","success":true,"matchIndex":9,"level":"Shard","type":"AppendEntriesReply","version":5}
2026-07-29T01:33:11.777193288Z Shard: Node N0 - Leader sending heartbeats.
2026-07-29T01:33:11.777331972Z Shard: leader node: N0 broadcasting append entries message
2026-07-29T01:33:11.777438247Z Sending message to node N9: {"term":1,"leaderId":"N0","prevLogIndex":9,"prevLogTerm":1,"leaderCommit":9,"level":"Shard","type":"AppendEntries","version":5}
2026-07-29T01:33:11.777712780Z Sending message to node N2: {"term":1,"leaderId":"N0","prevLogIndex":9,"prevLogTerm":1,"leaderCommit":9,"level":"Shard","type":"AppendEntries","version":5}
2026-07-29T01:33:11.777901332Z Sending message to node N11: {"term":1,"leaderId":"N0","prevLogIndex":9,"prevLogTerm":1,"leaderCommit":9,"level":"Shard","type":"AppendEntries","version":5}
2026-07-29T01:33:11.779171256Z Shard: follower N2 received: {"term":1,"leaderId":"N0","prevLogIndex":9,"prevLogTerm":1,"leaderCommit":9,"level":"Shard","type":"AppendEntries","version":5}
2026-07-29T01:33:11.779263226Z Node N2 Shard: commiting upto index 9
2026-07-29T01:33:11.779317376Z Sending message to node N0: {"term":1,"senderId":"N2","success":true,"matchIndex":9,"level":"Shard","type":"AppendEntriesReply","version":5}
2026-07-29T01:33:11.779601415Z Shard: follower N9 received: {"term":1,"leaderId":"N0","prevLogIndex":9,"prevLogTerm":1,"leaderCommit":9,"level":"Shard","type":"AppendEntries","version":5}
2026-07-29T01:33:11.779747590Z Node N9 Shard: commiting upto index 9
2026-07-29T01:33:11.779836368Z Sending message to node N0: {"term":1,"senderId":"N9","success":true,"matchIndex":9,"level":"Shard","type":"AppendEntriesReply","version":5}
2026-07-29T01:33:11.780890980Z Shard: follower N11 received: {"term":1,"leaderId":"N0","prevLogIndex":9,"prevLogTerm":1,"leaderCommit":9,"level":"Shard","type":"AppendEntries","version":5}
2026-07-29T01:33:11.780981024Z Node N11 Shard: commiting upto index 9
2026-07-29T01:33:11.781049982Z Sending message to node N0: {"term":1,"senderId":"N11","success":true,"matchIndex":9,"level":"Shard","type":"AppendEntriesReply","version":5}
2026-07-29T01:33:11.781294266Z Shard: leader N0 received: {"term":1,"senderId":"N2","success":true,"matchIndex":9,"level":"Shard","type":"AppendEntriesReply","version":5}
2026-07-29T01:33:11.781410861Z Shard: leader N0 received: {"term":1,"senderId":"N9","success":true,"matchIndex":9,"level":"Shard","type":"AppendEntriesReply","version":5}
2026-07-29T01:33:11.781461492Z Shard: leader N0 received: {"term":1,"senderId":"N11","success":true,"matchIndex":9,"level":"Shard","type":"AppendEntriesReply","version":5}
2026-07-29T01:33:12.782137449Z Shard: Node N0 - Leader sending heartbeats.
2026-07-29T01:33:12.782513764Z Shard: leader node: N0 broadcasting append entries message
2026-07-29T01:33:12.783259106Z Sending message to node N9: {"term":1,"leaderId":"N0","prevLogIndex":9,"prevLogTerm":1,"leaderCommit":9,"level":"Shard","type":"AppendEntries","version":5}
2026-07-29T01:33:12.784358273Z Sending message to node N2: {"term":1,"leaderId":"N0","prevLogIndex":9,"prevLogTerm":1,"leaderCommit":9,"level":"Shard","type":"AppendEntries","version":5}
2026-07-29T01:33:12.785382113Z Shard: follower N9 received: {"term":1,"leaderId":"N0","prevLogIndex":9,"prevLogTerm":1,"leaderCommit":9,"level":"Shard","type":"AppendEntries","version":5}
2026-07-29T01:33:12.786378560Z Sending message to node N11: {"term":1,"leaderId":"N0","prevLogIndex":9,"prevLogTerm":1,"leaderCommit":9,"level":"Shard","type":"AppendEntries","version":5}
2026-07-29T01:33:12.790834500Z Node N9 Shard: commiting upto index 9
2026-07-29T01:33:12.791142185Z Sending message to node N0: {"term":1,"senderId":"N9","success":true,"matchIndex":9,"level":"Shard","type":"AppendEntriesReply","version":5}
2026-07-29T01:33:12.787016825Z Shard: follower N2 received: {"term":1,"leaderId":"N0","prevLogIndex":9,"prevLogTerm":1,"leaderCommit":9,"level":"Shard","type":"AppendEntries","version":5}
2026-07-29T01:33:12.792059968Z Node N2 Shard: commiting upto index 9
2026-07-29T01:33:12.792402047Z Sending message to node N0: {"term":1,"senderId":"N2","success":true,"matchIndex":9,"level":"Shard","type":"AppendEntriesReply","version":5}
2026-07-29T01:33:12.794286714Z Shard: follower N11 received: {"term":1,"leaderId":"N0","prevLogIndex":9,"prevLogTerm":1,"leaderCommit":9,"level":"Shard","type":"AppendEntries","version":5}
2026-07-29T01:33:12.794768997Z Node N11 Shard: commiting upto index 9
2026-07-29T01:33:12.795169289Z Sending message to node N0: {"term":1,"senderId":"N11","success":true,"matchIndex":9,"level":"Shard","type":"AppendEntriesReply","version":5}
2026-07-29T01:33:12.796339807Z Shard: leader N0 received: {"term":1,"senderId":"N9","success":true,"matchIndex":9,"level":"Shard","type":"AppendEntriesReply","version":5}
2026-07-29T01:33:12.796555204Z Shard: leader N0 received: {"term":1,"senderId":"N11","success":true,"matchIndex":9,"level":"Shard","type":"AppendEntriesReply","version":5}
2026-07-29T01:33:12.796677501Z Shard: leader N0 received: {"term":1,"senderId":"N2","success":true,"matchIndex":9,"level":"Shard","type":"AppendEntriesReply","version":5}
2026-07-29T01:33:13.797086624Z Shard: Node N0 - Leader sending heartbeats.
2026-07-29T01:33:13.797529396Z Shard: leader node: N0 broadcasting append entries message
2026-07-29T01:33:13.798039870Z Sending message to node N9: {"term":1,"leaderId":"N0","prevLogIndex":9,"prevLogTerm":1,"leaderCommit":9,"level":"Shard","type":"AppendEntries","version":5}
2026-07-29T01:33:13.799089381Z Sending message to node N2: {"term":1,"leaderId":"N0","prevLogIndex":9,"prevLogTerm":1,"leaderCommit":9,"level":"Shard","type":"AppendEntries","version":5}
2026-07-29T01:33:13.799701706Z Sending message to node N11: {"term":1,"leaderId":"N0","prevLogIndex":9,"prevLogTerm":1,"leaderCommit":9,"level":"Shard","type":"AppendEntries","version":5}
2026-07-29T01:33:13.802964432Z Shard: follower N9 received: {"term":1,"leaderId":"N0","prevLogIndex":9,"prevLogTerm":1,"leaderCommit":9,"level":"Shard","type":"AppendEntries","version":5}
2026-07-29T01:33:13.803222242Z Node N9 Shard: commiting upto index 9
2026-07-29T01:33:13.803572066Z Shard: follower N2 received: {"term":1,"leaderId":"N0","prevLogIndex":9,"prevLogTerm":1,"leaderCommit":9,"level":"Shard","type":"AppendEntries","version":5}
2026-07-29T01:33:13.803568512Z Sending message to node N0: {"term":1,"senderId":"N9","success":true,"matchIndex":9,"level":"Shard","type":"AppendEntriesReply","version":5}
2026-07-29T01:33:13.803734397Z Node N2 Shard: commiting upto index 9
2026-07-29T01:33:13.803944653Z Sending message to node N0: {"term":1,"senderId":"N2","success":true,"matchIndex":9,"level":"Shard","type":"AppendEntriesReply","version":5}
2026-07-29T01:33:13.803782866Z Shard: follower N11 received: {"term":1,"leaderId":"N0","prevLogIndex":9,"prevLogTerm":1,"leaderCommit":9,"level":"Shard","type":"AppendEntries","version":5}
2026-07-29T01:33:13.804101038Z Node N11 Shard: commiting upto index 9
2026-07-29T01:33:13.804310466Z Sending message to node N0: {"term":1,"senderId":"N11","success":true,"matchIndex":9,"level":"Shard","type":"AppendEntriesReply","version":5}
2026-07-29T01:33:13.805448140Z Shard: leader N0 received: {"term":1,"senderId":"N11","success":true,"matchIndex":9,"level":"Shard","type":"AppendEntriesReply","version":5}
2026-07-29T01:33:13.805692889Z Shard: leader N0 received: {"term":1,"senderId":"N9","success":true,"matchIndex":9,"level":"Shard","type":"AppendEntriesReply","version":5}
2026-07-29T01:33:13.806266061Z Shard: leader N0 received: {"term":1,"senderId":"N2","success":true,"matchIndex":9,"level":"Shard","type":"AppendEntriesReply","version":5}
2026-07-29T01:33:14.806467046Z Shard: Node N0 - Leader sending heartbeats.
2026-07-29T01:33:14.806542765Z Shard: leader node: N0 broadcasting append entries message
2026-07-29T01:33:14.806653301Z Sending message to node N9: {"term":1,"leaderId":"N0","prevLogIndex":9,"prevLogTerm":1,"leaderCommit":9,"level":"Shard","type":"AppendEntries","version":5}
2026-07-29T01:33:14.807475967Z Sending message to node N2: {"term":1,"leaderId":"N0","prevLogIndex":9,"prevLogTerm":1,"leaderCommit":9,"level":"Shard","type":"AppendEntries","version":5}
2026-07-29T01:33:14.807652545Z Sending message to node N11: {"term":1,"leaderId":"N0","prevLogIndex":9,"prevLogTerm":1,"leaderCommit":9,"level":"Shard","type":"AppendEntries","version":5}
2026-07-29T01:33:14.808911829Z Shard: follower N9 received: {"term":1,"leaderId":"N0","prevLogIndex":9,"prevLogTerm":1,"leaderCommit":9,"level":"Shard","type":"AppendEntries","version":5}
2026-07-29T01:33:14.809017487Z Node N9 Shard: commiting upto index 9
2026-07-29T01:33:14.809079061Z Sending message to node N0: {"term":1,"senderId":"N9","success":true,"matchIndex":9,"level":"Shard","type":"AppendEntriesReply","version":5}
2026-07-29T01:33:14.809402548Z Shard: follower N2 received: {"term":1,"leaderId":"N0","prevLogIndex":9,"prevLogTerm":1,"leaderCommit":9,"level":"Shard","type":"AppendEntries","version":5}
2026-07-29T01:33:14.809655435Z Shard: leader N0 received: {"term":1,"senderId":"N9","success":true,"matchIndex":9,"level":"Shard","type":"AppendEntriesReply","version":5}
2026-07-29T01:33:14.809707301Z Node N2 Shard: commiting upto index 9
2026-07-29T01:33:14.809786584Z Sending message to node N0: {"term":1,"senderId":"N2","success":true,"matchIndex":9,"level":"Shard","type":"AppendEntriesReply","version":5}
2026-07-29T01:33:14.809847711Z Shard: follower N11 received: {"term":1,"leaderId":"N0","prevLogIndex":9,"prevLogTerm":1,"leaderCommit":9,"level":"Shard","type":"AppendEntries","version":5}
2026-07-29T01:33:14.809975266Z Node N11 Shard: commiting upto index 9
2026-07-29T01:33:14.810338838Z Sending message to node N0: {"term":1,"senderId":"N11","success":true,"matchIndex":9,"level":"Shard","type":"AppendEntriesReply","version":5}
2026-07-29T01:33:14.810571657Z Shard: leader N0 received: {"term":1,"senderId":"N2","success":true,"matchIndex":9,"level":"Shard","type":"AppendEntriesReply","version":5}
2026-07-29T01:33:14.810738531Z Shard: leader N0 received: {"term":1,"senderId":"N11","success":true,"matchIndex":9,"level":"Shard","type":"AppendEntriesReply","version":5}
2026-07-29T01:33:15.810956155Z Shard: Node N0 - Leader sending heartbeats.
2026-07-29T01:33:15.811140540Z Shard: leader node: N0 broadcasting append entries message
2026-07-29T01:33:15.811351554Z Sending message to node N9: {"term":1,"leaderId":"N0","prevLogIndex":9,"prevLogTerm":1,"leaderCommit":9,"level":"Shard","type":"AppendEntries","version":5}
2026-07-29T01:33:15.811729541Z Sending message to node N2: {"term":1,"leaderId":"N0","prevLogIndex":9,"prevLogTerm":1,"leaderCommit":9,"level":"Shard","type":"AppendEntries","version":5}
2026-07-29T01:33:15.812158849Z Sending message to node N11: {"term":1,"leaderId":"N0","prevLogIndex":9,"prevLogTerm":1,"leaderCommit":9,"level":"Shard","type":"AppendEntries","version":5}
2026-07-29T01:33:15.812872411Z Shard: follower N2 received: {"term":1,"leaderId":"N0","prevLogIndex":9,"prevLogTerm":1,"leaderCommit":9,"level":"Shard","type":"AppendEntries","version":5}
2026-07-29T01:33:15.812897774Z Shard: follower N9 received: {"term":1,"leaderId":"N0","prevLogIndex":9,"prevLogTerm":1,"leaderCommit":9,"level":"Shard","type":"AppendEntries","version":5}
2026-07-29T01:33:15.813034704Z Node N2 Shard: commiting upto index 9
2026-07-29T01:33:15.813140913Z Sending message to node N0: {"term":1,"senderId":"N2","success":true,"matchIndex":9,"level":"Shard","type":"AppendEntriesReply","version":5}
2026-07-29T01:33:15.813595570Z Shard: follower N11 received: {"term":1,"leaderId":"N0","prevLogIndex":9,"prevLogTerm":1,"leaderCommit":9,"level":"Shard","type":"AppendEntries","version":5}
2026-07-29T01:33:15.814082388Z Node N11 Shard: commiting upto index 9
2026-07-29T01:33:15.814350438Z Sending message to node N0: {"term":1,"senderId":"N11","success":true,"matchIndex":9,"level":"Shard","type":"AppendEntriesReply","version":5}
2026-07-29T01:33:15.813099072Z Node N9 Shard: commiting upto index 9
2026-07-29T01:33:15.815063178Z Sending message to node N0: {"term":1,"senderId":"N9","success":true,"matchIndex":9,"level":"Shard","type":"AppendEntriesReply","version":5}
2026-07-29T01:33:15.815313132Z Shard: leader N0 received: {"term":1,"senderId":"N2","success":true,"matchIndex":9,"level":"Shard","type":"AppendEntriesReply","version":5}
2026-07-29T01:33:15.815496304Z Shard: leader N0 received: {"term":1,"senderId":"N11","success":true,"matchIndex":9,"level":"Shard","type":"AppendEntriesReply","version":5}
2026-07-29T01:33:15.816154972Z Shard: leader N0 received: {"term":1,"senderId":"N9","success":true,"matchIndex":9,"level":"Shard","type":"AppendEntriesReply","version":5}
2026-07-29T01:33:16.816438595Z Shard: Node N0 - Leader sending heartbeats.
2026-07-29T01:33:16.816485905Z Shard: leader node: N0 broadcasting append entries message
2026-07-29T01:33:16.816538371Z Sending message to node N9: {"term":1,"leaderId":"N0","prevLogIndex":9,"prevLogTerm":1,"leaderCommit":9,"level":"Shard","type":"AppendEntries","version":5}
2026-07-29T01:33:16.816715127Z Sending message to node N2: {"term":1,"leaderId":"N0","prevLogIndex":9,"prevLogTerm":1,"leaderCommit":9,"level":"Shard","type":"AppendEntries","version":5}
2026-07-29T01:33:16.816807678Z Sending message to node N11: {"term":1,"leaderId":"N0","prevLogIndex":9,"prevLogTerm":1,"leaderCommit":9,"level":"Shard","type":"AppendEntries","version":5}
2026-07-29T01:33:16.817383748Z Shard: follower N9 received: {"term":1,"leaderId":"N0","prevLogIndex":9,"prevLogTerm":1,"leaderCommit":9,"level":"Shard","type":"AppendEntries","version":5}
2026-07-29T01:33:16.817481345Z Node N9 Shard: commiting upto index 9
2026-07-29T01:33:16.817542890Z Sending message to node N0: {"term":1,"senderId":"N9","success":true,"matchIndex":9,"level":"Shard","type":"AppendEntriesReply","version":5}
2026-07-29T01:33:16.817788719Z Shard: follower N2 received: {"term":1,"leaderId":"N0","prevLogIndex":9,"prevLogTerm":1,"leaderCommit":9,"level":"Shard","type":"AppendEntries","version":5}
2026-07-29T01:33:16.817946729Z Node N2 Shard: commiting upto index 9
2026-07-29T01:33:16.818000861Z Sending message to node N0: {"term":1,"senderId":"N2","success":true,"matchIndex":9,"level":"Shard","type":"AppendEntriesReply","version":5}
2026-07-29T01:33:16.818327839Z Shard: follower N11 received: {"term":1,"leaderId":"N0","prevLogIndex":9,"prevLogTerm":1,"leaderCommit":9,"level":"Shard","type":"AppendEntries","version":5}
2026-07-29T01:33:16.818449004Z Node N11 Shard: commiting upto index 9
2026-07-29T01:33:16.818533116Z Sending message to node N0: {"term":1,"senderId":"N11","success":true,"matchIndex":9,"level":"Shard","type":"AppendEntriesReply","version":5}
2026-07-29T01:33:16.821792083Z Shard: leader N0 received: {"term":1,"senderId":"N9","success":true,"matchIndex":9,"level":"Shard","type":"AppendEntriesReply","version":5}
2026-07-29T01:33:16.821853498Z Shard: leader N0 received: {"term":1,"senderId":"N2","success":true,"matchIndex":9,"level":"Shard","type":"AppendEntriesReply","version":5}
2026-07-29T01:33:16.821873822Z Shard: leader N0 received: {"term":1,"senderId":"N11","success":true,"matchIndex":9,"level":"Shard","type":"AppendEntriesReply","version":5}
2026-07-29T01:33:19.804929080Z Shard: leader N0 received: {"action":"Put","key":"k1","value":"12","reply_num":1,"type":"DictMsg","version":5}
2026-07-29T01:33:19.805050696Z Shard: Leader N0 appending log entry
2026-07-29T01:33:19.805084396Z Shard: leader node: N0 broadcasting append entries message
2026-07-29T01:33:19.805162422Z Sending message to node N9: {"term":1,"leaderId":"N0","prevLogIndex":9,"prevLogTerm":1,"leaderCommit":9,"entries":[{"msg":{"action":"Put","key":"k1","value":"12","reply_num":1,"type":"DictMsg","version":5},"term":1,"index":10}],"level":"Shard","type":"AppendEntries","version":5}
2026-07-29T01:33:19.805474130Z Sending message to node N2: {"term":1,"leaderId":"N0","prevLogIndex":9,"prevLogTerm":1,"leaderCommit":9,"entries":[{"msg":{"action":"Put","key":"k1","value":"12","reply_num":1,"type":"DictMsg","version":5},"term":1,"index":10}],"level":"Shard","type":"AppendEntries","version":5}
2026-07-29T01:33:19.805730249Z Sending message to node N11: {"term":1,"leaderId":"N0","prevLogIndex":9,"prevLogTerm":1,"leaderCommit":9,"entries":[{"msg":{"action":"Put","key":"k1","value":"12","reply_num":1,"type":"DictMsg","version":5},"term":1,"index":10}],"level":"Shard","type":"AppendEntries","version":5}
2026-07-29T01:33:19.805911513Z Shard: Node N0 - Leader sending heartbeats.
2026-07-29T01:33:19.805969895Z Shard: leader node: N0 broadcasting append entries message
2026-07-29T01:33:19.806040286Z Sending message to node N9: {"term":1,"leaderId":"N0","prevLogIndex":9,"prevLogTerm":1,"leaderCommit":9,"entries":[{"msg":{"action":"Put","key":"k1","value":"12","reply_num":1,"type":"DictMsg","version":5},"term":1,"index":10}],"level":"Shard","type":"AppendEntries","version":5}
2026-07-29T01:33:19.806212772Z Sending message to node N2: {"term":1,"leaderId":"N0","prevLogIndex":9,"prevLogTerm":1,"leaderCommit":9,"entries":[{"msg":{"action":"Put","key":"k1","value":"12","reply_num":1,"type":"DictMsg","version":5},"term":1,"index":10}],"level":"Shard","type":"AppendEntries","version":5}
2026-07-29T01:33:19.806384548Z Sending message to node N11: {"term":1,"leaderId":"N0","prevLogIndex":9,"prevLogTerm":1,"leaderCommit":9,"entries":[{"msg":{"action":"Put","key":"k1","value":"12","reply_num":1,"type":"DictMsg","version":5},"term":1,"index":10}],"level":"Shard","type":"AppendEntries","version":5}
2026-07-29T01:33:19.807203949Z Shard: follower N9 received: {"term":1,"leaderId":"N0","prevLogIndex":9,"prevLogTerm":1,"leaderCommit":9,"entries":[{"msg":{"action":"Put","key":"k1","value":"12","reply_num":1,"type":"DictMsg","version":5},"term":1,"index":10}],"level":"Shard","type":"AppendEntries","version":5}
2026-07-29T01:33:19.807395517Z Node N9 Shard: commiting upto index 9
2026-07-29T01:33:19.807504525Z Sending message to node N0: {"term":1,"senderId":"N9","success":true,"matchIndex":10,"level":"Shard","type":"AppendEntriesReply","version":5}
2026-07-29T01:33:19.807688415Z Shard: follower N2 received: {"term":1,"leaderId":"N0","prevLogIndex":9,"prevLogTerm":1,"leaderCommit":9,"entries":[{"msg":{"action":"Put","key":"k1","value":"12","reply_num":1,"type":"DictMsg","version":5},"term":1,"index":10}],"level":"Shard","type":"AppendEntries","version":5}
2026-07-29T01:33:19.807839504Z Node N2 Shard: commiting upto index 9
2026-07-29T01:33:19.807921478Z Sending message to node N0: {"term":1,"senderId":"N2","success":true,"matchIndex":10,"level":"Shard","type":"AppendEntriesReply","version":5}
2026-07-29T01:33:19.807923997Z Shard: follower N9 received: {"term":1,"leaderId":"N0","prevLogIndex":9,"prevLogTerm":1,"leaderCommit":9,"entries":[{"msg":{"action":"Put","key":"k1","value":"12","reply_num":1,"type":"DictMsg","version":5},"term":1,"index":10}],"level":"Shard","type":"AppendEntries","version":5}
2026-07-29T01:33:19.808069100Z Shard: leader N0 received: {"term":1,"senderId":"N9","success":true,"matchIndex":10,"level":"Shard","type":"AppendEntriesReply","version":5}
2026-07-29T01:33:19.808705119Z Shard: follower N2 received: {"term":1,"leaderId":"N0","prevLogIndex":9,"prevLogTerm":1,"leaderCommit":9,"entries":[{"msg":{"action":"Put","key":"k1","value":"12","reply_num":1,"type":"DictMsg","version":5},"term":1,"index":10}],"level":"Shard","type":"AppendEntries","version":5}
2026-07-29T01:33:19.809025004Z Shard: leader N0 received: {"term":1,"senderId":"N2","success":true,"matchIndex":10,"level":"Shard","type":"AppendEntriesReply","version":5}
2026-07-29T01:33:19.809118964Z Node N0 Shard: commiting upto index 10
2026-07-29T01:33:19.809255809Z Shard: leader node: N0 broadcasting append entries message
2026-07-29T01:33:19.808103548Z Node N9 Shard: commiting upto index 9
2026-07-29T01:33:19.809154968Z Shard: follower N11 received: {"term":1,"leaderId":"N0","prevLogIndex":9,"prevLogTerm":1,"leaderCommit":9,"entries":[{"msg":{"action":"Put","key":"k1","value":"12","reply_num":1,"type":"DictMsg","version":5},"term":1,"index":10}],"level":"Shard","type":"AppendEntries","version":5}
2026-07-29T01:33:19.809412052Z Node N2 Shard: commiting upto index 9
2026-07-29T01:33:19.809537063Z Sending message to node N0: {"term":1,"senderId":"N2","success":true,"matchIndex":10,"level":"Shard","type":"AppendEntriesReply","version":5}
2026-07-29T01:33:19.809581545Z Sending message to node N9: {"term":1,"leaderId":"N0","prevLogIndex":10,"prevLogTerm":1,"leaderCommit":10,"level":"Shard","type":"AppendEntries","version":5}
2026-07-29T01:33:19.809539514Z Node N11 Shard: commiting upto index 9
2026-07-29T01:33:19.809980521Z Sending message to node N0: {"term":1,"senderId":"N11","success":true,"matchIndex":10,"level":"Shard","type":"AppendEntriesReply","version":5}
2026-07-29T01:33:19.810094113Z Sending message to node N2: {"term":1,"leaderId":"N0","prevLogIndex":10,"prevLogTerm":1,"leaderCommit":10,"level":"Shard","type":"AppendEntries","version":5}
2026-07-29T01:33:19.810521400Z Sending message to node N11: {"term":1,"leaderId":"N0","prevLogIndex":9,"prevLogTerm":1,"leaderCommit":10,"entries":[{"msg":{"action":"Put","key":"k1","value":"12","reply_num":1,"type":"DictMsg","version":5},"term":1,"index":10}],"level":"Shard","type":"AppendEntries","version":5}
2026-07-29T01:33:19.810859530Z Shard: leader N0 received: {"term":1,"senderId":"N2","success":true,"matchIndex":10,"level":"Shard","type":"AppendEntriesReply","version":5}
2026-07-29T01:33:19.810153430Z Sending message to node N0: {"term":1,"senderId":"N9","success":true,"matchIndex":10,"level":"Shard","type":"AppendEntriesReply","version":5}
2026-07-29T01:33:19.811077276Z Shard: leader N0 received: {"term":1,"senderId":"N11","success":true,"matchIndex":10,"level":"Shard","type":"AppendEntriesReply","version":5}
2026-07-29T01:33:19.811241585Z Shard: follower N11 received: {"term":1,"leaderId":"N0","prevLogIndex":9,"prevLogTerm":1,"leaderCommit":9,"entries":[{"msg":{"action":"Put","key":"k1","value":"12","reply_num":1,"type":"DictMsg","version":5},"term":1,"index":10}],"level":"Shard","type":"AppendEntries","version":5}
2026-07-29T01:33:19.811422083Z Shard: follower N2 received: {"term":1,"leaderId":"N0","prevLogIndex":10,"prevLogTerm":1,"leaderCommit":10,"level":"Shard","type":"AppendEntries","version":5}
2026-07-29T01:33:19.811734236Z Node N2 Shard: commiting upto index 10
2026-07-29T01:33:19.811668123Z Node N11 Shard: commiting upto index 9
2026-07-29T01:33:19.812072597Z Sending message to node N0: {"term":1,"senderId":"N11","success":true,"matchIndex":10,"level":"Shard","type":"AppendEntriesReply","version":5}
2026-07-29T01:33:19.812168186Z Shard: leader N0 received: {"term":1,"senderId":"N9","success":true,"matchIndex":10,"level":"Shard","type":"AppendEntriesReply","version":5}
2026-07-29T01:33:19.812225016Z Sending message to node N0: {"term":1,"senderId":"N2","success":true,"matchIndex":10,"level":"Shard","type":"AppendEntriesReply","version":5}
2026-07-29T01:33:19.812224279Z Shard: follower N9 received: {"term":1,"leaderId":"N0","prevLogIndex":10,"prevLogTerm":1,"leaderCommit":10,"level":"Shard","type":"AppendEntries","version":5}
2026-07-29T01:33:19.813241699Z Shard: follower N11 received: {"term":1,"leaderId":"N0","prevLogIndex":9,"prevLogTerm":1,"leaderCommit":10,"entries":[{"msg":{"action":"Put","key":"k1","value":"12","reply_num":1,"type":"DictMsg","version":5},"term":1,"index":10}],"level":"Shard","type":"AppendEntries","version":5}
2026-07-29T01:33:19.813788421Z Shard: leader N0 received: {"term":1,"senderId":"N11","success":true,"matchIndex":10,"level":"Shard","type":"AppendEntriesReply","version":5}
2026-07-29T01:33:19.812681058Z Node N9 Shard: commiting upto index 10
2026-07-29T01:33:19.813860258Z Node N11 Shard: commiting upto index 10
2026-07-29T01:33:19.814006713Z Shard: leader N0 received: {"term":1,"senderId":"N2","success":true,"matchIndex":10,"level":"Shard","type":"AppendEntriesReply","version":5}
2026-07-29T01:33:19.814336965Z Sending message to node N0: {"term":1,"senderId":"N11","success":true,"matchIndex":10,"level":"Shard","type":"AppendEntriesReply","version":5}
2026-07-29T01:33:19.814322094Z Sending message to node N0: {"term":1,"senderId":"N9","success":true,"matchIndex":10,"level":"Shard","type":"AppendEntriesReply","version":5}
2026-07-29T01:33:19.815183877Z Shard: leader N0 received: {"term":1,"senderId":"N11","success":true,"matchIndex":10,"level":"Shard","type":"AppendEntriesReply","version":5}
2026-07-29T01:33:19.815315257Z Shard: leader N0 received: {"term":1,"senderId":"N9","success":true,"matchIndex":10,"level":"Shard","type":"AppendEntriesReply","version":5}
2026-07-29T01:33:20.815545635Z Shard: Node N0 - Leader sending heartbeats.
2026-07-29T01:33:20.815635793Z Shard: leader node: N0 broadcasting append entries message
2026-07-29T01:33:20.815723362Z Sending message to node N9: {"term":1,"leaderId":"N0","prevLogIndex":10,"prevLogTerm":1,"leaderCommit":10,"level":"Shard","type":"AppendEntries","version":5}
2026-07-29T01:33:20.815945231Z Sending message to node N2: {"term":1,"leaderId":"N0","prevLogIndex":10,"prevLogTerm":1,"leaderCommit":10,"level":"Shard","type":"AppendEntries","version":5}
2026-07-29T01:33:20.816053888Z Sending message to node N11: {"term":1,"leaderId":"N0","prevLogIndex":10,"prevLogTerm":1,"leaderCommit":10,"level":"Shard","type":"AppendEntries","version":5}
2026-07-29T01:33:20.816600788Z Shard: follower N9 received: {"term":1,"leaderId":"N0","prevLogIndex":10,"prevLogTerm":1,"leaderCommit":10,"level":"Shard","type":"AppendEntries","version":5}
2026-07-29T01:33:20.816702161Z Node N9 Shard: commiting upto index 10
2026-07-29T01:33:20.816758347Z Sending message to node N0: {"term":1,"senderId":"N9","success":true,"matchIndex":10,"level":"Shard","type":"AppendEntriesReply","version":5}
2026-07-29T01:33:20.816889327Z Shard: follower N2 received: {"term":1,"leaderId":"N0","prevLogIndex":10,"prevLogTerm":1,"leaderCommit":10,"level":"Shard","type":"AppendEntries","version":5}
2026-07-29T01:33:20.816972293Z Node N2 Shard: commiting upto index 10
2026-07-29T01:33:20.817028504Z Sending message to node N0: {"term":1,"senderId":"N2","success":true,"matchIndex":10,"level":"Shard","type":"AppendEntriesReply","version":5}
2026-07-29T01:33:20.817332366Z Shard: follower N11 received: {"term":1,"leaderId":"N0","prevLogIndex":10,"prevLogTerm":1,"leaderCommit":10,"level":"Shard","type":"AppendEntries","version":5}
2026-07-29T01:33:20.817512534Z Node N11 Shard: commiting upto index 10
2026-07-29T01:33:20.817594159Z Sending message to node N0: {"term":1,"senderId":"N11","success":true,"matchIndex":10,"level":"Shard","type":"AppendEntriesReply","version":5}
2026-07-29T01:33:20.817991842Z Shard: leader N0 received: {"term":1,"senderId":"N9","success":true,"matchIndex":10,"level":"Shard","type":"AppendEntriesReply","version":5}
2026-07-29T01:33:20.818055421Z Shard: leader N0 received: {"term":1,"senderId":"N2","success":true,"matchIndex":10,"level":"Shard","type":"AppendEntriesReply","version":5}
2026-07-29T01:33:20.818074635Z Shard: leader N0 received: {"term":1,"senderId":"N11","success":true,"matchIndex":10,"level":"Shard","type":"AppendEntriesReply","version":5}
2026-07-29T01:33:21.818901988Z Shard: Node N0 - Leader sending heartbeats.
2026-07-29T01:33:21.819339357Z Shard: leader node: N0 broadcasting append entries message
2026-07-29T01:33:21.819643859Z Sending message to node N9: {"term":1,"leaderId":"N0","prevLogIndex":10,"prevLogTerm":1,"leaderCommit":10,"level":"Shard","type":"AppendEntries","version":5}
2026-07-29T01:33:21.820710054Z Sending message to node N2: {"term":1,"leaderId":"N0","prevLogIndex":10,"prevLogTerm":1,"leaderCommit":10,"level":"Shard","type":"AppendEntries","version":5}
2026-07-29T01:33:21.821383771Z Sending message to node N11: {"term":1,"leaderId":"N0","prevLogIndex":10,"prevLogTerm":1,"leaderCommit":10,"level":"Shard","type":"AppendEntries","version":5}
2026-07-29T01:33:21.826335068Z Shard: follower N9 received: {"term":1,"leaderId":"N0","prevLogIndex":10,"prevLogTerm":1,"leaderCommit":10,"level":"Shard","type":"AppendEntries","version":5}
2026-07-29T01:33:21.826566366Z Node N9 Shard: commiting upto index 10
2026-07-29T01:33:21.826565742Z Shard: follower N2 received: {"term":1,"leaderId":"N0","prevLogIndex":10,"prevLogTerm":1,"leaderCommit":10,"level":"Shard","type":"AppendEntries","version":5}
2026-07-29T01:33:21.826695748Z Sending message to node N0: {"term":1,"senderId":"N9","success":true,"matchIndex":10,"level":"Shard","type":"AppendEntriesReply","version":5}
2026-07-29T01:33:21.826738060Z Node N2 Shard: commiting upto index 10
2026-07-29T01:33:21.826837582Z Sending message to node N0: {"term":1,"senderId":"N2","success":true,"matchIndex":10,"level":"Shard","type":"AppendEntriesReply","version":5}
2026-07-29T01:33:21.828300232Z Shard: follower N11 received: {"term":1,"leaderId":"N0","prevLogIndex":10,"prevLogTerm":1,"leaderCommit":10,"level":"Shard","type":"AppendEntries","version":5}
2026-07-29T01:33:21.828851465Z Node N11 Shard: commiting upto index 10
2026-07-29T01:33:21.828963751Z Shard: leader N0 received: {"term":1,"senderId":"N2","success":true,"matchIndex":10,"level":"Shard","type":"AppendEntriesReply","version":5}
2026-07-29T01:33:21.829220573Z Sending message to node N0: {"term":1,"senderId":"N11","success":true,"matchIndex":10,"level":"Shard","type":"AppendEntriesReply","version":5}
2026-07-29T01:33:21.829576147Z Shard: leader N0 received: {"term":1,"senderId":"N9","success":true,"matchIndex":10,"level":"Shard","type":"AppendEntriesReply","version":5}
2026-07-29T01:33:21.829714542Z Shard: leader N0 received: {"term":1,"senderId":"N11","success":true,"matchIndex":10,"level":"Shard","type":"AppendEntriesReply","version":5}
2026-07-29T01:33:22.830208743Z Shard: Node N0 - Leader sending heartbeats.
2026-07-29T01:33:22.830570750Z Shard: leader node: N0 broadcasting append entries message
2026-07-29T01:33:22.830812402Z Sending message to node N9: {"term":1,"leaderId":"N0","prevLogIndex":10,"prevLogTerm":1,"leaderCommit":10,"level":"Shard","type":"AppendEntries","version":5}
2026-07-29T01:33:22.831778704Z Sending message to node N2: {"term":1,"leaderId":"N0","prevLogIndex":10,"prevLogTerm":1,"leaderCommit":10,"level":"Shard","type":"AppendEntries","version":5}
2026-07-29T01:33:22.832651793Z Sending message to node N11: {"term":1,"leaderId":"N0","prevLogIndex":10,"prevLogTerm":1,"leaderCommit":10,"level":"Shard","type":"AppendEntries","version":5}
2026-07-29T01:33:22.833566757Z Shard: follower N9 received: {"term":1,"leaderId":"N0","prevLogIndex":10,"prevLogTerm":1,"leaderCommit":10,"level":"Shard","type":"AppendEntries","version":5}
2026-07-29T01:33:22.833865730Z Node N9 Shard: commiting upto index 10
2026-07-29T01:33:22.834036225Z Sending message to node N0: {"term":1,"senderId":"N9","success":true,"matchIndex":10,"level":"Shard","type":"AppendEntriesReply","version":5}
2026-07-29T01:33:22.836587843Z Shard: follower N2 received: {"term":1,"leaderId":"N0","prevLogIndex":10,"prevLogTerm":1,"leaderCommit":10,"level":"Shard","type":"AppendEntries","version":5}
2026-07-29T01:33:22.836991672Z Node N2 Shard: commiting upto index 10
2026-07-29T01:33:22.837070251Z Shard: leader N0 received: {"term":1,"senderId":"N9","success":true,"matchIndex":10,"level":"Shard","type":"AppendEntriesReply","version":5}
2026-07-29T01:33:22.837112280Z Sending message to node N0: {"term":1,"senderId":"N2","success":true,"matchIndex":10,"level":"Shard","type":"AppendEntriesReply","version":5}
2026-07-29T01:33:22.836847987Z Shard: follower N11 received: {"term":1,"leaderId":"N0","prevLogIndex":10,"prevLogTerm":1,"leaderCommit":10,"level":"Shard","type":"AppendEntries","version":5}
2026-07-29T01:33:22.837273458Z Node N11 Shard: commiting upto index 10
2026-07-29T01:33:22.837495912Z Sending message to node N0: {"term":1,"senderId":"N11","success":true,"matchIndex":10,"level":"Shard","type":"AppendEntriesReply","version":5}
2026-07-29T01:33:22.838238340Z Shard: leader N0 received: {"term":1,"senderId":"N2","success":true,"matchIndex":10,"level":"Shard","type":"AppendEntriesReply","version":5}
2026-07-29T01:33:22.838398546Z Shard: leader N0 received: {"term":1,"senderId":"N11","success":true,"matchIndex":10,"level":"Shard","type":"AppendEntriesReply","version":5}
2026-07-29T01:33:23.838815996Z Shard: Node N0 - Leader sending heartbeats.
2026-07-29T01:33:23.839103366Z Shard: leader node: N0 broadcasting append entries message
2026-07-29T01:33:23.839320709Z Sending message to node N9: {"term":1,"leaderId":"N0","prevLogIndex":10,"prevLogTerm":1,"leaderCommit":10,"level":"Shard","type":"AppendEntries","version":5}
2026-07-29T01:33:23.840077879Z Sending message to node N2: {"term":1,"leaderId":"N0","prevLogIndex":10,"prevLogTerm":1,"leaderCommit":10,"level":"Shard","type":"AppendEntries","version":5}
2026-07-29T01:33:23.840841557Z Sending message to node N11: {"term":1,"leaderId":"N0","prevLogIndex":10,"prevLogTerm":1,"leaderCommit":10,"level":"Shard","type":"AppendEntries","version":5}
2026-07-29T01:33:23.840968172Z Shard: follower N9 received: {"term":1,"leaderId":"N0","prevLogIndex":10,"prevLogTerm":1,"leaderCommit":10,"level":"Shard","type":"AppendEntries","version":5}
2026-07-29T01:33:23.841149462Z Node N9 Shard: commiting upto index 10
2026-07-29T01:33:23.841266117Z Sending message to node N0: {"term":1,"senderId":"N9","success":true,"matchIndex":10,"level":"Shard","type":"AppendEntriesReply","version":5}
2026-07-29T01:33:23.841560015Z Shard: follower N2 received: {"term":1,"leaderId":"N0","prevLogIndex":10,"prevLogTerm":1,"leaderCommit":10,"level":"Shard","type":"AppendEntries","version":5}
2026-07-29T01:33:23.841747699Z Node N2 Shard: commiting upto index 10
2026-07-29T01:33:23.841861667Z Sending message to node N0: {"term":1,"senderId":"N2","success":true,"matchIndex":10,"level":"Shard","type":"AppendEntriesReply","version":5}
2026-07-29T01:33:23.842280035Z Shard: follower N11 received: {"term":1,"leaderId":"N0","prevLogIndex":10,"prevLogTerm":1,"leaderCommit":10,"level":"Shard","type":"AppendEntries","version":5}
2026-07-29T01:33:23.842516766Z Shard: leader N0 received: {"term":1,"senderId":"N9","success":true,"matchIndex":10,"level":"Shard","type":"AppendEntriesReply","version":5}
2026-07-29T01:33:23.842633952Z Shard: leader N0 received: {"term":1,"senderId":"N2","success":true,"matchIndex":10,"level":"Shard","type":"AppendEntriesReply","version":5}
2026-07-29T01:33:23.842652302Z Node N11 Shard: commiting upto index 10
2026-07-29T01:33:23.842916072Z Sending message to node N0: {"term":1,"senderId":"N11","success":true,"matchIndex":10,"level":"Shard","type":"AppendEntriesReply","version":5}
2026-07-29T01:33:23.843793610Z Shard: leader N0 received: {"term":1,"senderId":"N11","success":true,"matchIndex":10,"level":"Shard","type":"AppendEntriesReply","version":5}
2026-07-29T01:33:24.388225128Z Shard: leader N0 received: {"action":"Get","key":"k1","reply_num":2,"type":"DictMsg","version":5}
2026-07-29T01:33:24.388361569Z Shard: Leader N0 appending log entry
2026-07-29T01:33:24.388427894Z Shard: leader node: N0 broadcasting append entries message
2026-07-29T01:33:24.388541667Z Sending message to node N9: {"term":1,"leaderId":"N0","prevLogIndex":10,"prevLogTerm":1,"leaderCommit":10,"entries":[{"msg":{"action":"Get","key":"k1","reply_num":2,"type":"DictMsg","version":5},"term":1,"index":11}],"level":"Shard","type":"AppendEntries","version":5}
2026-07-29T01:33:24.388822613Z Sending message to node N2: {"term":1,"leaderId":"N0","prevLogIndex":10,"prevLogTerm":1,"leaderCommit":10,"entries":[{"msg":{"action":"Get","key":"k1","reply_num":2,"type":"DictMsg","version":5},"term":1,"index":11}],"level":"Shard","type":"AppendEntries","version":5}
2026-07-29T01:33:24.389066594Z Sending message to node N11: {"term":1,"leaderId":"N0","prevLogIndex":10,"prevLogTerm":1,"leaderCommit":10,"entries":[{"msg":{"action":"Get","key":"k1","reply_num":2,"type":"DictMsg","version":5},"term":1,"index":11}],"level":"Shard","type":"AppendEntries","version":5}
2026-07-29T01:33:24.389386773Z Shard: follower N9 received: {"term":1,"leaderId":"N0","prevLogIndex":10,"prevLogTerm":1,"leaderCommit":10,"entries":[{"msg":{"action":"Get","key":"k1","reply_num":2,"type":"DictMsg","version":5},"term":1,"index":11}],"level":"Shard","type":"AppendEntries","version":5}
2026-07-29T01:33:24.389524254Z Node N9 Shard: commiting upto index 10
2026-07-29T01:33:24.389571332Z Shard: follower N2 received: {"term":1,"leaderId":"N0","prevLogIndex":10,"prevLogTerm":1,"leaderCommit":10,"entries":[{"msg":{"action":"Get","key":"k1","reply_num":2,"type":"DictMsg","version":5},"term":1,"index":11}],"level":"Shard","type":"AppendEntries","version":5}
2026-07-29T01:33:24.389631400Z Sending message to node N0: {"term":1,"senderId":"N9","success":true,"matchIndex":11,"level":"Shard","type":"AppendEntriesReply","version":5}
2026-07-29T01:33:24.389717739Z Node N2 Shard: commiting upto index 10
2026-07-29T01:33:24.389817571Z Sending message to node N0: {"term":1,"senderId":"N2","success":true,"matchIndex":11,"level":"Shard","type":"AppendEntriesReply","version":5}
2026-07-29T01:33:24.390021015Z Shard: follower N11 received: {"term":1,"leaderId":"N0","prevLogIndex":10,"prevLogTerm":1,"leaderCommit":10,"entries":[{"msg":{"action":"Get","key":"k1","reply_num":2,"type":"DictMsg","version":5},"term":1,"index":11}],"level":"Shard","type":"AppendEntries","version":5}
2026-07-29T01:33:24.390133073Z Shard: leader N0 received: {"term":1,"senderId":"N9","success":true,"matchIndex":11,"level":"Shard","type":"AppendEntriesReply","version":5}
2026-07-29T01:33:24.390238600Z Shard: leader N0 received: {"term":1,"senderId":"N2","success":true,"matchIndex":11,"level":"Shard","type":"AppendEntriesReply","version":5}
2026-07-29T01:33:24.390248174Z Node N11 Shard: commiting upto index 10
2026-07-29T01:33:24.390315702Z Node N0 Shard: commiting upto index 11
2026-07-29T01:33:24.390371800Z Shard: leader node: N0 broadcasting append entries message
2026-07-29T01:33:24.390440750Z Sending message to node N9: {"term":1,"leaderId":"N0","prevLogIndex":11,"prevLogTerm":1,"leaderCommit":11,"level":"Shard","type":"AppendEntries","version":5}
2026-07-29T01:33:24.390465463Z Sending message to node N0: {"term":1,"senderId":"N11","success":true,"matchIndex":11,"level":"Shard","type":"AppendEntriesReply","version":5}
2026-07-29T01:33:24.390654403Z Sending message to node N2: {"term":1,"leaderId":"N0","prevLogIndex":11,"prevLogTerm":1,"leaderCommit":11,"level":"Shard","type":"AppendEntries","version":5}
2026-07-29T01:33:24.390862594Z Sending message to node N11: {"term":1,"leaderId":"N0","prevLogIndex":10,"prevLogTerm":1,"leaderCommit":11,"entries":[{"msg":{"action":"Get","key":"k1","reply_num":2,"type":"DictMsg","version":5},"term":1,"index":11}],"level":"Shard","type":"AppendEntries","version":5}
2026-07-29T01:33:24.391045753Z Shard: follower N9 received: {"term":1,"leaderId":"N0","prevLogIndex":11,"prevLogTerm":1,"leaderCommit":11,"level":"Shard","type":"AppendEntries","version":5}
2026-07-29T01:33:24.391088387Z Shard: leader N0 received: {"term":1,"senderId":"N11","success":true,"matchIndex":11,"level":"Shard","type":"AppendEntriesReply","version":5}
2026-07-29T01:33:24.391093914Z Shard: follower N2 received: {"term":1,"leaderId":"N0","prevLogIndex":11,"prevLogTerm":1,"leaderCommit":11,"level":"Shard","type":"AppendEntries","version":5}
2026-07-29T01:33:24.391157368Z Node N9 Shard: commiting upto index 11
2026-07-29T01:33:24.391200998Z Node N2 Shard: commiting upto index 11
2026-07-29T01:33:24.391279639Z Sending message to node N0: {"term":1,"senderId":"N9","success":true,"matchIndex":11,"level":"Shard","type":"AppendEntriesReply","version":5}
2026-07-29T01:33:24.391320852Z Sending message to node N0: {"term":1,"senderId":"N2","success":true,"matchIndex":11,"level":"Shard","type":"AppendEntriesReply","version":5}
2026-07-29T01:33:24.391690382Z Shard: follower N11 received: {"term":1,"leaderId":"N0","prevLogIndex":10,"prevLogTerm":1,"leaderCommit":11,"entries":[{"msg":{"action":"Get","key":"k1","reply_num":2,"type":"DictMsg","version":5},"term":1,"index":11}],"level":"Shard","type":"AppendEntries","version":5}
2026-07-29T01:33:24.391864397Z Shard: leader N0 received: {"term":1,"senderId":"N9","success":true,"matchIndex":11,"level":"Shard","type":"AppendEntriesReply","version":5}
2026-07-29T01:33:24.391935125Z Shard: leader N0 received: {"term":1,"senderId":"N2","success":true,"matchIndex":11,"level":"Shard","type":"AppendEntriesReply","version":5}
2026-07-29T01:33:24.392307908Z Node N11 Shard: commiting upto index 11
2026-07-29T01:33:24.392827501Z Sending message to node N0: {"term":1,"senderId":"N11","success":true,"matchIndex":11,"level":"Shard","type":"AppendEntriesReply","version":5}
2026-07-29T01:33:24.393548635Z Shard: leader N0 received: {"term":1,"senderId":"N11","success":true,"matchIndex":11,"level":"Shard","type":"AppendEntriesReply","version":5}
2026-07-29T01:33:25.393843148Z Shard: Node N0 - Leader sending heartbeats.
2026-07-29T01:33:25.393994819Z Shard: leader node: N0 broadcasting append entries message
2026-07-29T01:33:25.394620311Z Sending message to node N9: {"term":1,"leaderId":"N0","prevLogIndex":11,"prevLogTerm":1,"leaderCommit":11,"level":"Shard","type":"AppendEntries","version":5}
2026-07-29T01:33:25.395321099Z Sending message to node N2: {"term":1,"leaderId":"N0","prevLogIndex":11,"prevLogTerm":1,"leaderCommit":11,"level":"Shard","type":"AppendEntries","version":5}
2026-07-29T01:33:25.395954111Z Sending message to node N11: {"term":1,"leaderId":"N0","prevLogIndex":11,"prevLogTerm":1,"leaderCommit":11,"level":"Shard","type":"AppendEntries","version":5}
2026-07-29T01:33:25.397006084Z Shard: follower N9 received: {"term":1,"leaderId":"N0","prevLogIndex":11,"prevLogTerm":1,"leaderCommit":11,"level":"Shard","type":"AppendEntries","version":5}
2026-07-29T01:33:25.397029402Z Shard: follower N2 received: {"term":1,"leaderId":"N0","prevLogIndex":11,"prevLogTerm":1,"leaderCommit":11,"level":"Shard","type":"AppendEntries","version":5}
2026-07-29T01:33:25.397170955Z Node N2 Shard: commiting upto index 11
2026-07-29T01:33:25.397177153Z Node N9 Shard: commiting upto index 11
2026-07-29T01:33:25.397258002Z Sending message to node N0: {"term":1,"senderId":"N2","success":true,"matchIndex":11,"level":"Shard","type":"AppendEntriesReply","version":5}
2026-07-29T01:33:25.397286903Z Sending message to node N0: {"term":1,"senderId":"N9","success":true,"matchIndex":11,"level":"Shard","type":"AppendEntriesReply","version":5}
2026-07-29T01:33:25.397706645Z Shard: follower N11 received: {"term":1,"leaderId":"N0","prevLogIndex":11,"prevLogTerm":1,"leaderCommit":11,"level":"Shard","type":"AppendEntries","version":5}
2026-07-29T01:33:25.397984401Z Node N11 Shard: commiting upto index 11
2026-07-29T01:33:25.398101275Z Shard: leader N0 received: {"term":1,"senderId":"N2","success":true,"matchIndex":11,"level":"Shard","type":"AppendEntriesReply","version":5}
2026-07-29T01:33:25.398229520Z Shard: leader N0 received: {"term":1,"senderId":"N9","success":true,"matchIndex":11,"level":"Shard","type":"AppendEntriesReply","version":5}
2026-07-29T01:33:25.398194323Z Sending message to node N0: {"term":1,"senderId":"N11","success":true,"matchIndex":11,"level":"Shard","type":"AppendEntriesReply","version":5}
2026-07-29T01:33:25.399197934Z Shard: leader N0 received: {"term":1,"senderId":"N11","success":true,"matchIndex":11,"level":"Shard","type":"AppendEntriesReply","version":5}
2026-07-29T01:33:26.399694703Z Shard: Node N0 - Leader sending heartbeats.
2026-07-29T01:33:26.400021808Z Shard: leader node: N0 broadcasting append entries message
2026-07-29T01:33:26.400277941Z Sending message to node N9: {"term":1,"leaderId":"N0","prevLogIndex":11,"prevLogTerm":1,"leaderCommit":11,"level":"Shard","type":"AppendEntries","version":5}
2026-07-29T01:33:26.401174820Z Sending message to node N2: {"term":1,"leaderId":"N0","prevLogIndex":11,"prevLogTerm":1,"leaderCommit":11,"level":"Shard","type":"AppendEntries","version":5}
2026-07-29T01:33:26.401738707Z Sending message to node N11: {"term":1,"leaderId":"N0","prevLogIndex":11,"prevLogTerm":1,"leaderCommit":11,"level":"Shard","type":"AppendEntries","version":5}
2026-07-29T01:33:26.402262512Z Shard: follower N9 received: {"term":1,"leaderId":"N0","prevLogIndex":11,"prevLogTerm":1,"leaderCommit":11,"level":"Shard","type":"AppendEntries","version":5}
2026-07-29T01:33:26.402492239Z Node N9 Shard: commiting upto index 11
2026-07-29T01:33:26.402668597Z Sending message to node N0: {"term":1,"senderId":"N9","success":true,"matchIndex":11,"level":"Shard","type":"AppendEntriesReply","version":5}
2026-07-29T01:33:26.403683868Z Shard: follower N2 received: {"term":1,"leaderId":"N0","prevLogIndex":11,"prevLogTerm":1,"leaderCommit":11,"level":"Shard","type":"AppendEntries","version":5}
2026-07-29T01:33:26.403775189Z Shard: follower N11 received: {"term":1,"leaderId":"N0","prevLogIndex":11,"prevLogTerm":1,"leaderCommit":11,"level":"Shard","type":"AppendEntries","version":5}
2026-07-29T01:33:26.404199375Z Shard: leader N0 received: {"term":1,"senderId":"N9","success":true,"matchIndex":11,"level":"Shard","type":"AppendEntriesReply","version":5}
2026-07-29T01:33:26.404250693Z Node N11 Shard: commiting upto index 11
2026-07-29T01:33:26.403994004Z Node N2 Shard: commiting upto index 11
2026-07-29T01:33:26.404593408Z Sending message to node N0: {"term":1,"senderId":"N11","success":true,"matchIndex":11,"level":"Shard","type":"AppendEntriesReply","version":5}
2026-07-29T01:33:26.404978100Z Sending message to node N0: {"term":1,"senderId":"N2","success":true,"matchIndex":11,"level":"Shard","type":"AppendEntriesReply","version":5}
2026-07-29T01:33:26.405914391Z Shard: leader N0 received: {"term":1,"senderId":"N11","success":true,"matchIndex":11,"level":"Shard","type":"AppendEntriesReply","version":5}
2026-07-29T01:33:26.406106689Z Shard: leader N0 received: {"term":1,"senderId":"N2","success":true,"matchIndex":11,"level":"Shard","type":"AppendEntriesReply","version":5}
2026-07-29T01:33:27.406477683Z Shard: Node N0 - Leader sending heartbeats.
2026-07-29T01:33:27.406765239Z Shard: leader node: N0 broadcasting append entries message
2026-07-29T01:33:27.407098850Z Sending message to node N9: {"term":1,"leaderId":"N0","prevLogIndex":11,"prevLogTerm":1,"leaderCommit":11,"level":"Shard","type":"AppendEntries","version":5}
2026-07-29T01:33:27.407687562Z Sending message to node N2: {"term":1,"leaderId":"N0","prevLogIndex":11,"prevLogTerm":1,"leaderCommit":11,"level":"Shard","type":"AppendEntries","version":5}
2026-07-29T01:33:27.408000081Z Sending message to node N11: {"term":1,"leaderId":"N0","prevLogIndex":11,"prevLogTerm":1,"leaderCommit":11,"level":"Shard","type":"AppendEntries","version":5}
2026-07-29T01:33:27.409373050Z Shard: follower N9 received: {"term":1,"leaderId":"N0","prevLogIndex":11,"prevLogTerm":1,"leaderCommit":11,"level":"Shard","type":"AppendEntries","version":5}
2026-07-29T01:33:27.409425850Z Shard: follower N2 received: {"term":1,"leaderId":"N0","prevLogIndex":11,"prevLogTerm":1,"leaderCommit":11,"level":"Shard","type":"AppendEntries","version":5}
2026-07-29T01:33:27.409397730Z Shard: follower N11 received: {"term":1,"leaderId":"N0","prevLogIndex":11,"prevLogTerm":1,"leaderCommit":11,"level":"Shard","type":"AppendEntries","version":5}
2026-07-29T01:33:27.409587752Z Node N9 Shard: commiting upto index 11
2026-07-29T01:33:27.409612739Z Node N2 Shard: commiting upto index 11
2026-07-29T01:33:27.409709158Z Sending message to node N0: {"term":1,"senderId":"N2","success":true,"matchIndex":11,"level":"Shard","type":"AppendEntriesReply","version":5}
2026-07-29T01:33:27.409707311Z Sending message to node N0: {"term":1,"senderId":"N9","success":true,"matchIndex":11,"level":"Shard","type":"AppendEntriesReply","version":5}
2026-07-29T01:33:27.409766833Z Node N11 Shard: commiting upto index 11
2026-07-29T01:33:27.410030542Z Sending message to node N0: {"term":1,"senderId":"N11","success":true,"matchIndex":11,"level":"Shard","type":"AppendEntriesReply","version":5}
2026-07-29T01:33:27.410695892Z Shard: leader N0 received: {"term":1,"senderId":"N2","success":true,"matchIndex":11,"level":"Shard","type":"AppendEntriesReply","version":5}
2026-07-29T01:33:27.410949182Z Shard: leader N0 received: {"term":1,"senderId":"N9","success":true,"matchIndex":11,"level":"Shard","type":"AppendEntriesReply","version":5}
2026-07-29T01:33:27.411131285Z Shard: leader N0 received: {"term":1,"senderId":"N11","success":true,"matchIndex":11,"level":"Shard","type":"AppendEntriesReply","version":5}
2026-07-29T01:33:28.411664074Z Shard: Node N0 - Leader sending heartbeats.
2026-07-29T01:33:28.412006624Z Shard: leader node: N0 broadcasting append entries message
2026-07-29T01:33:28.412193051Z Sending message to node N9: {"term":1,"leaderId":"N0","prevLogIndex":11,"prevLogTerm":1,"leaderCommit":11,"level":"Shard","type":"AppendEntries","version":5}
2026-07-29T01:33:28.413100963Z Sending message to node N2: {"term":1,"leaderId":"N0","prevLogIndex":11,"prevLogTerm":1,"leaderCommit":11,"level":"Shard","type":"AppendEntries","version":5}
2026-07-29T01:33:28.413784454Z Sending message to node N11: {"term":1,"leaderId":"N0","prevLogIndex":11,"prevLogTerm":1,"leaderCommit":11,"level":"Shard","type":"AppendEntries","version":5}
2026-07-29T01:33:28.414622174Z Shard: follower N9 received: {"term":1,"leaderId":"N0","prevLogIndex":11,"prevLogTerm":1,"leaderCommit":11,"level":"Shard","type":"AppendEntries","version":5}
2026-07-29T01:33:28.414913069Z Node N9 Shard: commiting upto index 11
2026-07-29T01:33:28.415082008Z Sending message to node N0: {"term":1,"senderId":"N9","success":true,"matchIndex":11,"level":"Shard","type":"AppendEntriesReply","version":5}
2026-07-29T01:33:28.415573739Z Shard: follower N2 received: {"term":1,"leaderId":"N0","prevLogIndex":11,"prevLogTerm":1,"leaderCommit":11,"level":"Shard","type":"AppendEntries","version":5}
2026-07-29T01:33:28.415768381Z Node N2 Shard: commiting upto index 11
2026-07-29T01:33:28.415889844Z Sending message to node N0: {"term":1,"senderId":"N2","success":true,"matchIndex":11,"level":"Shard","type":"AppendEntriesReply","version":5}
2026-07-29T01:33:28.416497842Z Shard: follower N11 received: {"term":1,"leaderId":"N0","prevLogIndex":11,"prevLogTerm":1,"leaderCommit":11,"level":"Shard","type":"AppendEntries","version":5}
2026-07-29T01:33:28.416903406Z Shard: leader N0 received: {"term":1,"senderId":"N9","success":true,"matchIndex":11,"level":"Shard","type":"AppendEntriesReply","version":5}
2026-07-29T01:33:28.416875519Z Node N11 Shard: commiting upto index 11
2026-07-29T01:33:28.417095350Z Shard: leader N0 received: {"term":1,"senderId":"N2","success":true,"matchIndex":11,"level":"Shard","type":"AppendEntriesReply","version":5}
2026-07-29T01:33:28.417141609Z Sending message to node N0: {"term":1,"senderId":"N11","success":true,"matchIndex":11,"level":"Shard","type":"AppendEntriesReply","version":5}
2026-07-29T01:33:28.418009429Z Shard: leader N0 received: {"term":1,"senderId":"N11","success":true,"matchIndex":11,"level":"Shard","type":"AppendEntriesReply","version":5}
2026-07-29T01:33:29.418531953Z Shard: Node N0 - Leader sending heartbeats.
2026-07-29T01:33:29.418967959Z Shard: leader node: N0 broadcasting append entries message
2026-07-29T01:33:29.419249874Z Sending message to node N9: {"term":1,"leaderId":"N0","prevLogIndex":11,"prevLogTerm":1,"leaderCommit":11,"level":"Shard","type":"AppendEntries","version":5}
2026-07-29T01:33:29.419948898Z Sending message to node N2: {"term":1,"leaderId":"N0","prevLogIndex":11,"prevLogTerm":1,"leaderCommit":11,"level":"Shard","type":"AppendEntries","version":5}
2026-07-29T01:33:29.420644758Z Sending message to node N11: {"term":1,"leaderId":"N0","prevLogIndex":11,"prevLogTerm":1,"leaderCommit":11,"level":"Shard","type":"AppendEntries","version":5}
2026-07-29T01:33:29.421514296Z Shard: follower N9 received: {"term":1,"leaderId":"N0","prevLogIndex":11,"prevLogTerm":1,"leaderCommit":11,"level":"Shard","type":"AppendEntries","version":5}
2026-07-29T01:33:29.421776692Z Node N9 Shard: commiting upto index 11
2026-07-29T01:33:29.421940921Z Sending message to node N0: {"term":1,"senderId":"N9","success":true,"matchIndex":11,"level":"Shard","type":"AppendEntriesReply","version":5}
2026-07-29T01:33:29.422431209Z Shard: follower N2 received: {"term":1,"leaderId":"N0","prevLogIndex":11,"prevLogTerm":1,"leaderCommit":11,"level":"Shard","type":"AppendEntries","version":5}
2026-07-29T01:33:29.422607430Z Node N2 Shard: commiting upto index 11
2026-07-29T01:33:29.422720887Z Sending message to node N0: {"term":1,"senderId":"N2","success":true,"matchIndex":11,"level":"Shard","type":"AppendEntriesReply","version":5}
2026-07-29T01:33:29.423225139Z Shard: follower N11 received: {"term":1,"leaderId":"N0","prevLogIndex":11,"prevLogTerm":1,"leaderCommit":11,"level":"Shard","type":"AppendEntries","version":5}
2026-07-29T01:33:29.423610923Z Node N11 Shard: commiting upto index 11
2026-07-29T01:33:29.423861149Z Shard: leader N0 received: {"term":1,"senderId":"N9","success":true,"matchIndex":11,"level":"Shard","type":"AppendEntriesReply","version":5}
2026-07-29T01:33:29.423935987Z Sending message to node N0: {"term":1,"senderId":"N11","success":true,"matchIndex":11,"level":"Shard","type":"AppendEntriesReply","version":5}
2026-07-29T01:33:29.424048551Z Shard: leader N0 received: {"term":1,"senderId":"N2","success":true,"matchIndex":11,"level":"Shard","type":"AppendEntriesReply","version":5}
2026-07-29T01:33:29.424955279Z Shard: leader N0 received: {"term":1,"senderId":"N11","success":true,"matchIndex":11,"level":"Shard","type":"AppendEntriesReply","version":5}
2026-07-29T01:33:30.425517238Z Shard: Node N0 - Leader sending heartbeats.
2026-07-29T01:33:30.426008421Z Shard: leader node: N0 broadcasting append entries message
2026-07-29T01:33:30.427473346Z Sending message to node N9: {"term":1,"leaderId":"N0","prevLogIndex":11,"prevLogTerm":1,"leaderCommit":11,"level":"Shard","type":"AppendEntries","version":5}
2026-07-29T01:33:30.428228672Z Sending message to node N2: {"term":1,"leaderId":"N0","prevLogIndex":11,"prevLogTerm":1,"leaderCommit":11,"level":"Shard","type":"AppendEntries","version":5}
2026-07-29T01:33:30.428921740Z Sending message to node N11: {"term":1,"leaderId":"N0","prevLogIndex":11,"prevLogTerm":1,"leaderCommit":11,"level":"Shard","type":"AppendEntries","version":5}
2026-07-29T01:33:30.429662484Z Shard: follower N2 received: {"term":1,"leaderId":"N0","prevLogIndex":11,"prevLogTerm":1,"leaderCommit":11,"level":"Shard","type":"AppendEntries","version":5}
2026-07-29T01:33:30.429846789Z Node N2 Shard: commiting upto index 11
2026-07-29T01:33:30.430077564Z Sending message to node N0: {"term":1,"senderId":"N2","success":true,"matchIndex":11,"level":"Shard","type":"AppendEntriesReply","version":5}
2026-07-29T01:33:30.430067715Z Shard: follower N9 received: {"term":1,"leaderId":"N0","prevLogIndex":11,"prevLogTerm":1,"leaderCommit":11,"level":"Shard","type":"AppendEntries","version":5}
2026-07-29T01:33:30.430311025Z Node N9 Shard: commiting upto index 11
2026-07-29T01:33:30.430505626Z Sending message to node N0: {"term":1,"senderId":"N9","success":true,"matchIndex":11,"level":"Shard","type":"AppendEntriesReply","version":5}
2026-07-29T01:33:30.431629231Z Shard: leader N0 received: {"term":1,"senderId":"N9","success":true,"matchIndex":11,"level":"Shard","type":"AppendEntriesReply","version":5}
2026-07-29T01:33:30.431608572Z Shard: follower N11 received: {"term":1,"leaderId":"N0","prevLogIndex":11,"prevLogTerm":1,"leaderCommit":11,"level":"Shard","type":"AppendEntries","version":5}
2026-07-29T01:33:30.431876239Z Node N11 Shard: commiting upto index 11
2026-07-29T01:33:30.432307915Z Sending message to node N0: {"term":1,"senderId":"N11","success":true,"matchIndex":11,"level":"Shard","type":"AppendEntriesReply","version":5}
2026-07-29T01:33:30.433335188Z Shard: leader N0 received: {"term":1,"senderId":"N2","success":true,"matchIndex":11,"level":"Shard","type":"AppendEntriesReply","version":5}
2026-07-29T01:33:30.433487758Z Shard: leader N0 received: {"term":1,"senderId":"N11","success":true,"matchIndex":11,"level":"Shard","type":"AppendEntriesReply","version":5}
2026-07-29T01:33:31.433813400Z Shard: Node N0 - Leader sending heartbeats.
2026-07-29T01:33:31.434028213Z Shard: leader node: N0 broadcasting append entries message
2026-07-29T01:33:31.434163238Z Sending message to node N9: {"term":1,"leaderId":"N0","prevLogIndex":11,"prevLogTerm":1,"leaderCommit":11,"level":"Shard","type":"AppendEntries","version":5}
2026-07-29T01:33:31.435225887Z Sending message to node N2: {"term":1,"leaderId":"N0","prevLogIndex":11,"prevLogTerm":1,"leaderCommit":11,"level":"Shard","type":"AppendEntries","version":5}
2026-07-29T01:33:31.435365863Z Shard: follower N9 received: {"term":1,"leaderId":"N0","prevLogIndex":11,"prevLogTerm":1,"leaderCommit":11,"level":"Shard","type":"AppendEntries","version":5}
2026-07-29T01:33:31.435598480Z Node N9 Shard: commiting upto index 11
2026-07-29T01:33:31.435750961Z Sending message to node N0: {"term":1,"senderId":"N9","success":true,"matchIndex":11,"level":"Shard","type":"AppendEntriesReply","version":5}
2026-07-29T01:33:31.435910997Z Sending message to node N11: {"term":1,"leaderId":"N0","prevLogIndex":11,"prevLogTerm":1,"leaderCommit":11,"level":"Shard","type":"AppendEntries","version":5}
2026-07-29T01:33:31.436599069Z Shard: follower N2 received: {"term":1,"leaderId":"N0","prevLogIndex":11,"prevLogTerm":1,"leaderCommit":11,"level":"Shard","type":"AppendEntries","version":5}
2026-07-29T01:33:31.436716495Z Shard: leader N0 received: {"term":1,"senderId":"N9","success":true,"matchIndex":11,"level":"Shard","type":"AppendEntriesReply","version":5}
2026-07-29T01:33:31.436780088Z Node N2 Shard: commiting upto index 11
2026-07-29T01:33:31.436871023Z Sending message to node N0: {"term":1,"senderId":"N2","success":true,"matchIndex":11,"level":"Shard","type":"AppendEntriesReply","version":5}
2026-07-29T01:33:31.437669191Z Shard: leader N0 received: {"term":1,"senderId":"N2","success":true,"matchIndex":11,"level":"Shard","type":"AppendEntriesReply","version":5}
2026-07-29T01:33:31.437805767Z Shard: follower N11 received: {"term":1,"leaderId":"N0","prevLogIndex":11,"prevLogTerm":1,"leaderCommit":11,"level":"Shard","type":"AppendEntries","version":5}
2026-07-29T01:33:31.438046081Z Node N11 Shard: commiting upto index 11
2026-07-29T01:33:31.438207900Z Sending message to node N0: {"term":1,"senderId":"N11","success":true,"matchIndex":11,"level":"Shard","type":"AppendEntriesReply","version":5}
2026-07-29T01:33:31.438721677Z Shard: leader N0 received: {"term":1,"senderId":"N11","success":true,"matchIndex":11,"level":"Shard","type":"AppendEntriesReply","version":5}
2026-07-29T01:33:32.439464022Z Shard: Node N0 - Leader sending heartbeats.
2026-07-29T01:33:32.439553578Z Shard: leader node: N0 broadcasting append entries message
2026-07-29T01:33:32.439648844Z Sending message to node N9: {"term":1,"leaderId":"N0","prevLogIndex":11,"prevLogTerm":1,"leaderCommit":11,"level":"Shard","type":"AppendEntries","version":5}
2026-07-29T01:33:32.440066573Z Sending message to node N2: {"term":1,"leaderId":"N0","prevLogIndex":11,"prevLogTerm":1,"leaderCommit":11,"level":"Shard","type":"AppendEntries","version":5}
2026-07-29T01:33:32.440233547Z Sending message to node N11: {"term":1,"leaderId":"N0","prevLogIndex":11,"prevLogTerm":1,"leaderCommit":11,"level":"Shard","type":"AppendEntries","version":5}
2026-07-29T01:33:32.440485323Z Shard: follower N9 received: {"term":1,"leaderId":"N0","prevLogIndex":11,"prevLogTerm":1,"leaderCommit":11,"level":"Shard","type":"AppendEntries","version":5}
2026-07-29T01:33:32.440600457Z Node N9 Shard: commiting upto index 11
2026-07-29T01:33:32.440659958Z Sending message to node N0: {"term":1,"senderId":"N9","success":true,"matchIndex":11,"level":"Shard","type":"AppendEntriesReply","version":5}
2026-07-29T01:33:32.440800805Z Shard: follower N2 received: {"term":1,"leaderId":"N0","prevLogIndex":11,"prevLogTerm":1,"leaderCommit":11,"level":"Shard","type":"AppendEntries","version":5}
2026-07-29T01:33:32.440883139Z Node N2 Shard: commiting upto index 11
2026-07-29T01:33:32.440931775Z Sending message to node N0: {"term":1,"senderId":"N2","success":true,"matchIndex":11,"level":"Shard","type":"AppendEntriesReply","version":5}
2026-07-29T01:33:32.441099206Z Shard: follower N11 received: {"term":1,"leaderId":"N0","prevLogIndex":11,"prevLogTerm":1,"leaderCommit":11,"level":"Shard","type":"AppendEntries","version":5}
2026-07-29T01:33:32.441197482Z Shard: leader N0 received: {"term":1,"senderId":"N9","success":true,"matchIndex":11,"level":"Shard","type":"AppendEntriesReply","version":5}
2026-07-29T01:33:32.441272877Z Node N11 Shard: commiting upto index 11
2026-07-29T01:33:32.441343026Z Shard: leader N0 received: {"term":1,"senderId":"N2","success":true,"matchIndex":11,"level":"Shard","type":"AppendEntriesReply","version":5}
2026-07-29T01:33:32.441369739Z Sending message to node N0: {"term":1,"senderId":"N11","success":true,"matchIndex":11,"level":"Shard","type":"AppendEntriesReply","version":5}
2026-07-29T01:33:32.441651897Z Shard: leader N0 received: {"term":1,"senderId":"N11","success":true,"matchIndex":11,"level":"Shard","type":"AppendEntriesReply","version":5}
2026-07-29T01:33:33.442005546Z Shard: Node N0 - Leader sending heartbeats.
2026-07-29T01:33:33.442285183Z Shard: leader node: N0 broadcasting append entries message
2026-07-29T01:33:33.442474617Z Sending message to node N9: {"term":1,"leaderId":"N0","prevLogIndex":11,"prevLogTerm":1,"leaderCommit":11,"level":"Shard","type":"AppendEntries","version":5}
2026-07-29T01:33:33.443551282Z Sending message to node N2: {"term":1,"leaderId":"N0","prevLogIndex":11,"prevLogTerm":1,"leaderCommit":11,"level":"Shard","type":"AppendEntries","version":5}
2026-07-29T01:33:33.444005347Z Sending message to node N11: {"term":1,"leaderId":"N0","prevLogIndex":11,"prevLogTerm":1,"leaderCommit":11,"level":"Shard","type":"AppendEntries","version":5}
2026-07-29T01:33:33.445176408Z Shard: follower N9 received: {"term":1,"leaderId":"N0","prevLogIndex":11,"prevLogTerm":1,"leaderCommit":11,"level":"Shard","type":"AppendEntries","version":5}
2026-07-29T01:33:33.445457751Z Node N9 Shard: commiting upto index 11
2026-07-29T01:33:33.445683858Z Sending message to node N0: {"term":1,"senderId":"N9","success":true,"matchIndex":11,"level":"Shard","type":"AppendEntriesReply","version":5}
2026-07-29T01:33:33.445645121Z Shard: follower N11 received: {"term":1,"leaderId":"N0","prevLogIndex":11,"prevLogTerm":1,"leaderCommit":11,"level":"Shard","type":"AppendEntries","version":5}
2026-07-29T01:33:33.445916670Z Node N11 Shard: commiting upto index 11
2026-07-29T01:33:33.446130371Z Sending message to node N0: {"term":1,"senderId":"N11","success":true,"matchIndex":11,"level":"Shard","type":"AppendEntriesReply","version":5}
2026-07-29T01:33:33.446486109Z Shard: follower N2 received: {"term":1,"leaderId":"N0","prevLogIndex":11,"prevLogTerm":1,"leaderCommit":11,"level":"Shard","type":"AppendEntries","version":5}
2026-07-29T01:33:33.446685332Z Node N2 Shard: commiting upto index 11
2026-07-29T01:33:33.446787859Z Sending message to node N0: {"term":1,"senderId":"N2","success":true,"matchIndex":11,"level":"Shard","type":"AppendEntriesReply","version":5}
2026-07-29T01:33:33.447798426Z Shard: leader N0 received: {"term":1,"senderId":"N9","success":true,"matchIndex":11,"level":"Shard","type":"AppendEntriesReply","version":5}
2026-07-29T01:33:33.447946355Z Shard: leader N0 received: {"term":1,"senderId":"N11","success":true,"matchIndex":11,"level":"Shard","type":"AppendEntriesReply","version":5}
2026-07-29T01:33:33.448048144Z Shard: leader N0 received: {"term":1,"senderId":"N2","success":true,"matchIndex":11,"level":"Shard","type":"AppendEntriesReply","version":5}
2026-07-29T01:33:34.448283732Z Shard: Node N0 - Leader sending heartbeats.
2026-07-29T01:33:34.448467563Z Shard: leader node: N0 broadcasting append entries message
2026-07-29T01:33:34.448566661Z Sending message to node N9: {"term":1,"leaderId":"N0","prevLogIndex":11,"prevLogTerm":1,"leaderCommit":11,"level":"Shard","type":"AppendEntries","version":5}
2026-07-29T01:33:34.448896851Z Sending message to node N2: {"term":1,"leaderId":"N0","prevLogIndex":11,"prevLogTerm":1,"leaderCommit":11,"level":"Shard","type":"AppendEntries","version":5}
2026-07-29T01:33:34.449094041Z Sending message to node N11: {"term":1,"leaderId":"N0","prevLogIndex":11,"prevLogTerm":1,"leaderCommit":11,"level":"Shard","type":"AppendEntries","version":5}
2026-07-29T01:33:34.449362408Z Shard: follower N9 received: {"term":1,"leaderId":"N0","prevLogIndex":11,"prevLogTerm":1,"leaderCommit":11,"level":"Shard","type":"AppendEntries","version":5}
2026-07-29T01:33:34.449503879Z Node N9 Shard: commiting upto index 11
2026-07-29T01:33:34.449512936Z Shard: follower N2 received: {"term":1,"leaderId":"N0","prevLogIndex":11,"prevLogTerm":1,"leaderCommit":11,"level":"Shard","type":"AppendEntries","version":5}
2026-07-29T01:33:34.449582778Z Sending message to node N0: {"term":1,"senderId":"N9","success":true,"matchIndex":11,"level":"Shard","type":"AppendEntriesReply","version":5}
2026-07-29T01:33:34.449610617Z Node N2 Shard: commiting upto index 11
2026-07-29T01:33:34.449676847Z Sending message to node N0: {"term":1,"senderId":"N2","success":true,"matchIndex":11,"level":"Shard","type":"AppendEntriesReply","version":5}
2026-07-29T01:33:34.449942104Z Shard: follower N11 received: {"term":1,"leaderId":"N0","prevLogIndex":11,"prevLogTerm":1,"leaderCommit":11,"level":"Shard","type":"AppendEntries","version":5}
2026-07-29T01:33:34.450192292Z Shard: leader N0 received: {"term":1,"senderId":"N9","success":true,"matchIndex":11,"level":"Shard","type":"AppendEntriesReply","version":5}
2026-07-29T01:33:34.450168319Z Node N11 Shard: commiting upto index 11
2026-07-29T01:33:34.450304824Z Shard: leader N0 received: {"term":1,"senderId":"N2","success":true,"matchIndex":11,"level":"Shard","type":"AppendEntriesReply","version":5}
2026-07-29T01:33:34.450363724Z Sending message to node N0: {"term":1,"senderId":"N11","success":true,"matchIndex":11,"level":"Shard","type":"AppendEntriesReply","version":5}
2026-07-29T01:33:34.451066812Z Shard: leader N0 received: {"term":1,"senderId":"N11","success":true,"matchIndex":11,"level":"Shard","type":"AppendEntriesReply","version":5}
2026-07-29T01:33:35.451254155Z Shard: Node N0 - Leader sending heartbeats.
2026-07-29T01:33:35.451336232Z Shard: leader node: N0 broadcasting append entries message
2026-07-29T01:33:35.451385045Z Sending message to node N9: {"term":1,"leaderId":"N0","prevLogIndex":11,"prevLogTerm":1,"leaderCommit":11,"level":"Shard","type":"AppendEntries","version":5}
2026-07-29T01:33:35.451547439Z Sending message to node N2: {"term":1,"leaderId":"N0","prevLogIndex":11,"prevLogTerm":1,"leaderCommit":11,"level":"Shard","type":"AppendEntries","version":5}
2026-07-29T01:33:35.451636928Z Sending message to node N11: {"term":1,"leaderId":"N0","prevLogIndex":11,"prevLogTerm":1,"leaderCommit":11,"level":"Shard","type":"AppendEntries","version":5}
2026-07-29T01:33:35.451918627Z Shard: follower N9 received: {"term":1,"leaderId":"N0","prevLogIndex":11,"prevLogTerm":1,"leaderCommit":11,"level":"Shard","type":"AppendEntries","version":5}
2026-07-29T01:33:35.451981835Z Node N9 Shard: commiting upto index 11
2026-07-29T01:33:35.452023072Z Sending message to node N0: {"term":1,"senderId":"N9","success":true,"matchIndex":11,"level":"Shard","type":"AppendEntriesReply","version":5}
2026-07-29T01:33:35.453000980Z Shard: follower N2 received: {"term":1,"leaderId":"N0","prevLogIndex":11,"prevLogTerm":1,"leaderCommit":11,"level":"Shard","type":"AppendEntries","version":5}
2026-07-29T01:33:35.453070964Z Node N2 Shard: commiting upto index 11
2026-07-29T01:33:35.453135483Z Sending message to node N0: {"term":1,"senderId":"N2","success":true,"matchIndex":11,"level":"Shard","type":"AppendEntriesReply","version":5}
2026-07-29T01:33:35.453185577Z Shard: follower N11 received: {"term":1,"leaderId":"N0","prevLogIndex":11,"prevLogTerm":1,"leaderCommit":11,"level":"Shard","type":"AppendEntries","version":5}
2026-07-29T01:33:35.453339420Z Node N11 Shard: commiting upto index 11
2026-07-29T01:33:35.453417522Z Sending message to node N0: {"term":1,"senderId":"N11","success":true,"matchIndex":11,"level":"Shard","type":"AppendEntriesReply","version":5}
2026-07-29T01:33:35.453489873Z Shard: leader N0 received: {"term":1,"senderId":"N9","success":true,"matchIndex":11,"level":"Shard","type":"AppendEntriesReply","version":5}
2026-07-29T01:33:35.453530341Z Shard: leader N0 received: {"term":1,"senderId":"N2","success":true,"matchIndex":11,"level":"Shard","type":"AppendEntriesReply","version":5}
2026-07-29T01:33:35.454032267Z Shard: leader N0 received: {"term":1,"senderId":"N11","success":true,"matchIndex":11,"level":"Shard","type":"AppendEntriesReply","version":5}
2026-07-29T01:33:36.454376705Z Shard: Node N0 - Leader sending heartbeats.
2026-07-29T01:33:36.454640957Z Shard: leader node: N0 broadcasting append entries message
2026-07-29T01:33:36.455004888Z Sending message to node N9: {"term":1,"leaderId":"N0","prevLogIndex":11,"prevLogTerm":1,"leaderCommit":11,"level":"Shard","type":"AppendEntries","version":5}
2026-07-29T01:33:36.456132671Z Sending message to node N2: {"term":1,"leaderId":"N0","prevLogIndex":11,"prevLogTerm":1,"leaderCommit":11,"level":"Shard","type":"AppendEntries","version":5}
2026-07-29T01:33:36.456678846Z Sending message to node N11: {"term":1,"leaderId":"N0","prevLogIndex":11,"prevLogTerm":1,"leaderCommit":11,"level":"Shard","type":"AppendEntries","version":5}
2026-07-29T01:33:36.457324836Z Shard: follower N9 received: {"term":1,"leaderId":"N0","prevLogIndex":11,"prevLogTerm":1,"leaderCommit":11,"level":"Shard","type":"AppendEntries","version":5}
2026-07-29T01:33:36.457616712Z Node N9 Shard: commiting upto index 11
2026-07-29T01:33:36.457830609Z Sending message to node N0: {"term":1,"senderId":"N9","success":true,"matchIndex":11,"level":"Shard","type":"AppendEntriesReply","version":5}
2026-07-29T01:33:36.459045400Z Shard: leader N0 received: {"term":1,"senderId":"N9","success":true,"matchIndex":11,"level":"Shard","type":"AppendEntriesReply","version":5}
2026-07-29T01:33:36.459139309Z Shard: follower N2 received: {"term":1,"leaderId":"N0","prevLogIndex":11,"prevLogTerm":1,"leaderCommit":11,"level":"Shard","type":"AppendEntries","version":5}
2026-07-29T01:33:36.459286178Z Node N2 Shard: commiting upto index 11
2026-07-29T01:33:36.459170066Z Shard: follower N11 received: {"term":1,"leaderId":"N0","prevLogIndex":11,"prevLogTerm":1,"leaderCommit":11,"level":"Shard","type":"AppendEntries","version":5}
2026-07-29T01:33:36.459465445Z Sending message to node N0: {"term":1,"senderId":"N2","success":true,"matchIndex":11,"level":"Shard","type":"AppendEntriesReply","version":5}
2026-07-29T01:33:36.459445591Z Node N11 Shard: commiting upto index 11
2026-07-29T01:33:36.459732880Z Sending message to node N0: {"term":1,"senderId":"N11","success":true,"matchIndex":11,"level":"Shard","type":"AppendEntriesReply","version":5}
2026-07-29T01:33:36.460609565Z Shard: leader N0 received: {"term":1,"senderId":"N2","success":true,"matchIndex":11,"level":"Shard","type":"AppendEntriesReply","version":5}
2026-07-29T01:33:36.460765422Z Shard: leader N0 received: {"term":1,"senderId":"N11","success":true,"matchIndex":11,"level":"Shard","type":"AppendEntriesReply","version":5}
2026-07-29T01:33:37.460943145Z Shard: Node N0 - Leader sending heartbeats.
2026-07-29T01:33:37.461015432Z Shard: leader node: N0 broadcasting append entries message
2026-07-29T01:33:37.461063300Z Sending message to node N9: {"term":1,"leaderId":"N0","prevLogIndex":11,"prevLogTerm":1,"leaderCommit":11,"level":"Shard","type":"AppendEntries","version":5}
2026-07-29T01:33:37.461222372Z Sending message to node N2: {"term":1,"leaderId":"N0","prevLogIndex":11,"prevLogTerm":1,"leaderCommit":11,"level":"Shard","type":"AppendEntries","version":5}
2026-07-29T01:33:37.461297902Z Sending message to node N11: {"term":1,"leaderId":"N0","prevLogIndex":11,"prevLogTerm":1,"leaderCommit":11,"level":"Shard","type":"AppendEntries","version":5}
2026-07-29T01:33:37.462281756Z Shard: follower N9 received: {"term":1,"leaderId":"N0","prevLogIndex":11,"prevLogTerm":1,"leaderCommit":11,"level":"Shard","type":"AppendEntries","version":5}
2026-07-29T01:33:37.462363610Z Node N9 Shard: commiting upto index 11
2026-07-29T01:33:37.462410492Z Sending message to node N0: {"term":1,"senderId":"N9","success":true,"matchIndex":11,"level":"Shard","type":"AppendEntriesReply","version":5}
2026-07-29T01:33:37.462876654Z Shard: follower N2 received: {"term":1,"leaderId":"N0","prevLogIndex":11,"prevLogTerm":1,"leaderCommit":11,"level":"Shard","type":"AppendEntries","version":5}
2026-07-29T01:33:37.462942736Z Node N2 Shard: commiting upto index 11
2026-07-29T01:33:37.462980310Z Sending message to node N0: {"term":1,"senderId":"N2","success":true,"matchIndex":11,"level":"Shard","type":"AppendEntriesReply","version":5}
2026-07-29T01:33:37.463370285Z Shard: follower N11 received: {"term":1,"leaderId":"N0","prevLogIndex":11,"prevLogTerm":1,"leaderCommit":11,"level":"Shard","type":"AppendEntries","version":5}
2026-07-29T01:33:37.463482514Z Node N11 Shard: commiting upto index 11
2026-07-29T01:33:37.463609305Z Sending message to node N0: {"term":1,"senderId":"N11","success":true,"matchIndex":11,"level":"Shard","type":"AppendEntriesReply","version":5}
2026-07-29T01:33:37.464435051Z Shard: leader N0 received: {"term":1,"senderId":"N9","success":true,"matchIndex":11,"level":"Shard","type":"AppendEntriesReply","version":5}
2026-07-29T01:33:37.464499516Z Shard: leader N0 received: {"term":1,"senderId":"N2","success":true,"matchIndex":11,"level":"Shard","type":"AppendEntriesReply","version":5}
2026-07-29T01:33:37.465043719Z Shard: leader N0 received: {"term":1,"senderId":"N11","success":true,"matchIndex":11,"level":"Shard","type":"AppendEntriesReply","version":5}
2026-07-29T01:33:38.465362658Z Shard: Node N0 - Leader sending heartbeats.
2026-07-29T01:33:38.465569239Z Shard: leader node: N0 broadcasting append entries message
2026-07-29T01:33:38.465698573Z Sending message to node N9: {"term":1,"leaderId":"N0","prevLogIndex":11,"prevLogTerm":1,"leaderCommit":11,"level":"Shard","type":"AppendEntries","version":5}
2026-07-29T01:33:38.466483051Z Sending message to node N2: {"term":1,"leaderId":"N0","prevLogIndex":11,"prevLogTerm":1,"leaderCommit":11,"level":"Shard","type":"AppendEntries","version":5}
2026-07-29T01:33:38.466869692Z Sending message to node N11: {"term":1,"leaderId":"N0","prevLogIndex":11,"prevLogTerm":1,"leaderCommit":11,"level":"Shard","type":"AppendEntries","version":5}
2026-07-29T01:33:38.467828223Z Shard: follower N2 received: {"term":1,"leaderId":"N0","prevLogIndex":11,"prevLogTerm":1,"leaderCommit":11,"level":"Shard","type":"AppendEntries","version":5}
2026-07-29T01:33:38.468020945Z Node N2 Shard: commiting upto index 11
2026-07-29T01:33:38.468171588Z Sending message to node N0: {"term":1,"senderId":"N2","success":true,"matchIndex":11,"level":"Shard","type":"AppendEntriesReply","version":5}
2026-07-29T01:33:38.468229469Z Shard: follower N9 received: {"term":1,"leaderId":"N0","prevLogIndex":11,"prevLogTerm":1,"leaderCommit":11,"level":"Shard","type":"AppendEntries","version":5}
2026-07-29T01:33:38.468485952Z Node N9 Shard: commiting upto index 11
2026-07-29T01:33:38.468606334Z Sending message to node N0: {"term":1,"senderId":"N9","success":true,"matchIndex":11,"level":"Shard","type":"AppendEntriesReply","version":5}
2026-07-29T01:33:38.468639267Z Shard: follower N11 received: {"term":1,"leaderId":"N0","prevLogIndex":11,"prevLogTerm":1,"leaderCommit":11,"level":"Shard","type":"AppendEntries","version":5}
2026-07-29T01:33:38.468878544Z Node N11 Shard: commiting upto index 11
2026-07-29T01:33:38.469025440Z Sending message to node N0: {"term":1,"senderId":"N11","success":true,"matchIndex":11,"level":"Shard","type":"AppendEntriesReply","version":5}
2026-07-29T01:33:38.469266309Z Shard: leader N0 received: {"term":1,"senderId":"N2","success":true,"matchIndex":11,"level":"Shard","type":"AppendEntriesReply","version":5}
2026-07-29T01:33:38.469431623Z Shard: leader N0 received: {"term":1,"senderId":"N9","success":true,"matchIndex":11,"level":"Shard","type":"AppendEntriesReply","version":5}
2026-07-29T01:33:38.469769631Z Shard: leader N0 received: {"term":1,"senderId":"N11","success":true,"matchIndex":11,"level":"Shard","type":"AppendEntriesReply","version":5}
2026-07-29T01:33:39.470186598Z Shard: Node N0 - Leader sending heartbeats.
2026-07-29T01:33:39.470388215Z Shard: leader node: N0 broadcasting append entries message
2026-07-29T01:33:39.470510541Z Sending message to node N9: {"term":1,"leaderId":"N0","prevLogIndex":11,"prevLogTerm":1,"leaderCommit":11,"level":"Shard","type":"AppendEntries","version":5}
2026-07-29T01:33:39.470988797Z Sending message to node N2: {"term":1,"leaderId":"N0","prevLogIndex":11,"prevLogTerm":1,"leaderCommit":11,"level":"Shard","type":"AppendEntries","version":5}
2026-07-29T01:33:39.471289120Z Sending message to node N11: {"term":1,"leaderId":"N0","prevLogIndex":11,"prevLogTerm":1,"leaderCommit":11,"level":"Shard","type":"AppendEntries","version":5}
2026-07-29T01:33:39.471759047Z Shard: follower N9 received: {"term":1,"leaderId":"N0","prevLogIndex":11,"prevLogTerm":1,"leaderCommit":11,"level":"Shard","type":"AppendEntries","version":5}
2026-07-29T01:33:39.471957995Z Node N9 Shard: commiting upto index 11
2026-07-29T01:33:39.472176240Z Sending message to node N0: {"term":1,"senderId":"N9","success":true,"matchIndex":11,"level":"Shard","type":"AppendEntriesReply","version":5}
2026-07-29T01:33:39.472701141Z Shard: follower N2 received: {"term":1,"leaderId":"N0","prevLogIndex":11,"prevLogTerm":1,"leaderCommit":11,"level":"Shard","type":"AppendEntries","version":5}
2026-07-29T01:33:39.472910950Z Node N2 Shard: commiting upto index 11
2026-07-29T01:33:39.473011065Z Sending message to node N0: {"term":1,"senderId":"N2","success":true,"matchIndex":11,"level":"Shard","type":"AppendEntriesReply","version":5}
2026-07-29T01:33:39.472916796Z Shard: follower N11 received: {"term":1,"leaderId":"N0","prevLogIndex":11,"prevLogTerm":1,"leaderCommit":11,"level":"Shard","type":"AppendEntries","version":5}
2026-07-29T01:33:39.473112637Z Shard: leader N0 received: {"term":1,"senderId":"N9","success":true,"matchIndex":11,"level":"Shard","type":"AppendEntriesReply","version":5}
2026-07-29T01:33:39.473139374Z Node N11 Shard: commiting upto index 11
2026-07-29T01:33:39.473276597Z Sending message to node N0: {"term":1,"senderId":"N11","success":true,"matchIndex":11,"level":"Shard","type":"AppendEntriesReply","version":5}
2026-07-29T01:33:39.473641679Z Shard: leader N0 received: {"term":1,"senderId":"N2","success":true,"matchIndex":11,"level":"Shard","type":"AppendEntriesReply","version":5}
2026-07-29T01:33:39.473910983Z Shard: leader N0 received: {"term":1,"senderId":"N11","success":true,"matchIndex":11,"level":"Shard","type":"AppendEntriesReply","version":5}
2026-07-29T01:33:40.474247326Z Shard: Node N0 - Leader sending heartbeats.
2026-07-29T01:33:40.474534307Z Shard: leader node: N0 broadcasting append entries message
2026-07-29T01:33:40.474708143Z Sending message to node N9: {"term":1,"leaderId":"N0","prevLogIndex":11,"prevLogTerm":1,"leaderCommit":11,"level":"Shard","type":"AppendEntries","version":5}
2026-07-29T01:33:40.475241670Z Sending message to node N2: {"term":1,"leaderId":"N0","prevLogIndex":11,"prevLogTerm":1,"leaderCommit":11,"level":"Shard","type":"AppendEntries","version":5}
2026-07-29T01:33:40.475627209Z Sending message to node N11: {"term":1,"leaderId":"N0","prevLogIndex":11,"prevLogTerm":1,"leaderCommit":11,"level":"Shard","type":"AppendEntries","version":5}
2026-07-29T01:33:40.476838309Z Shard: follower N2 received: {"term":1,"leaderId":"N0","prevLogIndex":11,"prevLogTerm":1,"leaderCommit":11,"level":"Shard","type":"AppendEntries","version":5}
2026-07-29T01:33:40.477052111Z Node N2 Shard: commiting upto index 11
2026-07-29T01:33:40.477171966Z Sending message to node N0: {"term":1,"senderId":"N2","success":true,"matchIndex":11,"level":"Shard","type":"AppendEntriesReply","version":5}
2026-07-29T01:33:40.477076447Z Shard: follower N11 received: {"term":1,"leaderId":"N0","prevLogIndex":11,"prevLogTerm":1,"leaderCommit":11,"level":"Shard","type":"AppendEntries","version":5}
2026-07-29T01:33:40.477338425Z Node N11 Shard: commiting upto index 11
2026-07-29T01:33:40.477445929Z Shard: follower N9 received: {"term":1,"leaderId":"N0","prevLogIndex":11,"prevLogTerm":1,"leaderCommit":11,"level":"Shard","type":"AppendEntries","version":5}
2026-07-29T01:33:40.477501434Z Sending message to node N0: {"term":1,"senderId":"N11","success":true,"matchIndex":11,"level":"Shard","type":"AppendEntriesReply","version":5}
2026-07-29T01:33:40.477589243Z Node N9 Shard: commiting upto index 11
2026-07-29T01:33:40.477679120Z Sending message to node N0: {"term":1,"senderId":"N9","success":true,"matchIndex":11,"level":"Shard","type":"AppendEntriesReply","version":5}
2026-07-29T01:33:40.478381974Z Shard: leader N0 received: {"term":1,"senderId":"N2","success":true,"matchIndex":11,"level":"Shard","type":"AppendEntriesReply","version":5}
2026-07-29T01:33:40.478557859Z Shard: leader N0 received: {"term":1,"senderId":"N11","success":true,"matchIndex":11,"level":"Shard","type":"AppendEntriesReply","version":5}
2026-07-29T01:33:40.478636221Z Shard: leader N0 received: {"term":1,"senderId":"N9","success":true,"matchIndex":11,"level":"Shard","type":"AppendEntriesReply","version":5}
2026-07-29T01:33:41.479169750Z Shard: Node N0 - Leader sending heartbeats.
2026-07-29T01:33:41.479529264Z Shard: leader node: N0 broadcasting append entries message
2026-07-29T01:33:41.479741410Z Sending message to node N9: {"term":1,"leaderId":"N0","prevLogIndex":11,"prevLogTerm":1,"leaderCommit":11,"level":"Shard","type":"AppendEntries","version":5}
2026-07-29T01:33:41.480598966Z Sending message to node N2: {"term":1,"leaderId":"N0","prevLogIndex":11,"prevLogTerm":1,"leaderCommit":11,"level":"Shard","type":"AppendEntries","version":5}
2026-07-29T01:33:41.481235948Z Sending message to node N11: {"term":1,"leaderId":"N0","prevLogIndex":11,"prevLogTerm":1,"leaderCommit":11,"level":"Shard","type":"AppendEntries","version":5}
2026-07-29T01:33:41.482282316Z Shard: follower N9 received: {"term":1,"leaderId":"N0","prevLogIndex":11,"prevLogTerm":1,"leaderCommit":11,"level":"Shard","type":"AppendEntries","version":5}
2026-07-29T01:33:41.482586412Z Node N9 Shard: commiting upto index 11
2026-07-29T01:33:41.482748061Z Sending message to node N0: {"term":1,"senderId":"N9","success":true,"matchIndex":11,"level":"Shard","type":"AppendEntriesReply","version":5}
2026-07-29T01:33:41.483969070Z Shard: leader N0 received: {"term":1,"senderId":"N9","success":true,"matchIndex":11,"level":"Shard","type":"AppendEntriesReply","version":5}
2026-07-29T01:33:41.483965755Z Shard: follower N2 received: {"term":1,"leaderId":"N0","prevLogIndex":11,"prevLogTerm":1,"leaderCommit":11,"level":"Shard","type":"AppendEntries","version":5}
2026-07-29T01:33:41.484235999Z Node N2 Shard: commiting upto index 11
2026-07-29T01:33:41.484624176Z Sending message to node N0: {"term":1,"senderId":"N2","success":true,"matchIndex":11,"level":"Shard","type":"AppendEntriesReply","version":5}
2026-07-29T01:33:41.484502940Z Shard: follower N11 received: {"term":1,"leaderId":"N0","prevLogIndex":11,"prevLogTerm":1,"leaderCommit":11,"level":"Shard","type":"AppendEntries","version":5}
2026-07-29T01:33:41.485341202Z Node N11 Shard: commiting upto index 11
2026-07-29T01:33:41.485583739Z Shard: leader N0 received: {"term":1,"senderId":"N2","success":true,"matchIndex":11,"level":"Shard","type":"AppendEntriesReply","version":5}
2026-07-29T01:33:41.485867098Z Sending message to node N0: {"term":1,"senderId":"N11","success":true,"matchIndex":11,"level":"Shard","type":"AppendEntriesReply","version":5}
2026-07-29T01:33:41.487597052Z Shard: leader N0 received: {"term":1,"senderId":"N11","success":true,"matchIndex":11,"level":"Shard","type":"AppendEntriesReply","version":5}
2026-07-29T01:33:42.488094566Z Shard: Node N0 - Leader sending heartbeats.
2026-07-29T01:33:42.488570089Z Shard: leader node: N0 broadcasting append entries message
2026-07-29T01:33:42.488753383Z Sending message to node N9: {"term":1,"leaderId":"N0","prevLogIndex":11,"prevLogTerm":1,"leaderCommit":11,"level":"Shard","type":"AppendEntries","version":5}
2026-07-29T01:33:42.489525030Z Sending message to node N2: {"term":1,"leaderId":"N0","prevLogIndex":11,"prevLogTerm":1,"leaderCommit":11,"level":"Shard","type":"AppendEntries","version":5}
2026-07-29T01:33:42.489938118Z Sending message to node N11: {"term":1,"leaderId":"N0","prevLogIndex":11,"prevLogTerm":1,"leaderCommit":11,"level":"Shard","type":"AppendEntries","version":5}
2026-07-29T01:33:42.491420025Z Shard: follower N2 received: {"term":1,"leaderId":"N0","prevLogIndex":11,"prevLogTerm":1,"leaderCommit":11,"level":"Shard","type":"AppendEntries","version":5}
2026-07-29T01:33:42.491541627Z Shard: follower N9 received: {"term":1,"leaderId":"N0","prevLogIndex":11,"prevLogTerm":1,"leaderCommit":11,"level":"Shard","type":"AppendEntries","version":5}
2026-07-29T01:33:42.491674296Z Node N2 Shard: commiting upto index 11
2026-07-29T01:33:42.491730583Z Node N9 Shard: commiting upto index 11
2026-07-29T01:33:42.491807179Z Sending message to node N0: {"term":1,"senderId":"N2","success":true,"matchIndex":11,"level":"Shard","type":"AppendEntriesReply","version":5}
2026-07-29T01:33:42.491837674Z Sending message to node N0: {"term":1,"senderId":"N9","success":true,"matchIndex":11,"level":"Shard","type":"AppendEntriesReply","version":5}
2026-07-29T01:33:42.493034385Z Shard: leader N0 received: {"term":1,"senderId":"N2","success":true,"matchIndex":11,"level":"Shard","type":"AppendEntriesReply","version":5}
2026-07-29T01:33:42.492833346Z Shard: follower N11 received: {"term":1,"leaderId":"N0","prevLogIndex":11,"prevLogTerm":1,"leaderCommit":11,"level":"Shard","type":"AppendEntries","version":5}
2026-07-29T01:33:42.493193380Z Shard: leader N0 received: {"term":1,"senderId":"N9","success":true,"matchIndex":11,"level":"Shard","type":"AppendEntriesReply","version":5}
2026-07-29T01:33:42.493259419Z Node N11 Shard: commiting upto index 11
2026-07-29T01:33:42.493460320Z Sending message to node N0: {"term":1,"senderId":"N11","success":true,"matchIndex":11,"level":"Shard","type":"AppendEntriesReply","version":5}
2026-07-29T01:33:42.494387070Z Shard: leader N0 received: {"term":1,"senderId":"N11","success":true,"matchIndex":11,"level":"Shard","type":"AppendEntriesReply","version":5}
